territory_id,name,region_name,mo_type,type,stability
1,городской округ город Майкоп,Республика Адыгея,городской округ,5,0.9583333333333334
2,городской округ город Адыгейск,Республика Адыгея,городской округ,2,0.75
3,Гиагинский муниципальный район,Республика Адыгея,муниципальный район,1,0.625
4,Кошехабльский муниципальный район,Республика Адыгея,муниципальный район,6,0.4166666666666667
5,Красногвардейский муниципальный район,Республика Адыгея,муниципальный район,2,0.6666666666666666
6,Майкопский муниципальный район,Республика Адыгея,муниципальный район,6,0.5
7,Тахтамукайский муниципальный район,Республика Адыгея,муниципальный район,5,0.9583333333333334
8,Теучежский муниципальный район,Республика Адыгея,муниципальный район,5,0.5416666666666666
9,Шовгеновский муниципальный район,Республика Адыгея,муниципальный район,6,0.625
10,городской округ город Горно-Алтайск,Республика Алтай,городской округ,6,0.7083333333333334
11,Кош-Агачский муниципальный район,Республика Алтай,муниципальный район,6,0.9166666666666666
12,Майминский муниципальный район,Республика Алтай,муниципальный район,6,0.8333333333333334
13,Онгудайский муниципальный район,Республика Алтай,муниципальный район,6,0.9166666666666666
14,Турочакский муниципальный район,Республика Алтай,муниципальный район,6,0.625
15,Улаганский муниципальный район,Республика Алтай,муниципальный район,6,0.9166666666666666
16,Усть-Канский муниципальный район,Республика Алтай,муниципальный район,6,0.9166666666666666
17,Усть-Коксинский муниципальный район,Республика Алтай,муниципальный район,6,0.9166666666666666
18,Чемальский муниципальный район,Республика Алтай,муниципальный район,6,0.7083333333333334
19,Чойский муниципальный район,Республика Алтай,муниципальный район,1,0.4583333333333333
20,Шебалинский муниципальный район,Республика Алтай,муниципальный район,6,0.875
21,городской округ город Уфа,Республика Башкортостан,городской округ,5,0.9583333333333334
22,городской округ город Агидель,Республика Башкортостан,городской округ,0,0.5833333333333334
23,городской округ город Кумертау,Республика Башкортостан,городской округ,5,0.9583333333333334
25,городской округ город Нефтекамск,Республика Башкортостан,городской округ,5,0.9583333333333334
26,городской округ город Октябрьский,Республика Башкортостан,городской округ,5,0.9583333333333334
27,городской округ город Салават,Республика Башкортостан,городской округ,5,0.9583333333333334
28,городской округ город Сибай,Республика Башкортостан,городской округ,5,0.9583333333333334
29,городской округ город Стерлитамак,Республика Башкортостан,городской округ,5,0.9583333333333334
30,Абзелиловский муниципальный район,Республика Башкортостан,муниципальный район,6,0.75
31,Альшеевский муниципальный район,Республика Башкортостан,муниципальный район,0,0.7083333333333334
32,Архангельский муниципальный район,Республика Башкортостан,муниципальный район,0,0.9583333333333334
33,Аскинский муниципальный район,Республика Башкортостан,муниципальный район,0,0.7916666666666666
34,Аургазинский муниципальный район,Республика Башкортостан,муниципальный район,0,0.6666666666666666
35,Баймакский муниципальный район,Республика Башкортостан,муниципальный район,6,0.5416666666666666
36,Бакалинский муниципальный район,Республика Башкортостан,муниципальный район,0,0.9583333333333334
37,Балтачевский муниципальный район,Республика Башкортостан,муниципальный район,0,0.5833333333333334
38,Белебеевский муниципальный район,Республика Башкортостан,муниципальный район,5,0.9583333333333334
39,Белокатайский муниципальный район,Республика Башкортостан,муниципальный район,6,0.625
40,Белорецкий муниципальный район,Республика Башкортостан,муниципальный район,5,0.625
41,Бижбулякский муниципальный район,Республика Башкортостан,муниципальный район,0,0.8333333333333334
42,Бирский муниципальный район,Республика Башкортостан,муниципальный район,5,0.9583333333333334
43,Благоварский муниципальный район,Республика Башкортостан,муниципальный район,0,0.9583333333333334
44,Благовещенский муниципальный район,Республика Башкортостан,муниципальный район,5,0.9166666666666666
45,Буздякский муниципальный район,Республика Башкортостан,муниципальный район,0,0.6666666666666666
46,Бураевский муниципальный район,Республика Башкортостан,муниципальный район,6,0.5
47,Бурзянский муниципальный район,Республика Башкортостан,муниципальный район,6,0.8333333333333334
48,Гафурийский муниципальный район,Республика Башкортостан,муниципальный район,0,0.5833333333333334
49,Давлекановский муниципальный район,Республика Башкортостан,муниципальный район,0,0.7083333333333334
50,Дуванский муниципальный район,Республика Башкортостан,муниципальный район,6,0.6666666666666666
51,Дюртюлинский муниципальный район,Республика Башкортостан,муниципальный район,5,0.9583333333333334
52,Ермекеевский муниципальный район,Республика Башкортостан,муниципальный район,0,0.875
53,Зианчуринский муниципальный район,Республика Башкортостан,муниципальный район,6,0.8333333333333334
54,Зилаирский муниципальный район,Республика Башкортостан,муниципальный район,6,0.875
55,Иглинский муниципальный район,Республика Башкортостан,муниципальный район,6,0.8333333333333334
56,Илишевский муниципальный район,Республика Башкортостан,муниципальный район,0,0.8333333333333334
57,Ишимбайский муниципальный район,Республика Башкортостан,муниципальный район,5,0.9583333333333334
58,Калтасинский муниципальный район,Республика Башкортостан,муниципальный район,0,0.9583333333333334
59,Караидельский муниципальный район,Республика Башкортостан,муниципальный район,6,0.6666666666666666
60,Кармаскалинский муниципальный район,Республика Башкортостан,муниципальный район,6,0.5416666666666666
61,Кигинский муниципальный район,Республика Башкортостан,муниципальный район,0,0.625
62,Краснокамский муниципальный район,Республика Башкортостан,муниципальный район,6,0.625
63,Кугарчинский муниципальный район,Республика Башкортостан,муниципальный район,6,0.75
65,Кушнаренковский муниципальный район,Республика Башкортостан,муниципальный район,0,0.9166666666666666
66,Мелеузовский муниципальный район,Республика Башкортостан,муниципальный район,5,0.9583333333333334
67,Мечетлинский муниципальный район,Республика Башкортостан,муниципальный район,6,0.5833333333333334
68,Мишкинский муниципальный район,Республика Башкортостан,муниципальный район,0,0.9166666666666666
69,Миякинский муниципальный район,Республика Башкортостан,муниципальный район,0,0.5
70,Нуримановский муниципальный район,Республика Башкортостан,муниципальный район,0,0.875
71,Салаватский муниципальный район,Республика Башкортостан,муниципальный район,6,0.7916666666666666
72,Стерлибашевский муниципальный район,Республика Башкортостан,муниципальный район,0,0.7083333333333334
73,Стерлитамакский муниципальный район,Республика Башкортостан,муниципальный район,5,0.9583333333333334
74,Татышлинский муниципальный район,Республика Башкортостан,муниципальный район,6,0.7083333333333334
75,Туймазинский муниципальный район,Республика Башкортостан,муниципальный район,5,0.9583333333333334
76,Уфимский муниципальный район,Республика Башкортостан,муниципальный район,3,0.7916666666666666
77,Учалинский муниципальный район,Республика Башкортостан,муниципальный район,5,0.9583333333333334
78,Федоровский муниципальный район,Республика Башкортостан,муниципальный район,0,0.9166666666666666
79,Хайбуллинский муниципальный район,Республика Башкортостан,муниципальный район,6,0.7916666666666666
80,Чекмагушевский муниципальный район,Республика Башкортостан,муниципальный район,0,0.75
81,Чишминский муниципальный район,Республика Башкортостан,муниципальный район,5,0.625
82,Шаранский муниципальный район,Республика Башкортостан,муниципальный район,0,0.9166666666666666
83,Янаульский муниципальный район,Республика Башкортостан,муниципальный район,5,0.8333333333333334
167,городской округ Нальчик,Кабардино-Балкарская Республика,городской округ,5,0.9583333333333334
168,городской округ Баксан,Кабардино-Балкарская Республика,городской округ,5,0.7083333333333334
169,городской округ Прохладный,Кабардино-Балкарская Республика,городской округ,2,0.9583333333333334
173,Майский муниципальный район,Кабардино-Балкарская Республика,муниципальный район,2,1.0
181,Городовиковский муниципальный район,Республика Калмыкия,муниципальный район,2,0.9583333333333334
184,Лаганский муниципальный район,Республика Калмыкия,муниципальный район,1,0.625
185,Малодербетовский муниципальный район,Республика Калмыкия,муниципальный район,2,0.8333333333333334
188,Сарпинский муниципальный район,Республика Калмыкия,муниципальный район,2,0.875
191,Юстинский муниципальный район,Республика Калмыкия,муниципальный район,6,0.4583333333333333
194,городской округ Черкесский,Карачаево-Черкесская Республика,городской округ,5,0.9583333333333334
195,городской округ Карачаевский,Карачаево-Черкесская Республика,городской округ,2,1.0
196,Абазинский муниципальный район,Карачаево-Черкесская Республика,муниципальный район,5,0.875
198,Зеленчукский муниципальный район,Карачаево-Черкесская Республика,муниципальный район,2,0.9583333333333334
201,Ногайский муниципальный район,Карачаево-Черкесская Республика,муниципальный район,5,0.75
203,Урупский муниципальный район,Карачаево-Черкесская Республика,муниципальный район,2,0.7083333333333334
204,Усть-Джегутинский муниципальный район,Карачаево-Черкесская Республика,муниципальный район,2,0.5416666666666666
205,Хабезский муниципальный район,Карачаево-Черкесская Республика,муниципальный район,5,0.7083333333333334
206,городской округ Петрозаводский,Республика Карелия,городской округ,5,0.75
207,городской округ Костомукшский,Республика Карелия,городской округ,4,0.9583333333333334
208,Беломорский муниципальный округ,Республика Карелия,муниципальный округ,4,0.5416666666666666
209,Калевальский муниципальный район,Республика Карелия,муниципальный район,6,0.5833333333333334
210,Кемский муниципальный район,Республика Карелия,муниципальный район,1,1.0
211,Кондопожский муниципальный район,Республика Карелия,муниципальный район,1,0.5416666666666666
212,Лахденпохский муниципальный район,Республика Карелия,муниципальный район,1,0.9583333333333334
213,Лоухский муниципальный район,Республика Карелия,муниципальный район,1,1.0
214,Медвежьегорский муниципальный район,Республика Карелия,муниципальный район,1,1.0
215,Муезерский муниципальный район,Республика Карелия,муниципальный район,1,0.875
216,Олонецкий муниципальный район,Республика Карелия,муниципальный район,1,1.0
217,Питкярантский муниципальный округ,Республика Карелия,муниципальный округ,1,1.0
218,Прионежский муниципальный район,Республика Карелия,муниципальный район,3,0.5
219,Пряжинский муниципальный район,Республика Карелия,муниципальный район,1,1.0
220,Пудожский муниципальный район,Республика Карелия,муниципальный район,1,0.4583333333333333
221,Сегежский муниципальный округ,Республика Карелия,муниципальный округ,4,0.5416666666666666
222,Сортавальский муниципальный район,Республика Карелия,муниципальный район,4,0.9583333333333334
223,Суоярвский муниципальный округ,Республика Карелия,муниципальный округ,1,1.0
224,городской округ Сыктывкар,Республика Коми,городской округ,4,0.8333333333333334
225,городской округ Воркута,Республика Коми,городской округ,4,0.9583333333333334
226,муниципальный округ Вуктыл,Республика Коми,муниципальный округ,4,0.9166666666666666
227,городской округ Инта,Республика Коми,городской округ,4,0.9583333333333334
228,муниципальный округ Усинск,Республика Коми,муниципальный округ,4,0.9583333333333334
229,городской округ Ухта,Республика Коми,городской округ,4,0.9583333333333334
230,Ижемский муниципальный район,Республика Коми,муниципальный район,4,0.375
231,Княжпогостский муниципальный район,Республика Коми,муниципальный район,1,1.0
232,Койгородский муниципальный район,Республика Коми,муниципальный район,0,0.5833333333333334
233,Корткеросский муниципальный район,Республика Коми,муниципальный район,1,0.7916666666666666
234,муниципальный район Печора,Республика Коми,муниципальный район,4,0.9583333333333334
235,Прилузский муниципальный район,Республика Коми,муниципальный район,1,0.5833333333333334
236,муниципальный район Сосногорск,Республика Коми,муниципальный район,4,0.7916666666666666
237,Сыктывдинский муниципальный район,Республика Коми,муниципальный район,4,0.9166666666666666
238,Сысольский муниципальный район,Республика Коми,муниципальный район,0,0.5833333333333334
239,Троицко-Печорский муниципальный район,Республика Коми,муниципальный район,1,0.9583333333333334
240,Удорский муниципальный район,Республика Коми,муниципальный район,1,0.625
241,Усть-Вымский муниципальный район,Республика Коми,муниципальный район,1,0.9166666666666666
242,Усть-Куломский муниципальный район,Республика Коми,муниципальный район,0,0.875
243,Усть-Цилемский муниципальный район,Республика Коми,муниципальный район,4,0.4166666666666667
269,городской округ город Йошкар-Ола,Республика Марий Эл,городской округ,5,0.9583333333333334
270,городской округ город Волжск,Республика Марий Эл,городской округ,1,0.875
271,городской округ город Козьмодемьянск,Республика Марий Эл,городской округ,1,0.9583333333333334
272,Волжский муниципальный район,Республика Марий Эл,муниципальный район,0,0.5833333333333334
273,Горномарийский муниципальный район,Республика Марий Эл,муниципальный район,0,0.9166666666666666
274,Звениговский муниципальный район,Республика Марий Эл,муниципальный район,0,0.7083333333333334
275,Килемарский муниципальный район,Республика Марий Эл,муниципальный район,1,0.5416666666666666
276,Куженерский муниципальный район,Республика Марий Эл,муниципальный район,0,0.9583333333333334
277,Мари-Турекский муниципальный район,Республика Марий Эл,муниципальный район,0,1.0
278,Медведевский муниципальный район,Республика Марий Эл,муниципальный район,5,0.9583333333333334
279,Моркинский муниципальный район,Республика Марий Эл,муниципальный район,0,1.0
280,Новоторъяльский муниципальный район,Республика Марий Эл,муниципальный район,1,0.625
281,Оршанский муниципальный район,Республика Марий Эл,муниципальный район,0,0.875
282,Параньгинский муниципальный район,Республика Марий Эл,муниципальный район,0,0.9583333333333334
283,Сернурский муниципальный район,Республика Марий Эл,муниципальный район,0,0.8333333333333334
284,Советский муниципальный район,Республика Марий Эл,муниципальный район,1,0.5
285,Юринский муниципальный район,Республика Марий Эл,муниципальный район,0,0.75
287,Ардатовский муниципальный район,Республика Мордовия,муниципальный район,2,0.9583333333333334
288,Атюрьевский муниципальный район,Республика Мордовия,муниципальный район,2,1.0
289,Атяшевский муниципальный район,Республика Мордовия,муниципальный район,2,0.9583333333333334
290,Большеберезниковский муниципальный район,Республика Мордовия,муниципальный район,2,0.5416666666666666
292,Дубенский муниципальный район,Республика Мордовия,муниципальный район,2,0.7083333333333334
293,Ельниковский муниципальный район,Республика Мордовия,муниципальный район,2,1.0
294,Зубово-Полянский муниципальный район,Республика Мордовия,муниципальный район,2,0.9583333333333334
295,Инсарский муниципальный район,Республика Мордовия,муниципальный район,2,0.9166666666666666
296,Ичалковский муниципальный район,Республика Мордовия,муниципальный район,2,0.8333333333333334
297,Кадошкинский муниципальный район,Республика Мордовия,муниципальный район,2,0.9166666666666666
298,Ковылкинский муниципальный район,Республика Мордовия,муниципальный район,2,1.0
300,Краснослободский муниципальный район,Республика Мордовия,муниципальный район,2,0.9166666666666666
301,Лямбирский муниципальный район,Республика Мордовия,муниципальный район,6,0.5416666666666666
302,Ромодановский муниципальный район,Республика Мордовия,муниципальный район,2,0.875
303,Рузаевский муниципальный район,Республика Мордовия,муниципальный район,2,0.5416666666666666
304,Старошайговский муниципальный район,Республика Мордовия,муниципальный район,0,0.4583333333333333
305,Темниковский муниципальный район,Республика Мордовия,муниципальный район,2,1.0
306,Теньгушевский муниципальный район,Республика Мордовия,муниципальный район,2,1.0
307,Торбеевский муниципальный район,Республика Мордовия,муниципальный район,2,0.9166666666666666
308,Чамзинский муниципальный район,Республика Мордовия,муниципальный район,2,0.9583333333333334
309,городской округ город Якутск,Республика Саха (Якутия),городской округ,4,1.0
312,Алданский муниципальный район,Республика Саха (Якутия),муниципальный район,4,1.0
314,Амгинский муниципальный район,Республика Саха (Якутия),муниципальный район,4,0.7916666666666666
316,Булунский муниципальный район,Республика Саха (Якутия),муниципальный район,4,1.0
317,Верхневилюйский муниципальный район,Республика Саха (Якутия),муниципальный район,4,0.8333333333333334
318,Верхнеколымский муниципальный район,Республика Саха (Якутия),муниципальный район,4,1.0
319,Верхоянский муниципальный район,Республика Саха (Якутия),муниципальный район,4,1.0
320,Вилюйский муниципальный район,Республика Саха (Якутия),муниципальный район,4,0.9583333333333334
321,Горный муниципальный район,Республика Саха (Якутия),муниципальный район,4,0.75
323,Кобяйский муниципальный район,Республика Саха (Якутия),муниципальный район,4,1.0
324,Нюрбинский муниципальный район,Республика Саха (Якутия),муниципальный район,4,0.875
325,Ленский муниципальный район,Республика Саха (Якутия),муниципальный район,4,1.0
326,Мегино-Кангаласский муниципальный район,Республика Саха (Якутия),муниципальный район,4,0.7916666666666666
327,Мирнинский муниципальный район,Республика Саха (Якутия),муниципальный район,4,1.0
329,Намский муниципальный район,Республика Саха (Якутия),муниципальный район,4,0.75
330,Нерюнгринский муниципальный район,Республика Саха (Якутия),муниципальный район,4,1.0
331,Нижнеколымский муниципальный район,Республика Саха (Якутия),муниципальный район,4,1.0
332,Оймяконский муниципальный район,Республика Саха (Якутия),муниципальный район,4,1.0
333,Олекминский муниципальный район,Республика Саха (Якутия),муниципальный район,4,0.9583333333333334
334,Оленекский эвенкийский национальный муниципальный район,Республика Саха (Якутия),муниципальный район,4,1.0
335,Среднеколымский муниципальный район,Республика Саха (Якутия),муниципальный район,4,1.0
336,Сунтарский муниципальный район,Республика Саха (Якутия),муниципальный район,4,0.8333333333333334
337,Таттинский муниципальный район,Республика Саха (Якутия),муниципальный район,4,0.7083333333333334
338,Томпонский муниципальный район,Республика Саха (Якутия),муниципальный район,4,1.0
339,Усть-Алданский муниципальный район,Республика Саха (Якутия),муниципальный район,4,0.7083333333333334
340,Усть-Майский муниципальный район,Республика Саха (Якутия),муниципальный район,4,1.0
341,Усть-Янский муниципальный район,Республика Саха (Якутия),муниципальный район,4,1.0
342,Хангаласский муниципальный район,Республика Саха (Якутия),муниципальный район,4,0.875
343,Чурапчинский муниципальный район,Республика Саха (Якутия),муниципальный район,4,0.7083333333333334
345,городской округ город Владикавказ,Республика Северная Осетия — Алания,городской округ,5,0.9583333333333334
346,Алагирский муниципальный район,Республика Северная Осетия — Алания,муниципальный район,5,0.9583333333333334
347,Ардонский муниципальный район,Республика Северная Осетия — Алания,муниципальный район,5,0.7083333333333334
348,Дигорский муниципальный район,Республика Северная Осетия — Алания,муниципальный район,5,0.5833333333333334
349,Ирафский муниципальный район,Республика Северная Осетия — Алания,муниципальный район,2,0.625
351,Моздокский муниципальный район,Республика Северная Осетия — Алания,муниципальный район,5,0.7083333333333334
352,Правобережный муниципальный район,Республика Северная Осетия — Алания,муниципальный район,5,0.9166666666666666
354,городской округ город Казань,Республика Татарстан,городской округ,5,0.9583333333333334
355,городской округ город Набережные Челны,Республика Татарстан,городской округ,5,0.9583333333333334
356,Агрызский муниципальный район,Республика Татарстан,муниципальный район,0,0.7916666666666666
357,Азнакаевский муниципальный район,Республика Татарстан,муниципальный район,6,0.5416666666666666
358,Аксубаевский муниципальный район,Республика Татарстан,муниципальный район,0,0.875
359,Актанышский муниципальный район,Республика Татарстан,муниципальный район,0,0.9583333333333334
360,Алексеевский муниципальный район,Республика Татарстан,муниципальный район,1,1.0
361,Алькеевский муниципальный район,Республика Татарстан,муниципальный район,0,0.7916666666666666
362,Альметьевский муниципальный район,Республика Татарстан,муниципальный район,5,0.9583333333333334
363,Апастовский муниципальный район,Республика Татарстан,муниципальный район,0,0.8333333333333334
364,Арский муниципальный район,Республика Татарстан,муниципальный район,6,0.5
365,Атнинский муниципальный район,Республика Татарстан,муниципальный район,0,1.0
366,Бавлинский муниципальный район,Республика Татарстан,муниципальный район,0,0.7916666666666666
367,Балтасинский муниципальный район,Республика Татарстан,муниципальный район,0,0.6666666666666666
368,Бугульминский муниципальный район,Республика Татарстан,муниципальный район,5,0.9583333333333334
369,Буинский муниципальный район,Республика Татарстан,муниципальный район,0,0.5833333333333334
370,Верхнеуслонский муниципальный район,Республика Татарстан,муниципальный район,1,0.5833333333333334
371,Высокогорский муниципальный район,Республика Татарстан,муниципальный район,6,0.5833333333333334
372,Дрожжановский муниципальный район,Республика Татарстан,муниципальный район,0,0.4583333333333333
373,Елабужский муниципальный район,Республика Татарстан,муниципальный район,5,0.9583333333333334
374,Заинский муниципальный район,Республика Татарстан,муниципальный район,5,0.4583333333333333
375,Зеленодольский муниципальный район,Республика Татарстан,муниципальный район,5,0.9583333333333334
376,Кайбицкий муниципальный район,Республика Татарстан,муниципальный район,0,0.875
377,Камско-Устьинский муниципальный район,Республика Татарстан,муниципальный район,1,0.625
378,Кукморский муниципальный район,Республика Татарстан,муниципальный район,6,0.5416666666666666
379,Лаишевский муниципальный район,Республика Татарстан,муниципальный район,5,0.9583333333333334
380,Лениногорский муниципальный район,Республика Татарстан,муниципальный район,5,0.9583333333333334
381,Мамадышский муниципальный район,Республика Татарстан,муниципальный район,0,1.0
382,Менделеевский муниципальный район,Республика Татарстан,муниципальный район,0,0.5
383,Мензелинский муниципальный район,Республика Татарстан,муниципальный район,0,0.8333333333333334
384,Муслюмовский муниципальный район,Республика Татарстан,муниципальный район,0,0.9583333333333334
385,Нижнекамский муниципальный район,Республика Татарстан,муниципальный район,5,0.9583333333333334
386,Новошешминский муниципальный район,Республика Татарстан,муниципальный район,0,0.75
387,Нурлатский муниципальный район,Республика Татарстан,муниципальный район,0,0.7916666666666666
388,Пестречинский муниципальный район,Республика Татарстан,муниципальный район,5,0.6666666666666666
390,Сабинский муниципальный район,Республика Татарстан,муниципальный район,0,0.625
391,Сармановский муниципальный район,Республика Татарстан,муниципальный район,0,0.9166666666666666
392,Спасский муниципальный район,Республика Татарстан,муниципальный район,2,0.5416666666666666
393,Тетюшский муниципальный район,Республика Татарстан,муниципальный район,2,0.4166666666666667
395,Тюлячинский муниципальный район,Республика Татарстан,муниципальный район,0,0.625
396,Черемшанский муниципальный район,Республика Татарстан,муниципальный район,0,0.625
397,Чистопольский муниципальный район,Республика Татарстан,муниципальный район,6,0.8333333333333334
398,Ютазинский муниципальный район,Республика Татарстан,муниципальный район,0,0.9166666666666666
401,Бай-Тайгинский муниципальный район,Республика Тыва,муниципальный район,6,0.8333333333333334
402,Барун-Хемчикский муниципальный район,Республика Тыва,муниципальный район,6,0.9166666666666666
403,Дзун-Хемчикский муниципальный район,Республика Тыва,муниципальный район,6,0.9166666666666666
404,Каа-Хемский муниципальный район,Республика Тыва,муниципальный район,6,0.5416666666666666
405,Кызылский муниципальный район,Республика Тыва,муниципальный район,6,0.875
408,Пий-Хемский муниципальный район,Республика Тыва,муниципальный район,0,0.375
410,Тандинский муниципальный район,Республика Тыва,муниципальный район,6,0.875
413,Тоджинский муниципальный район,Республика Тыва,муниципальный район,6,0.7083333333333334
414,Улуг-Хемский муниципальный район,Республика Тыва,муниципальный район,6,0.875
416,Чеди-Хольский муниципальный район,Республика Тыва,муниципальный район,6,0.875
418,городской округ город Ижевск,Удмуртская Республика,городской округ,5,0.9583333333333334
419,городской округ город Воткинск,Удмуртская Республика,городской округ,5,0.9583333333333334
420,городской округ город Глазов,Удмуртская Республика,городской округ,5,0.9583333333333334
421,городской округ город Можга,Удмуртская Республика,городской округ,5,0.5833333333333334
422,городской округ город Сарапул,Удмуртская Республика,городской округ,5,0.9583333333333334
423,муниципальный округ Алнашский район,Удмуртская Республика,муниципальный округ,0,0.875
424,муниципальный округ Балезинский район,Удмуртская Республика,муниципальный округ,0,1.0
425,муниципальный округ Вавожский район,Удмуртская Республика,муниципальный округ,0,1.0
428,муниципальный округ Граховский район,Удмуртская Республика,муниципальный округ,0,0.9583333333333334
429,муниципальный округ Дебёсский район,Удмуртская Республика,муниципальный округ,0,1.0
430,муниципальный округ Завьяловский район,Удмуртская Республика,муниципальный округ,5,0.7916666666666666
431,муниципальный округ Игринский район,Удмуртская Республика,муниципальный округ,0,1.0
432,муниципальный округ Камбарский район,Удмуртская Республика,муниципальный округ,0,0.9583333333333334
433,муниципальный округ Каракулинский район,Удмуртская Республика,муниципальный округ,0,0.9583333333333334
434,муниципальный округ Кезский район,Удмуртская Республика,муниципальный округ,0,1.0
435,муниципальный округ Кизнерский район,Удмуртская Республика,муниципальный округ,0,1.0
436,муниципальный округ Киясовский район,Удмуртская Республика,муниципальный округ,0,0.9166666666666666
437,муниципальный округ Красногорский район,Удмуртская Республика,муниципальный округ,0,1.0
438,муниципальный округ Малопургинский район,Удмуртская Республика,муниципальный округ,0,0.9166666666666666
440,муниципальный округ Сарапульский район,Удмуртская Республика,муниципальный округ,0,0.4583333333333333
441,муниципальный округ Селтинский район,Удмуртская Республика,муниципальный округ,0,0.9583333333333334
442,муниципальный округ Сюмсинский район,Удмуртская Республика,муниципальный округ,0,1.0
443,муниципальный округ Увинский район,Удмуртская Республика,муниципальный округ,0,0.8333333333333334
444,муниципальный округ Шарканский район,Удмуртская Республика,муниципальный округ,0,1.0
445,муниципальный округ Юкаменский район,Удмуртская Республика,муниципальный округ,0,1.0
446,муниципальный округ Якшур-Бодьинский район,Удмуртская Республика,муниципальный округ,0,1.0
447,муниципальный округ Ярский район,Удмуртская Республика,муниципальный округ,0,1.0
448,городской округ город Абакан,Республика Хакасия,городской округ,5,0.9583333333333334
449,городской округ город Абаза,Республика Хакасия,городской округ,1,0.875
450,городской округ город Саяногорск,Республика Хакасия,городской округ,4,0.875
451,городской округ город Сорск,Республика Хакасия,городской округ,1,1.0
452,городской округ город Черногорск,Республика Хакасия,городской округ,4,0.5
453,Алтайский муниципальный район,Республика Хакасия,муниципальный район,6,0.8333333333333334
455,Бейский муниципальный район,Республика Хакасия,муниципальный район,6,0.8333333333333334
456,Боградский муниципальный район,Республика Хакасия,муниципальный район,0,0.9166666666666666
457,Орджоникидзевский муниципальный район,Республика Хакасия,муниципальный район,0,0.9166666666666666
458,Таштыпский муниципальный район,Республика Хакасия,муниципальный район,6,0.8333333333333334
459,Усть-Абаканский муниципальный район,Республика Хакасия,муниципальный район,6,0.875
460,Ширинский муниципальный район,Республика Хакасия,муниципальный район,6,0.875
478,городской округ город Чебоксары,Чувашская Республика,городской округ,5,0.9583333333333334
479,городской округ город Алатырь,Чувашская Республика,городской округ,2,0.9583333333333334
480,городской округ город Канаш,Чувашская Республика,городской округ,5,0.5833333333333334
481,городской округ город Новочебоксарск,Чувашская Республика,городской округ,5,0.9583333333333334
482,городской округ город Шумерля,Чувашская Республика,городской округ,2,0.75
484,Аликовский муниципальный округ,Чувашская Республика,муниципальный округ,0,0.9166666666666666
485,Батыревский муниципальный округ,Чувашская Республика,муниципальный округ,0,0.5416666666666666
486,Вурнарский муниципальный округ,Чувашская Республика,муниципальный округ,0,0.9166666666666666
487,Ибресинский муниципальный округ,Чувашская Республика,муниципальный округ,2,0.7083333333333334
489,Козловский муниципальный округ,Чувашская Республика,муниципальный округ,0,0.875
490,Комсомольский муниципальный округ,Чувашская Республика,муниципальный округ,0,0.75
491,Красноармейский муниципальный округ,Чувашская Республика,муниципальный округ,0,0.875
492,Красночетайский муниципальный округ,Чувашская Республика,муниципальный округ,0,0.5
493,Мариинско-Посадский муниципальный округ,Чувашская Республика,муниципальный округ,1,0.8333333333333334
494,Моргаушский муниципальный округ,Чувашская Республика,муниципальный округ,0,0.9166666666666666
495,Порецкий муниципальный округ,Чувашская Республика,муниципальный округ,2,0.9166666666666666
496,Урмарский муниципальный округ,Чувашская Республика,муниципальный округ,0,1.0
497,Цивильский муниципальный округ,Чувашская Республика,муниципальный округ,0,0.9583333333333334
498,Чебоксарский муниципальный округ,Чувашская Республика,муниципальный округ,6,0.625
499,Шемуршинский муниципальный округ,Чувашская Республика,муниципальный округ,0,0.6666666666666666
501,Ядринский муниципальный округ,Чувашская Республика,муниципальный округ,0,1.0
502,Яльчикский муниципальный округ,Чувашская Республика,муниципальный округ,0,0.5833333333333334
503,Янтиковский муниципальный округ,Чувашская Республика,муниципальный округ,0,0.9166666666666666
504,городской округ город Барнаул,Алтайский край,городской округ,5,0.9583333333333334
505,городской округ город Алейск,Алтайский край,городской округ,6,0.75
506,городской округ город Белокуриха,Алтайский край,городской округ,5,0.9166666666666666
507,городской округ город Бийск,Алтайский край,городской округ,6,0.5833333333333334
508,городской округ город Заринск,Алтайский край,городской округ,4,0.4583333333333333
509,городской округ город Новоалтайск,Алтайский край,городской округ,5,0.7916666666666666
510,городской округ город Рубцовск,Алтайский край,городской округ,6,0.625
511,муниципальный округ город Славгород,Алтайский край,муниципальный округ,6,0.75
512,городской округ город Яровое,Алтайский край,городской округ,4,0.5
515,Алтайский муниципальный район,Алтайский край,муниципальный район,6,0.9166666666666666
516,Баевский муниципальный район,Алтайский край,муниципальный район,0,0.5833333333333334
517,Бийский муниципальный район,Алтайский край,муниципальный район,6,0.875
518,Благовещенский муниципальный район,Алтайский край,муниципальный район,0,0.5
519,Бурлинский муниципальный район,Алтайский край,муниципальный район,0,1.0
520,Быстроистокский муниципальный район,Алтайский край,муниципальный район,0,0.7916666666666666
521,Волчихинский муниципальный район,Алтайский край,муниципальный район,0,0.9166666666666666
522,Егорьевский муниципальный район,Алтайский край,муниципальный район,0,0.5833333333333334
523,Ельцовский муниципальный район,Алтайский край,муниципальный район,0,0.3333333333333333
524,Завьяловский муниципальный район,Алтайский край,муниципальный район,0,0.75
525,Залесовский муниципальный округ,Алтайский край,муниципальный округ,0,1.0
527,Змеиногорский муниципальный район,Алтайский край,муниципальный район,0,0.7916666666666666
528,Калманский муниципальный район,Алтайский край,муниципальный район,0,0.9583333333333334
529,Каменский муниципальный район,Алтайский край,муниципальный район,6,0.7083333333333334
530,Ключевский муниципальный район,Алтайский край,муниципальный район,0,0.9583333333333334
531,Косихинский муниципальный район,Алтайский край,муниципальный район,0,1.0
532,Красногорский муниципальный район,Алтайский край,муниципальный район,0,1.0
533,Краснощёковский муниципальный район,Алтайский край,муниципальный район,0,0.9166666666666666
534,Крутихинский муниципальный район,Алтайский край,муниципальный район,0,0.75
535,Кулундинский муниципальный район,Алтайский край,муниципальный район,6,0.8333333333333334
536,Курьинский муниципальный район,Алтайский край,муниципальный район,0,0.9583333333333334
537,Кытмановский муниципальный район,Алтайский край,муниципальный район,0,0.7916666666666666
538,Локтевский муниципальный район,Алтайский край,муниципальный район,0,0.6666666666666666
539,Мамонтовский муниципальный район,Алтайский край,муниципальный район,0,0.9166666666666666
540,Михайловский муниципальный район,Алтайский край,муниципальный район,0,0.9166666666666666
541,Новичихинский муниципальный район,Алтайский край,муниципальный район,0,0.9583333333333334
542,Зональный муниципальный район,Алтайский край,муниципальный район,0,0.9583333333333334
543,Павловский муниципальный район,Алтайский край,муниципальный район,0,1.0
544,Панкрушихинский муниципальный район,Алтайский край,муниципальный район,0,0.875
545,Первомайский муниципальный район,Алтайский край,муниципальный район,0,0.8333333333333334
546,Петропавловский муниципальный район,Алтайский край,муниципальный район,6,0.375
547,Поспелихинский муниципальный район,Алтайский край,муниципальный район,0,0.875
548,Ребрихинский муниципальный район,Алтайский край,муниципальный район,0,1.0
549,Родинский муниципальный район,Алтайский край,муниципальный район,0,1.0
550,Романовский муниципальный район,Алтайский край,муниципальный район,0,0.9166666666666666
552,Смоленский муниципальный район,Алтайский край,муниципальный район,0,0.9583333333333334
553,муниципальный округ Суетский район,Алтайский край,муниципальный округ,0,0.375
554,Советский муниципальный район,Алтайский край,муниципальный район,6,0.625
555,Солонешенский муниципальный район,Алтайский край,муниципальный район,2,0.4583333333333333
556,Солтонский муниципальный район,Алтайский край,муниципальный район,0,1.0
557,Шелаболихинский муниципальный район,Алтайский край,муниципальный район,0,0.9583333333333334
558,Табунский муниципальный район,Алтайский край,муниципальный район,0,0.5416666666666666
559,Тальменский муниципальный район,Алтайский край,муниципальный район,0,1.0
560,Тогульский муниципальный район,Алтайский край,муниципальный район,0,0.9583333333333334
561,Топчихинский муниципальный район,Алтайский край,муниципальный район,0,1.0
562,Третьяковский муниципальный район,Алтайский край,муниципальный район,0,0.4583333333333333
563,Троицкий муниципальный район,Алтайский край,муниципальный район,0,0.5
564,Тюменцевский муниципальный район,Алтайский край,муниципальный район,0,0.9583333333333334
565,Угловский муниципальный район,Алтайский край,муниципальный район,0,0.7916666666666666
566,Усть-Калманский муниципальный район,Алтайский край,муниципальный район,0,0.9583333333333334
567,Усть-Пристанский муниципальный район,Алтайский край,муниципальный район,0,1.0
568,Хабарский муниципальный район,Алтайский край,муниципальный район,0,0.625
569,Целинный муниципальный район,Алтайский край,муниципальный район,0,1.0
570,муниципальный округ Чарышский район,Алтайский край,муниципальный округ,1,0.6666666666666666
571,Шипуновский муниципальный район,Алтайский край,муниципальный район,0,0.9166666666666666
572,Немецкий национальный муниципальный район,Алтайский край,муниципальный район,1,0.7083333333333334
574,городской округ город Петровск-Забайкальский,Забайкальский край,городской округ,4,0.625
578,Балейский муниципальный район,Забайкальский край,муниципальный район,6,0.5
579,Борзинский муниципальный район,Забайкальский край,муниципальный район,4,0.8333333333333334
580,Газимуро-Заводский муниципальный округ,Забайкальский край,муниципальный округ,4,0.5
581,Забайкальский муниципальный район,Забайкальский край,муниципальный район,4,0.75
582,Каларский муниципальный округ,Забайкальский край,муниципальный округ,4,1.0
583,Калганский муниципальный округ,Забайкальский край,муниципальный округ,6,0.8333333333333334
584,Карымский муниципальный район,Забайкальский край,муниципальный район,4,0.7083333333333334
585,муниципальный район Город Краснокаменск и Краснокаменский район,Забайкальский край,муниципальный район,4,1.0
586,Красночикойский муниципальный район,Забайкальский край,муниципальный район,6,0.9166666666666666
587,Кыринский муниципальный район,Забайкальский край,муниципальный район,4,0.6666666666666666
588,Могочинский муниципальный округ,Забайкальский край,муниципальный округ,4,1.0
589,Нерчинский муниципальный район,Забайкальский край,муниципальный район,6,0.75
591,Оловяннинский муниципальный район,Забайкальский край,муниципальный район,6,0.4583333333333333
592,Ононский муниципальный округ,Забайкальский край,муниципальный округ,6,0.75
593,Петровск-Забайкальский муниципальный район,Забайкальский край,муниципальный район,6,0.9166666666666666
594,Приаргунский муниципальный округ,Забайкальский край,муниципальный округ,6,0.5416666666666666
595,Сретенский муниципальный район,Забайкальский край,муниципальный район,6,0.625
598,Улётовский муниципальный район,Забайкальский край,муниципальный район,6,0.6666666666666666
599,Хилокский муниципальный район,Забайкальский край,муниципальный район,6,0.7083333333333334
600,Чернышевский муниципальный район,Забайкальский край,муниципальный район,4,0.875
601,Читинский муниципальный район,Забайкальский край,муниципальный район,6,0.9166666666666666
602,Шелопугинский муниципальный район,Забайкальский край,муниципальный район,6,0.5416666666666666
603,Шилкинский муниципальный район,Забайкальский край,муниципальный район,4,0.7083333333333334
604,городской округ поселок Агинское,Забайкальский край,городской округ,6,0.7916666666666666
605,Агинский муниципальный район,Забайкальский край,муниципальный район,6,0.875
606,Дульдургинский муниципальный район,Забайкальский край,муниципальный район,6,0.875
607,Могойтуйский муниципальный район,Забайкальский край,муниципальный район,6,0.9166666666666666
608,городской округ Петропавловск-Камчатский,Камчатский край,городской округ,4,0.875
612,Елизовский муниципальный район,Камчатский край,муниципальный район,4,0.875
613,Мильковский муниципальный округ,Камчатский край,муниципальный округ,4,1.0
614,Соболевский муниципальный район,Камчатский край,муниципальный район,4,1.0
615,Усть-Большерецкий муниципальный район,Камчатский край,муниципальный район,4,1.0
616,Усть-Камчатский муниципальный район,Камчатский край,муниципальный район,4,1.0
618,Карагинский муниципальный район,Камчатский край,муниципальный район,4,1.0
619,Олюторский муниципальный район,Камчатский край,муниципальный район,4,1.0
621,Тигильский муниципальный район,Камчатский край,муниципальный район,4,1.0
666,городской округ город Красноярск,Красноярский край,городской округ,5,0.9583333333333334
667,городской округ город Ачинск,Красноярский край,городской округ,4,0.9166666666666666
668,городской округ город Боготол,Красноярский край,городской округ,1,0.8333333333333334
669,городской округ город Бородино,Красноярский край,городской округ,4,0.7916666666666666
670,городской округ город Дивногорск,Красноярский край,городской округ,4,0.9583333333333334
671,городской округ город Енисейск,Красноярский край,городской округ,4,0.9583333333333334
674,городской округ город Канск,Красноярский край,городской округ,4,0.8333333333333334
675,городской округ город Лесосибирск,Красноярский край,городской округ,4,0.9583333333333334
676,городской округ город Минусинск,Красноярский край,городской округ,5,0.5416666666666666
677,городской округ город Назарово,Красноярский край,городской округ,4,0.625
678,городской округ город Норильск,Красноярский край,городской округ,4,0.9583333333333334
679,городской округ город Сосновоборск,Красноярский край,городской округ,5,0.6666666666666666
680,городской округ город Шарыпово,Красноярский край,городской округ,4,0.8333333333333334
683,Абанский муниципальный район,Красноярский край,муниципальный район,0,0.5416666666666666
685,Балахтинский муниципальный район,Красноярский край,муниципальный район,6,0.75
686,Березовский муниципальный район,Красноярский край,муниципальный район,6,0.5416666666666666
687,Бирилюсский муниципальный район,Красноярский край,муниципальный район,0,0.5
689,Богучанский муниципальный район,Красноярский край,муниципальный район,4,0.875
690,Большемуртинский муниципальный район,Красноярский край,муниципальный район,0,1.0
691,Большеулуйский муниципальный район,Красноярский край,муниципальный район,1,0.75
692,Дзержинский муниципальный район,Красноярский край,муниципальный район,0,0.5
693,Емельяновский муниципальный район,Красноярский край,муниципальный район,5,0.5416666666666666
694,Енисейский муниципальный район,Красноярский край,муниципальный район,1,0.5416666666666666
695,Ермаковский муниципальный район,Красноярский край,муниципальный район,1,0.4166666666666667
696,Идринский муниципальный район,Красноярский край,муниципальный район,0,0.8333333333333334
697,Иланский муниципальный район,Красноярский край,муниципальный район,1,1.0
698,Ирбейский муниципальный район,Красноярский край,муниципальный район,6,0.7916666666666666
699,Казачинский муниципальный район,Красноярский край,муниципальный район,0,0.625
701,Каратузский муниципальный район,Красноярский край,муниципальный район,6,0.6666666666666666
702,Кежемский муниципальный район,Красноярский край,муниципальный район,4,0.9583333333333334
703,Козульский муниципальный район,Красноярский край,муниципальный район,0,0.6666666666666666
704,Краснотуранский муниципальный район,Красноярский край,муниципальный район,0,0.8333333333333334
705,Курагинский муниципальный район,Красноярский край,муниципальный район,1,0.7083333333333334
706,Манский муниципальный район,Красноярский край,муниципальный район,0,0.6666666666666666
708,Мотыгинский муниципальный район,Красноярский край,муниципальный район,4,0.6666666666666666
710,Нижнеингашский муниципальный район,Красноярский край,муниципальный район,1,0.75
711,Новоселовский муниципальный район,Красноярский край,муниципальный район,6,0.7083333333333334
712,Партизанский муниципальный район,Красноярский край,муниципальный район,0,0.5833333333333334
713,Пировский муниципальный округ,Красноярский край,муниципальный округ,0,0.9166666666666666
714,Рыбинский муниципальный район,Красноярский край,муниципальный район,1,0.4583333333333333
715,Саянский муниципальный район,Красноярский край,муниципальный район,1,0.625
716,Северо-Енисейский муниципальный район,Красноярский край,муниципальный район,4,0.9583333333333334
717,Сухобузимский муниципальный район,Красноярский край,муниципальный район,0,0.7916666666666666
718,Таймырский Долгано-Ненецкий муниципальный район,Красноярский край,муниципальный район,4,0.9583333333333334
719,Тасеевский муниципальный район,Красноярский край,муниципальный район,0,0.5833333333333334
720,Туруханский муниципальный район,Красноярский край,муниципальный район,4,1.0
721,Тюхтетский муниципальный округ,Красноярский край,муниципальный округ,2,0.4166666666666667
722,Ужурский муниципальный район,Красноярский край,муниципальный район,6,0.7916666666666666
723,Уярский муниципальный район,Красноярский край,муниципальный район,1,0.8333333333333334
725,Шушенский муниципальный район,Красноярский край,муниципальный район,6,0.5
726,Эвенкийский муниципальный район,Красноярский край,муниципальный район,4,1.0
727,городской округ Пермский,Пермский край,городской округ,5,0.9583333333333334
731,городской округ Лысьвенский,Пермский край,городской округ,5,0.7916666666666666
734,муниципальный округ Александровский,Пермский край,муниципальный округ,1,1.0
735,муниципальный округ Бардымский,Пермский край,муниципальный округ,0,0.5
736,муниципальный округ Березовский,Пермский край,муниципальный округ,0,0.875
737,муниципальный округ Большесосновский,Пермский край,муниципальный округ,0,1.0
738,городской округ Верещагинский,Пермский край,городской округ,0,0.9583333333333334
739,городской округ Горнозаводский,Пермский край,городской округ,1,0.8333333333333334
741,городской округ Добрянский,Пермский край,городской округ,4,0.7916666666666666
742,муниципальный округ Еловский,Пермский край,муниципальный округ,4,0.3333333333333333
743,городской округ Ильинский,Пермский край,городской округ,0,0.875
744,муниципальный округ Карагайский,Пермский край,муниципальный округ,0,0.9166666666666666
745,городской округ город Кизел,Пермский край,городской округ,1,0.9583333333333334
746,муниципальный округ Кишертский,Пермский край,муниципальный округ,0,0.9583333333333334
747,городской округ Красновишерский,Пермский край,городской округ,1,0.6666666666666666
748,городской округ Краснокамский,Пермский край,городской округ,5,0.625
749,муниципальный округ Куединский,Пермский край,муниципальный округ,0,1.0
751,городской округ Нытвенский,Пермский край,городской округ,0,0.5
752,городской округ Октябрьский,Пермский край,городской округ,0,0.875
753,муниципальный округ Ординский,Пермский край,муниципальный округ,0,0.9583333333333334
754,городской округ Осинский,Пермский край,городской округ,4,0.5833333333333334
755,городской округ Оханский,Пермский край,городской округ,1,0.7083333333333334
756,городской округ Очерский,Пермский край,городской округ,0,1.0
757,муниципальный округ Пермский,Пермский край,муниципальный округ,5,0.6666666666666666
758,муниципальный округ Сивинский,Пермский край,муниципальный округ,0,1.0
760,городской округ Суксунский,Пермский край,городской округ,0,1.0
761,муниципальный округ Уинский,Пермский край,муниципальный округ,0,1.0
763,городской округ Чайковский,Пермский край,городской округ,5,0.9583333333333334
764,муниципальный округ Частинский,Пермский край,муниципальный округ,0,0.7083333333333334
765,городской округ Чердынский,Пермский край,городской округ,1,0.875
766,городской округ Чернушинский,Пермский край,городской округ,5,0.5
767,городской округ Чусовской,Пермский край,городской округ,4,0.6666666666666666
769,муниципальный округ Гайнский,Пермский край,муниципальный округ,1,0.5833333333333334
770,муниципальный округ Косинский,Пермский край,муниципальный округ,0,0.9166666666666666
771,муниципальный округ Кочевский,Пермский край,муниципальный округ,0,0.9583333333333334
773,муниципальный округ Юрлинский,Пермский край,муниципальный округ,0,1.0
774,муниципальный округ Юсьвинский,Пермский край,муниципальный округ,0,0.9166666666666666
775,городской округ Владивостокский,Приморский край,городской округ,5,0.9583333333333334
776,городской округ Арсеньевский,Приморский край,городской округ,4,0.75
777,городской округ Артемовский,Приморский край,городской округ,5,0.4583333333333333
778,городской округ Большой Камень,Приморский край,городской округ,4,1.0
779,городской округ Дальнегорский,Приморский край,городской округ,4,0.875
780,городской округ Дальнереченский,Приморский край,городской округ,4,0.9166666666666666
781,городской округ Лесозаводский,Приморский край,городской округ,4,0.875
782,городской округ Находкинский,Приморский край,городской округ,5,0.5416666666666666
783,городской округ Партизанский,Приморский край,городской округ,4,0.875
784,городской округ Спасск-Дальний,Приморский край,городской округ,4,0.7916666666666666
785,городской округ Уссурийский,Приморский край,городской округ,5,0.875
787,Анучинский муниципальный округ,Приморский край,муниципальный округ,0,0.5416666666666666
788,Дальнереченский муниципальный район,Приморский край,муниципальный район,4,0.5416666666666666
789,Кавалеровский муниципальный округ,Приморский край,муниципальный округ,4,0.6666666666666666
790,Кировский муниципальный район,Приморский край,муниципальный район,6,0.6666666666666666
791,Красноармейский муниципальный округ,Приморский край,муниципальный округ,4,0.7916666666666666
792,Лазовский муниципальный округ,Приморский край,муниципальный округ,4,1.0
793,Михайловский муниципальный район,Приморский край,муниципальный район,0,1.0
794,Надеждинский муниципальный район,Приморский край,муниципальный район,4,0.5833333333333334
795,Октябрьский муниципальный округ,Приморский край,муниципальный округ,0,0.5416666666666666
796,Ольгинский муниципальный округ,Приморский край,муниципальный округ,6,0.5416666666666666
797,Партизанский муниципальный округ,Приморский край,муниципальный округ,4,0.75
798,Пограничный муниципальный округ,Приморский край,муниципальный округ,4,0.7916666666666666
799,Пожарский муниципальный округ,Приморский край,муниципальный округ,4,1.0
800,Спасский муниципальный район,Приморский край,муниципальный район,4,0.5416666666666666
801,Тернейский муниципальный округ,Приморский край,муниципальный округ,4,0.7083333333333334
802,Ханкайский муниципальный округ,Приморский край,муниципальный округ,0,0.625
803,Хасанский муниципальный округ,Приморский край,муниципальный округ,4,0.875
804,Хорольский муниципальный округ,Приморский край,муниципальный округ,0,0.625
805,Черниговский муниципальный округ,Приморский край,муниципальный округ,4,0.8333333333333334
806,Чугуевский муниципальный округ,Приморский край,муниципальный округ,4,0.5833333333333334
807,Шкотовский муниципальный округ,Приморский край,муниципальный округ,4,0.875
808,Яковлевский муниципальный округ,Приморский край,муниципальный округ,0,0.8333333333333334
809,городской округ город Ставрополь,Ставропольский край,городской округ,5,0.9583333333333334
810,Благодарненский муниципальный округ,Ставропольский край,муниципальный округ,2,0.9166666666666666
811,Георгиевский муниципальный округ,Ставропольский край,муниципальный округ,5,0.8333333333333334
812,городской округ город-курорт Ессентуки,Ставропольский край,городской округ,5,0.9583333333333334
813,городской округ город-курорт Железноводск,Ставропольский край,городской округ,5,0.7916666666666666
814,Изобильненский муниципальный округ,Ставропольский край,муниципальный округ,2,0.9583333333333334
815,Ипатовский муниципальный округ,Ставропольский край,муниципальный округ,2,1.0
817,Кировский муниципальный округ,Ставропольский край,муниципальный округ,1,0.5833333333333334
818,городской округ город Лермонтов,Ставропольский край,городской округ,5,0.4583333333333333
819,Минераловодский муниципальный округ,Ставропольский край,муниципальный округ,5,0.9583333333333334
820,городской округ город Невинномысск,Ставропольский край,городской округ,5,0.9583333333333334
821,Нефтекумский муниципальный округ,Ставропольский край,муниципальный округ,2,0.875
822,Новоалександровский муниципальный округ,Ставропольский край,муниципальный округ,2,0.9583333333333334
823,Петровский муниципальный округ,Ставропольский край,муниципальный округ,2,0.875
824,городской округ город-курорт Пятигорск,Ставропольский край,городской округ,5,0.9583333333333334
825,Советский муниципальный округ,Ставропольский край,муниципальный округ,2,0.9583333333333334
826,Александровский муниципальный округ,Ставропольский край,муниципальный округ,2,1.0
827,Андроповский муниципальный округ,Ставропольский край,муниципальный округ,2,1.0
828,Апанасенковский муниципальный округ,Ставропольский край,муниципальный округ,2,1.0
829,Арзгирский муниципальный округ,Ставропольский край,муниципальный округ,2,1.0
830,Будённовский муниципальный округ,Ставропольский край,муниципальный округ,5,0.75
831,Грачёвский муниципальный округ,Ставропольский край,муниципальный округ,2,0.9583333333333334
832,Кочубеевский муниципальный округ,Ставропольский край,муниципальный округ,2,1.0
833,Красногвардейский муниципальный округ,Ставропольский край,муниципальный округ,2,1.0
834,Курский муниципальный округ,Ставропольский край,муниципальный округ,2,0.625
835,Левокумский муниципальный округ,Ставропольский край,муниципальный округ,2,1.0
836,Новоселицкий муниципальный округ,Ставропольский край,муниципальный округ,2,1.0
838,Степновский муниципальный округ,Ставропольский край,муниципальный округ,2,0.9583333333333334
839,Труновский муниципальный округ,Ставропольский край,муниципальный округ,2,1.0
840,Туркменский муниципальный округ,Ставропольский край,муниципальный округ,2,1.0
841,Шпаковский муниципальный округ,Ставропольский край,муниципальный округ,5,0.9583333333333334
842,городской округ город Хабаровск,Хабаровский край,городской округ,5,0.9166666666666666
843,городской округ город Комсомольск-на-Амуре,Хабаровский край,городской округ,4,0.9583333333333334
844,Амурский муниципальный район,Хабаровский край,муниципальный район,4,1.0
846,Бикинский муниципальный район,Хабаровский край,муниципальный район,4,0.9166666666666666
847,Ванинский муниципальный район,Хабаровский край,муниципальный район,4,1.0
848,Верхнебуреинский муниципальный район,Хабаровский край,муниципальный район,4,1.0
849,Вяземский муниципальный район,Хабаровский край,муниципальный район,0,0.5833333333333334
851,муниципальный район имени Лазо,Хабаровский край,муниципальный район,0,0.8333333333333334
852,Нанайский муниципальный район,Хабаровский край,муниципальный район,0,0.9583333333333334
853,Николаевский муниципальный район,Хабаровский край,муниципальный район,4,1.0
854,Охотский муниципальный округ,Хабаровский край,муниципальный округ,4,1.0
855,муниципальный район имени Полины Осипенко,Хабаровский край,муниципальный район,4,0.9583333333333334
856,Советско-Гаванский муниципальный район,Хабаровский край,муниципальный район,4,1.0
857,Солнечный муниципальный район,Хабаровский край,муниципальный район,4,0.6666666666666666
859,Ульчский муниципальный район,Хабаровский край,муниципальный район,4,0.9583333333333334
860,Хабаровский муниципальный район,Хабаровский край,муниципальный район,5,0.9166666666666666
870,Архаринский муниципальный округ,Амурская область,муниципальный округ,4,0.7916666666666666
871,Белогорский муниципальный округ,Амурская область,муниципальный округ,4,0.75
872,Благовещенский муниципальный округ,Амурская область,муниципальный округ,5,0.75
873,Бурейский муниципальный округ,Амурская область,муниципальный округ,4,0.9583333333333334
874,Завитинский муниципальный округ,Амурская область,муниципальный округ,4,0.7916666666666666
875,Зейский муниципальный округ,Амурская область,муниципальный округ,4,1.0
876,Ивановский муниципальный округ,Амурская область,муниципальный округ,4,0.6666666666666666
877,Константиновский муниципальный район,Амурская область,муниципальный район,0,0.75
878,Магдагачинский муниципальный район,Амурская область,муниципальный район,4,1.0
879,Мазановский муниципальный район,Амурская область,муниципальный район,4,0.7916666666666666
880,Михайловский муниципальный район,Амурская область,муниципальный район,0,0.625
881,Октябрьский муниципальный район,Амурская область,муниципальный район,4,0.7916666666666666
882,Ромненский муниципальный округ,Амурская область,муниципальный округ,0,0.375
883,Свободненский муниципальный район,Амурская область,муниципальный район,4,1.0
884,Селемджинский муниципальный район,Амурская область,муниципальный район,4,1.0
885,Серышевский муниципальный округ,Амурская область,муниципальный округ,4,0.875
886,Сковородинский муниципальный округ,Амурская область,муниципальный округ,4,1.0
888,Тындинский муниципальный округ,Амурская область,муниципальный округ,4,1.0
889,Шимановский муниципальный округ,Амурская область,муниципальный округ,4,0.875
890,городской округ город Архангельск,Архангельская область,городской округ,5,0.75
891,городской округ город Коряжма,Архангельская область,городской округ,4,0.8333333333333334
892,городской округ Котлас,Архангельская область,городской округ,4,0.9583333333333334
895,городской округ город Новодвинск,Архангельская область,городской округ,1,0.9166666666666666
896,городской округ Северодвинск,Архангельская область,городской округ,4,0.7083333333333334
897,Вельский муниципальный район,Архангельская область,муниципальный район,1,1.0
898,Верхнетоемский муниципальный округ,Архангельская область,муниципальный округ,0,0.9166666666666666
899,муниципальный округ Вилегодский,Архангельская область,муниципальный округ,2,0.4583333333333333
900,Виноградовский муниципальный округ,Архангельская область,муниципальный округ,1,0.8333333333333334
901,муниципальный округ Каргопольский,Архангельская область,муниципальный округ,1,0.9583333333333334
902,Коношский муниципальный район,Архангельская область,муниципальный район,1,1.0
903,Котласский муниципальный округ,Архангельская область,муниципальный округ,1,0.7083333333333334
904,Красноборский муниципальный округ,Архангельская область,муниципальный округ,0,0.7083333333333334
905,Ленский муниципальный район,Архангельская область,муниципальный район,1,0.5416666666666666
907,Мезенский муниципальный округ,Архангельская область,муниципальный округ,0,1.0
908,Няндомский муниципальный округ,Архангельская область,муниципальный округ,1,0.9166666666666666
909,Онежский муниципальный район,Архангельская область,муниципальный район,1,0.8333333333333334
911,Плесецкий муниципальный округ,Архангельская область,муниципальный округ,1,0.8333333333333334
912,Приморский муниципальный округ,Архангельская область,муниципальный округ,4,0.875
913,Устьянский муниципальный округ,Архангельская область,муниципальный округ,1,1.0
914,Холмогорский муниципальный округ,Архангельская область,муниципальный округ,1,1.0
915,Шенкурский муниципальный округ,Архангельская область,муниципальный округ,1,0.9166666666666666
916,городской округ город Нарьян-Мар,Ненецкий автономный округ,городской округ,4,0.9583333333333334
917,муниципальный район Заполярный район,Ненецкий автономный округ,муниципальный район,4,1.0
918,городской округ город Астрахань,Астраханская область,городской округ,5,0.9583333333333334
920,Ахтубинский муниципальный район,Астраханская область,муниципальный район,2,0.9166666666666666
922,Енотаевский муниципальный район,Астраханская область,муниципальный район,2,0.8333333333333334
923,Икрянинский муниципальный район,Астраханская область,муниципальный район,1,0.875
924,Камызякский муниципальный район,Астраханская область,муниципальный район,1,0.5
925,Красноярский муниципальный район,Астраханская область,муниципальный район,1,0.625
926,Лиманский муниципальный район,Астраханская область,муниципальный район,2,0.9583333333333334
927,Наримановский муниципальный район,Астраханская область,муниципальный район,5,0.6666666666666666
928,Приволжский муниципальный район,Астраханская область,муниципальный район,5,0.7083333333333334
929,Харабалинский муниципальный район,Астраханская область,муниципальный район,2,0.9583333333333334
930,Черноярский муниципальный район,Астраханская область,муниципальный район,2,0.7083333333333334
986,городской округ город Владимир,Владимирская область,городской округ,3,1.0
987,городской округ город Гусь-Хрустальный,Владимирская область,городской округ,3,0.5833333333333334
988,городской округ город Ковров,Владимирская область,городской округ,3,1.0
989,городской округ округ Муром,Владимирская область,городской округ,3,1.0
991,Александровский муниципальный район,Владимирская область,муниципальный район,3,1.0
992,Вязниковский муниципальный район,Владимирская область,муниципальный район,2,0.7916666666666666
993,Гороховецкий муниципальный район,Владимирская область,муниципальный район,1,1.0
994,Гусь-Хрустальный муниципальный район,Владимирская область,муниципальный район,1,0.875
995,Камешковский муниципальный район,Владимирская область,муниципальный район,1,1.0
996,Киржачский муниципальный район,Владимирская область,муниципальный район,3,0.6666666666666666
998,Кольчугинский муниципальный район,Владимирская область,муниципальный район,3,0.5833333333333334
999,Меленковский муниципальный район,Владимирская область,муниципальный район,1,0.9583333333333334
1001,Петушинский муниципальный район,Владимирская область,муниципальный район,3,0.625
1002,Селивановский муниципальный район,Владимирская область,муниципальный район,1,1.0
1003,Собинский муниципальный район,Владимирская область,муниципальный район,1,1.0
1004,Судогодский муниципальный район,Владимирская область,муниципальный район,1,1.0
1005,Суздальский муниципальный район,Владимирская область,муниципальный район,2,0.625
1006,Юрьев-Польский муниципальный район,Владимирская область,муниципальный район,1,1.0
1007,городской округ город-герой Волгоград,Волгоградская область,городской округ,5,1.0
1008,городской округ город Волжский,Волгоградская область,городской округ,5,1.0
1009,городской округ город Камышин,Волгоградская область,городской округ,3,0.5416666666666666
1010,городской округ город Михайловка,Волгоградская область,городской округ,5,0.6666666666666666
1011,городской округ город Урюпинск,Волгоградская область,городской округ,2,0.9583333333333334
1012,городской округ город Фролово,Волгоградская область,городской округ,2,1.0
1013,Алексеевский муниципальный район,Волгоградская область,муниципальный район,2,1.0
1014,Быковский муниципальный район,Волгоградская область,муниципальный район,2,0.5416666666666666
1015,Городищенский муниципальный район,Волгоградская область,муниципальный район,2,0.5833333333333334
1016,Даниловский муниципальный район,Волгоградская область,муниципальный район,2,0.9583333333333334
1017,Дубовский муниципальный район,Волгоградская область,муниципальный район,2,0.8333333333333334
1018,Еланский муниципальный район,Волгоградская область,муниципальный район,2,1.0
1019,Жирновский муниципальный район,Волгоградская область,муниципальный район,2,0.7083333333333334
1020,Иловлинский муниципальный район,Волгоградская область,муниципальный район,1,0.625
1021,Калачевский муниципальный район,Волгоградская область,муниципальный район,2,1.0
1023,Киквидзенский муниципальный район,Волгоградская область,муниципальный район,2,1.0
1024,Клетский муниципальный район,Волгоградская область,муниципальный район,2,0.7083333333333334
1025,Котельниковский муниципальный район,Волгоградская область,муниципальный район,2,0.875
1026,Котовский муниципальный район,Волгоградская область,муниципальный район,2,0.9583333333333334
1027,Кумылженский муниципальный район,Волгоградская область,муниципальный район,2,0.9583333333333334
1028,Ленинский муниципальный район,Волгоградская область,муниципальный район,2,0.8333333333333334
1029,Нехаевский муниципальный район,Волгоградская область,муниципальный район,2,0.9583333333333334
1030,Николаевский муниципальный район,Волгоградская область,муниципальный район,2,0.9583333333333334
1031,Новоаннинский муниципальный район,Волгоградская область,муниципальный район,2,0.9583333333333334
1032,Новониколаевский муниципальный район,Волгоградская область,муниципальный район,2,1.0
1033,Октябрьский муниципальный район,Волгоградская область,муниципальный район,2,0.75
1034,Ольховский муниципальный район,Волгоградская область,муниципальный район,2,0.5
1035,Палласовский муниципальный район,Волгоградская область,муниципальный район,2,1.0
1036,Руднянский муниципальный район,Волгоградская область,муниципальный район,2,1.0
1037,Светлоярский муниципальный район,Волгоградская область,муниципальный район,2,0.9166666666666666
1038,Серафимовичский муниципальный район,Волгоградская область,муниципальный район,2,1.0
1039,Среднеахтубинский муниципальный район,Волгоградская область,муниципальный район,5,0.625
1040,Старополтавский муниципальный район,Волгоградская область,муниципальный район,2,0.9166666666666666
1041,Суровикинский муниципальный район,Волгоградская область,муниципальный район,2,0.9583333333333334
1044,Чернышковский муниципальный район,Волгоградская область,муниципальный район,2,1.0
1047,Бабаевский муниципальный округ,Вологодская область,муниципальный округ,1,1.0
1048,Бабушкинский муниципальный округ,Вологодская область,муниципальный округ,0,0.5416666666666666
1049,Белозерский муниципальный округ,Вологодская область,муниципальный округ,4,0.4166666666666667
1051,Великоустюгский муниципальный округ,Вологодская область,муниципальный округ,4,0.7083333333333334
1052,Верховажский муниципальный округ,Вологодская область,муниципальный округ,1,0.625
1053,Вожегодский муниципальный округ,Вологодская область,муниципальный округ,1,1.0
1054,Вологодский муниципальный округ,Вологодская область,муниципальный округ,3,0.9583333333333334
1055,Вытегорский муниципальный район,Вологодская область,муниципальный район,1,0.5416666666666666
1056,Грязовецкий муниципальный округ,Вологодская область,муниципальный округ,1,0.9583333333333334
1057,Кадуйский муниципальный округ,Вологодская область,муниципальный округ,1,1.0
1058,Кирилловский муниципальный округ,Вологодская область,муниципальный округ,1,0.75
1059,Кичменгско-Городецкий муниципальный округ,Вологодская область,муниципальный округ,6,0.7083333333333334
1060,Междуреченский муниципальный округ,Вологодская область,муниципальный округ,1,0.9166666666666666
1061,Никольский муниципальный округ,Вологодская область,муниципальный округ,6,0.7083333333333334
1062,Нюксенский муниципальный округ,Вологодская область,муниципальный округ,1,0.8333333333333334
1063,Сокольский муниципальный округ,Вологодская область,муниципальный округ,1,0.875
1064,Сямженский муниципальный округ,Вологодская область,муниципальный округ,1,0.6666666666666666
1065,Тарногский муниципальный округ,Вологодская область,муниципальный округ,0,0.6666666666666666
1066,Тотемский муниципальный округ,Вологодская область,муниципальный округ,1,1.0
1067,Усть-Кубинский муниципальный округ,Вологодская область,муниципальный округ,1,1.0
1068,Устюженский муниципальный округ,Вологодская область,муниципальный округ,1,1.0
1069,Харовский муниципальный округ,Вологодская область,муниципальный округ,1,0.7916666666666666
1070,Чагодощенский муниципальный округ,Вологодская область,муниципальный округ,1,0.7916666666666666
1071,Череповецкий муниципальный район,Вологодская область,муниципальный район,5,0.5416666666666666
1072,Шекснинский муниципальный район,Вологодская область,муниципальный район,1,1.0
1107,городской округ Иваново,Ивановская область,городской округ,5,0.9583333333333334
1108,городской округ Вичуга,Ивановская область,городской округ,1,0.875
1109,городской округ Кинешма,Ивановская область,городской округ,6,0.375
1110,городской округ Кохма,Ивановская область,городской округ,4,0.5
1111,городской округ Тейково,Ивановская область,городской округ,1,1.0
1112,городской округ Шуя,Ивановская область,городской округ,1,0.7916666666666666
1113,Вичугский муниципальный район,Ивановская область,муниципальный район,1,1.0
1115,Гаврилово-Посадский муниципальный район,Ивановская область,муниципальный район,1,0.9583333333333334
1116,Заволжский муниципальный район,Ивановская область,муниципальный район,2,0.75
1117,Ивановский муниципальный район,Ивановская область,муниципальный район,3,0.875
1118,Ильинский муниципальный район,Ивановская область,муниципальный район,1,1.0
1119,Кинешемский муниципальный район,Ивановская область,муниципальный район,1,1.0
1120,Комсомольский муниципальный район,Ивановская область,муниципальный район,1,1.0
1121,Лежневский муниципальный район,Ивановская область,муниципальный район,1,0.875
1122,Лухский муниципальный район,Ивановская область,муниципальный район,0,0.7083333333333334
1123,Палехский муниципальный район,Ивановская область,муниципальный район,1,1.0
1124,Пестяковский муниципальный район,Ивановская область,муниципальный район,1,0.5
1125,Приволжский муниципальный район,Ивановская область,муниципальный район,1,0.9166666666666666
1126,Пучежский муниципальный район,Ивановская область,муниципальный район,1,0.5416666666666666
1127,Родниковский муниципальный район,Ивановская область,муниципальный район,1,1.0
1128,Савинский муниципальный район,Ивановская область,муниципальный район,1,0.7916666666666666
1129,Тейковский муниципальный район,Ивановская область,муниципальный район,1,0.875
1130,Фурмановский муниципальный район,Ивановская область,муниципальный район,1,1.0
1131,Шуйский муниципальный район,Ивановская область,муниципальный район,1,0.7083333333333334
1132,Южский муниципальный район,Ивановская область,муниципальный район,1,1.0
1133,Юрьевецкий муниципальный район,Ивановская область,муниципальный район,1,0.875
1134,городской округ город Иркутск,Иркутская область,городской округ,5,0.9583333333333334
1135,городской округ Ангарский,Иркутская область,городской округ,5,0.9166666666666666
1136,городской округ город Братск,Иркутская область,городской округ,4,0.9583333333333334
1137,городской округ Зима,Иркутская область,городской округ,6,0.8333333333333334
1138,городской округ город Саянск,Иркутская область,городской округ,4,0.9166666666666666
1139,городской округ город Тулун,Иркутская область,городской округ,6,0.7916666666666666
1140,городской округ город Усолье-Сибирское,Иркутская область,городской округ,5,0.625
1141,городской округ город Усть-Илимск,Иркутская область,городской округ,4,0.9583333333333334
1142,городской округ город Черемхово,Иркутская область,городской округ,6,0.8333333333333334
1143,городской округ город Свирск,Иркутская область,городской округ,1,0.7916666666666666
1144,Балаганский муниципальный район,Иркутская область,муниципальный район,1,0.625
1146,Братский муниципальный район,Иркутская область,муниципальный район,1,0.7916666666666666
1147,Жигаловский муниципальный район,Иркутская область,муниципальный район,6,0.875
1148,Заларинский муниципальный район,Иркутская область,муниципальный район,6,0.875
1149,Зиминский муниципальный район,Иркутская область,муниципальный район,6,0.8333333333333334
1150,Иркутский муниципальный район,Иркутская область,муниципальный район,5,0.9583333333333334
1151,Казачинско-Ленский муниципальный район,Иркутская область,муниципальный район,4,1.0
1152,Катангский муниципальный район,Иркутская область,муниципальный район,4,1.0
1153,Качугский муниципальный район,Иркутская область,муниципальный район,6,0.625
1154,Киренский муниципальный район,Иркутская область,муниципальный район,4,0.9583333333333334
1155,Куйтунский муниципальный район,Иркутская область,муниципальный район,6,0.8333333333333334
1157,Нижнеилимский муниципальный район,Иркутская область,муниципальный район,1,0.5833333333333334
1158,Нижнеудинский муниципальный район,Иркутская область,муниципальный район,6,0.4583333333333333
1159,Ольхонский муниципальный район,Иркутская область,муниципальный район,6,0.875
1160,Слюдянский муниципальный район,Иркутская область,муниципальный район,4,0.7083333333333334
1161,Тайшетский муниципальный район,Иркутская область,муниципальный район,4,0.8333333333333334
1163,Усольский муниципальный район,Иркутская область,муниципальный район,6,0.4166666666666667
1164,Усть-Илимский муниципальный район,Иркутская область,муниципальный район,4,0.5833333333333334
1165,Усть-Кутский муниципальный район,Иркутская область,муниципальный район,4,0.9583333333333334
1166,Усть-Удинский муниципальный район,Иркутская область,муниципальный район,6,0.625
1167,Черемховский муниципальный район,Иркутская область,муниципальный район,6,0.2916666666666667
1168,Чунский муниципальный район,Иркутская область,муниципальный район,1,0.6666666666666666
1169,Шелеховский муниципальный район,Иркутская область,муниципальный район,5,0.7083333333333334
1170,Аларский муниципальный район,Иркутская область,муниципальный район,6,0.8333333333333334
1171,Баяндаевский муниципальный район,Иркутская область,муниципальный район,6,0.875
1172,Боханский муниципальный район,Иркутская область,муниципальный район,6,0.8333333333333334
1173,Нукутский муниципальный район,Иркутская область,муниципальный район,6,0.7083333333333334
1174,Осинский муниципальный район,Иркутская область,муниципальный район,6,0.8333333333333334
1175,Эхирит-Булагатский муниципальный район,Иркутская область,муниципальный район,6,0.875
1176,городской округ город Калининград,Калининградская область,городской округ,5,0.9583333333333334
1178,городской округ Мамоновский,Калининградская область,городской округ,1,0.375
1179,городской округ Пионерский,Калининградская область,городской округ,4,0.4583333333333333
1180,городской округ Светловский,Калининградская область,городской округ,0,0.5
1181,городской округ Советский,Калининградская область,городской округ,4,0.9166666666666666
1184,городской округ Балтийский,Калининградская область,городской округ,4,0.9166666666666666
1185,муниципальный округ Гвардейский,Калининградская область,муниципальный округ,0,0.875
1186,муниципальный округ Гурьевский,Калининградская область,муниципальный округ,5,0.9583333333333334
1187,городской округ Гусевский,Калининградская область,городской округ,4,0.8333333333333334
1188,муниципальный округ Зеленоградский,Калининградская область,муниципальный округ,5,0.9583333333333334
1189,муниципальный округ Краснознаменский,Калининградская область,муниципальный округ,0,0.6666666666666666
1190,городской округ Светлогорский,Калининградская область,городской округ,5,0.9583333333333334
1191,муниципальный округ Неманский,Калининградская область,муниципальный округ,4,0.5416666666666666
1192,муниципальный округ Нестеровский,Калининградская область,муниципальный округ,0,0.6666666666666666
1193,муниципальный округ Озерский,Калининградская область,муниципальный округ,0,0.75
1194,муниципальный округ Полесский,Калининградская область,муниципальный округ,0,0.8333333333333334
1195,муниципальный округ Правдинский,Калининградская область,муниципальный округ,0,0.8333333333333334
1196,муниципальный округ Славский,Калининградская область,муниципальный округ,0,0.7916666666666666
1197,муниципальный округ Черняховский,Калининградская область,муниципальный округ,4,0.5833333333333334
1198,городской округ город Калуга,Калужская область,городской округ,3,1.0
1200,Бабынинский муниципальный район,Калужская область,муниципальный район,1,0.9166666666666666
1201,Барятинский муниципальный район,Калужская область,муниципальный район,1,0.7083333333333334
1203,Дзержинский муниципальный район,Калужская область,муниципальный район,1,1.0
1204,Думиничский муниципальный район,Калужская область,муниципальный район,1,0.8333333333333334
1205,Жиздринский муниципальный район,Калужская область,муниципальный район,2,0.5
1206,Жуковский муниципальный район,Калужская область,муниципальный район,2,0.5833333333333334
1207,Кировский муниципальный район,Калужская область,муниципальный район,2,0.5416666666666666
1208,Износковский муниципальный район,Калужская область,муниципальный район,2,0.4166666666666667
1209,Козельский муниципальный район,Калужская область,муниципальный район,2,0.5
1210,Куйбышевский муниципальный район,Калужская область,муниципальный район,2,0.9583333333333334
1211,Людиновский муниципальный район,Калужская область,муниципальный район,2,0.6666666666666666
1212,Малоярославецкий муниципальный район,Калужская область,муниципальный район,3,0.7083333333333334
1213,Медынский муниципальный район,Калужская область,муниципальный район,1,0.6666666666666666
1214,Мещовский муниципальный район,Калужская область,муниципальный район,1,0.9583333333333334
1215,Мосальский муниципальный район,Калужская область,муниципальный район,1,0.7916666666666666
1217,Спас-Деменский муниципальный район,Калужская область,муниципальный район,2,0.625
1218,Сухиничский муниципальный район,Калужская область,муниципальный район,1,0.625
1219,Тарусский муниципальный район,Калужская область,муниципальный район,1,0.5833333333333334
1220,Ульяновский муниципальный район,Калужская область,муниципальный район,2,0.5
1221,Ферзиковский муниципальный район,Калужская область,муниципальный район,1,0.5833333333333334
1222,Хвастовичский муниципальный район,Калужская область,муниципальный район,2,0.625
1223,Юхновский муниципальный район,Калужская область,муниципальный район,2,0.8333333333333334
1224,городской округ Кемеровский,Кемеровская область,городской округ,5,0.9583333333333334
1225,городской округ Анжеро-Судженский,Кемеровская область,городской округ,6,0.7916666666666666
1226,городской округ Беловский,Кемеровская область,городской округ,4,0.4166666666666667
1227,городской округ Березовский,Кемеровская область,городской округ,4,0.75
1228,городской округ Калтанский,Кемеровская область,городской округ,0,0.6666666666666666
1229,городской округ Киселевский,Кемеровская область,городской округ,4,0.8333333333333334
1230,городской округ Ленинск-Кузнецкий,Кемеровская область,городской округ,6,0.5416666666666666
1231,городской округ Междуреченский,Кемеровская область,городской округ,4,0.9583333333333334
1232,городской округ Мысковский,Кемеровская область,городской округ,4,0.9583333333333334
1233,городской округ Новокузнецкий,Кемеровская область,городской округ,5,0.9583333333333334
1234,городской округ Осинниковский,Кемеровская область,городской округ,4,0.9166666666666666
1235,городской округ Полысаевский,Кемеровская область,городской округ,4,0.4583333333333333
1236,городской округ Прокопьевский,Кемеровская область,городской округ,5,0.7083333333333334
1237,городской округ Тайгинский,Кемеровская область,городской округ,0,0.5
1238,городской округ Юргинский,Кемеровская область,городской округ,5,0.75
1240,Беловский муниципальный округ,Кемеровская область,муниципальный округ,6,0.7083333333333334
1241,Гурьевский муниципальный округ,Кемеровская область,муниципальный округ,0,0.5833333333333334
1242,Ижморский муниципальный округ,Кемеровская область,муниципальный округ,0,0.7916666666666666
1243,Кемеровский муниципальный округ,Кемеровская область,муниципальный округ,5,0.9166666666666666
1244,Крапивинский муниципальный округ,Кемеровская область,муниципальный округ,0,0.7083333333333334
1246,Мариинский муниципальный округ,Кемеровская область,муниципальный округ,6,0.875
1249,Промышленновский муниципальный округ,Кемеровская область,муниципальный округ,6,0.75
1250,Таштагольский муниципальный район,Кемеровская область,муниципальный район,6,0.5833333333333334
1251,Тисульский муниципальный округ,Кемеровская область,муниципальный округ,0,0.4583333333333333
1252,Топкинский муниципальный округ,Кемеровская область,муниципальный округ,4,0.4166666666666667
1253,Тяжинский муниципальный округ,Кемеровская область,муниципальный округ,0,0.7916666666666666
1254,Чебулинский муниципальный округ,Кемеровская область,муниципальный округ,6,0.6666666666666666
1256,Яйский муниципальный округ,Кемеровская область,муниципальный округ,6,0.5416666666666666
1257,Яшкинский муниципальный округ,Кемеровская область,муниципальный округ,0,0.375
1258,городской округ город Киров,Кировская область,городской округ,5,0.9583333333333334
1259,городской округ город Вятские Поляны,Кировская область,городской округ,0,0.5833333333333334
1260,городской округ город Кирово-Чепецк,Кировская область,городской округ,5,0.625
1261,городской округ город Котельнич,Кировская область,городской округ,0,0.9583333333333334
1262,городской округ город Слободской,Кировская область,городской округ,0,0.9583333333333334
1264,муниципальный округ Арбажский,Кировская область,муниципальный округ,6,0.7916666666666666
1265,муниципальный округ Афанасьевский,Кировская область,муниципальный округ,0,1.0
1266,Белохолуницкий муниципальный район,Кировская область,муниципальный район,1,0.875
1267,муниципальный округ Богородский,Кировская область,муниципальный округ,0,1.0
1268,муниципальный округ Верхнекамский,Кировская область,муниципальный округ,1,0.7916666666666666
1269,Верхошижемский муниципальный район,Кировская область,муниципальный район,0,0.875
1270,Вятскополянский муниципальный район,Кировская область,муниципальный район,0,0.5833333333333334
1271,Даровской муниципальный район,Кировская область,муниципальный район,0,1.0
1272,Зуевский муниципальный район,Кировская область,муниципальный район,1,0.625
1273,муниципальный округ Кикнурский,Кировская область,муниципальный округ,0,0.9166666666666666
1274,Кильмезский муниципальный район,Кировская область,муниципальный район,0,0.875
1275,Кирово-Чепецкий муниципальный район,Кировская область,муниципальный район,0,0.5416666666666666
1276,Котельничский муниципальный район,Кировская область,муниципальный район,0,0.9166666666666666
1277,Куменский муниципальный район,Кировская область,муниципальный район,0,0.875
1278,муниципальный округ Лебяжский,Кировская область,муниципальный округ,0,1.0
1279,муниципальный округ Лузский,Кировская область,муниципальный округ,1,0.625
1280,Малмыжский муниципальный район,Кировская область,муниципальный район,0,1.0
1281,муниципальный округ Мурашинский,Кировская область,муниципальный округ,1,1.0
1282,Нагорский муниципальный район,Кировская область,муниципальный район,0,1.0
1284,Нолинский муниципальный район,Кировская область,муниципальный район,0,1.0
1285,Омутнинский муниципальный район,Кировская область,муниципальный район,1,0.9166666666666666
1286,муниципальный округ Опаринский,Кировская область,муниципальный округ,1,0.6666666666666666
1287,Оричевский муниципальный район,Кировская область,муниципальный район,0,0.9166666666666666
1288,Орловский муниципальный район,Кировская область,муниципальный район,0,0.75
1289,муниципальный округ Пижанский,Кировская область,муниципальный округ,0,1.0
1290,Подосиновский муниципальный район,Кировская область,муниципальный район,0,0.8333333333333334
1291,муниципальный округ Санчурский,Кировская область,муниципальный округ,0,1.0
1292,муниципальный округ Свечинский,Кировская область,муниципальный округ,0,0.9583333333333334
1293,Слободской муниципальный район,Кировская область,муниципальный район,0,0.5416666666666666
1294,Советский муниципальный район,Кировская область,муниципальный район,0,1.0
1295,Сунский муниципальный район,Кировская область,муниципальный район,1,0.5
1296,Тужинский муниципальный район,Кировская область,муниципальный район,0,1.0
1297,муниципальный округ Унинский,Кировская область,муниципальный округ,0,1.0
1298,Уржумский муниципальный район,Кировская область,муниципальный район,0,1.0
1299,муниципальный округ Фаленский,Кировская область,муниципальный округ,0,1.0
1300,Шабалинский муниципальный район,Кировская область,муниципальный район,0,1.0
1301,Юрьянский муниципальный район,Кировская область,муниципальный район,1,0.75
1302,Яранский муниципальный район,Кировская область,муниципальный район,0,0.8333333333333334
1303,городской округ город Кострома,Костромская область,городской округ,5,0.875
1304,городской округ город Буй,Костромская область,городской округ,1,1.0
1305,городской округ город Волгореченск,Костромская область,городской округ,1,0.75
1306,городской округ город Галич,Костромская область,городской округ,1,1.0
1308,городской округ город Шарья,Костромская область,городской округ,1,1.0
1309,Антроповский муниципальный район,Костромская область,муниципальный район,1,0.6666666666666666
1310,Буйский муниципальный район,Костромская область,муниципальный район,1,1.0
1311,Вохомский муниципальный район,Костромская область,муниципальный район,0,0.7916666666666666
1312,Галичский муниципальный район,Костромская область,муниципальный район,1,1.0
1313,Кадыйский муниципальный район,Костромская область,муниципальный район,0,0.6666666666666666
1314,Кологривский муниципальный округ,Костромская область,муниципальный округ,1,0.5416666666666666
1315,Костромской муниципальный район,Костромская область,муниципальный район,3,0.8333333333333334
1316,Красносельский муниципальный район,Костромская область,муниципальный район,1,0.8333333333333334
1317,Макарьевский муниципальный район,Костромская область,муниципальный район,2,0.4166666666666667
1319,Межевской муниципальный округ,Костромская область,муниципальный округ,0,0.8333333333333334
1320,Нейский муниципальный округ,Костромская область,муниципальный округ,1,0.625
1321,муниципальный район город Нерехта и Нерехтский район,Костромская область,муниципальный район,1,1.0
1322,Октябрьский муниципальный район,Костромская область,муниципальный район,2,0.5833333333333334
1323,Островский муниципальный округ,Костромская область,муниципальный округ,0,0.75
1324,Павинский муниципальный округ,Костромская область,муниципальный округ,0,0.7083333333333334
1325,Парфеньевский муниципальный округ,Костромская область,муниципальный округ,1,0.625
1326,Поназыревский муниципальный округ,Костромская область,муниципальный округ,0,0.7916666666666666
1327,Пыщугский муниципальный округ,Костромская область,муниципальный округ,0,0.8333333333333334
1328,Солигаличский муниципальный округ,Костромская область,муниципальный округ,1,0.5833333333333334
1329,Судиславский муниципальный район,Костромская область,муниципальный район,1,1.0
1330,Сусанинский муниципальный район,Костромская область,муниципальный район,1,0.6666666666666666
1331,Чухломский муниципальный район,Костромская область,муниципальный район,2,0.5416666666666666
1333,городской округ город Курган,Курганская область,городской округ,5,0.6666666666666666
1334,городской округ город Шадринск,Курганская область,городской округ,0,0.7083333333333334
1335,Альменевский муниципальный округ,Курганская область,муниципальный округ,0,1.0
1336,Белозерский муниципальный округ,Курганская область,муниципальный округ,0,1.0
1337,Варгашинский муниципальный округ,Курганская область,муниципальный округ,0,0.875
1338,Далматовский муниципальный округ,Курганская область,муниципальный округ,0,1.0
1339,Звериноголовский муниципальный округ,Курганская область,муниципальный округ,0,0.9583333333333334
1340,Каргапольский муниципальный округ,Курганская область,муниципальный округ,0,0.6666666666666666
1341,Катайский муниципальный округ,Курганская область,муниципальный округ,0,1.0
1343,Куртамышский муниципальный округ,Курганская область,муниципальный округ,0,1.0
1344,Лебяжьевский муниципальный округ,Курганская область,муниципальный округ,0,0.5416666666666666
1345,муниципальный округ Макушинский,Курганская область,муниципальный округ,0,1.0
1346,Мишкинский муниципальный округ,Курганская область,муниципальный округ,0,0.9583333333333334
1347,Мокроусовский муниципальный округ,Курганская область,муниципальный округ,0,0.9583333333333334
1348,Петуховский муниципальный округ,Курганская область,муниципальный округ,2,0.75
1349,Половинский муниципальный округ,Курганская область,муниципальный округ,0,0.9583333333333334
1350,Притобольный муниципальный округ,Курганская область,муниципальный округ,0,1.0
1351,Сафакулевский муниципальный округ,Курганская область,муниципальный округ,0,0.9583333333333334
1352,Целинный муниципальный округ,Курганская область,муниципальный округ,0,1.0
1353,Частоозерский муниципальный округ,Курганская область,муниципальный округ,2,0.6666666666666666
1355,Шатровский муниципальный округ,Курганская область,муниципальный округ,0,1.0
1356,муниципальный округ Шумихинский,Курганская область,муниципальный округ,0,1.0
1357,Щучанский муниципальный округ,Курганская область,муниципальный округ,0,0.9583333333333334
1358,Юргамышский муниципальный округ,Курганская область,муниципальный округ,0,1.0
1392,Бокситогорский муниципальный район,Ленинградская область,муниципальный район,1,1.0
1393,Волосовский муниципальный район,Ленинградская область,муниципальный район,1,0.9583333333333334
1394,Волховский муниципальный район,Ленинградская область,муниципальный район,4,0.4583333333333333
1395,Всеволожский муниципальный район,Ленинградская область,муниципальный район,5,0.75
1396,Выборгский муниципальный район,Ленинградская область,муниципальный район,5,0.7083333333333334
1397,Гатчинский муниципальный район,Ленинградская область,муниципальный район,5,0.7083333333333334
1398,Кингисеппский муниципальный район,Ленинградская область,муниципальный район,3,0.4166666666666667
1399,Киришский муниципальный район,Ленинградская область,муниципальный район,5,0.4166666666666667
1400,Кировский муниципальный район,Ленинградская область,муниципальный район,3,0.9583333333333334
1401,Лодейнопольский муниципальный район,Ленинградская область,муниципальный район,1,0.7083333333333334
1402,Ломоносовский муниципальный район,Ленинградская область,муниципальный район,3,0.9583333333333334
1403,Лужский муниципальный район,Ленинградская область,муниципальный район,3,0.9166666666666666
1404,Подпорожский муниципальный район,Ленинградская область,муниципальный район,1,1.0
1405,Приозерский муниципальный район,Ленинградская область,муниципальный район,1,0.4166666666666667
1406,Сланцевский муниципальный район,Ленинградская область,муниципальный район,1,0.8333333333333334
1407,Тихвинский муниципальный район,Ленинградская область,муниципальный район,5,0.5833333333333334
1408,Тосненский муниципальный район,Ленинградская область,муниципальный район,3,0.875
1409,городской округ Сосновоборский,Ленинградская область,городской округ,5,0.75
1410,городской округ город Липецк,Липецкая область,городской округ,5,0.9583333333333334
1411,городской округ город Елец,Липецкая область,городской округ,5,0.7083333333333334
1412,Воловский муниципальный район,Липецкая область,муниципальный район,2,1.0
1413,Грязинский муниципальный район,Липецкая область,муниципальный район,2,0.7083333333333334
1414,Данковский муниципальный район,Липецкая область,муниципальный район,2,0.8333333333333334
1415,Добринский муниципальный район,Липецкая область,муниципальный район,2,0.875
1416,Добровский муниципальный район,Липецкая область,муниципальный район,2,0.7083333333333334
1417,Долгоруковский муниципальный район,Липецкая область,муниципальный район,2,0.9166666666666666
1419,Задонский муниципальный район,Липецкая область,муниципальный район,2,0.9166666666666666
1420,Измалковский муниципальный район,Липецкая область,муниципальный район,2,0.8333333333333334
1421,Краснинский муниципальный район,Липецкая область,муниципальный район,2,0.7083333333333334
1422,Лебедянский муниципальный район,Липецкая область,муниципальный район,2,0.875
1423,Лев-Толстовский муниципальный район,Липецкая область,муниципальный район,2,0.875
1425,Становлянский муниципальный район,Липецкая область,муниципальный район,1,0.8333333333333334
1426,Тербунский муниципальный район,Липецкая область,муниципальный район,2,1.0
1427,Усманский муниципальный район,Липецкая область,муниципальный район,2,0.9166666666666666
1428,Хлевенский муниципальный район,Липецкая область,муниципальный район,2,1.0
1429,Чаплыгинский муниципальный район,Липецкая область,муниципальный район,2,0.8333333333333334
1430,городской округ город Магадан,Магаданская область,городской округ,4,0.9583333333333334
1431,муниципальный округ Ольский,Магаданская область,муниципальный округ,4,1.0
1438,муниципальный округ Ягоднинский,Магаданская область,муниципальный округ,4,1.0
1439,городской округ Балашиха,Московская область,городской округ,3,1.0
1440,городской округ Бронницы,Московская область,городской округ,3,1.0
1443,городской округ Дзержинский,Московская область,городской округ,3,1.0
1444,городской округ Долгопрудный,Московская область,городской округ,3,1.0
1445,городской округ Домодедово,Московская область,городской округ,3,1.0
1446,городской округ Дубна,Московская область,городской округ,3,1.0
1447,городской округ Егорьевск,Московская область,городской округ,3,1.0
1448,городской округ Жуковский,Московская область,городской округ,3,1.0
1449,городской округ Зарайск,Московская область,городской округ,1,0.75
1453,городской округ Истра,Московская область,городской округ,3,1.0
1454,городской округ Кашира,Московская область,городской округ,3,0.9583333333333334
1456,городской округ Королёв,Московская область,городской округ,3,1.0
1457,городской округ Котельники,Московская область,городской округ,3,1.0
1459,городской округ Красногорск,Московская область,городской округ,3,1.0
1461,городской округ Лобня,Московская область,городской округ,3,1.0
1463,городской округ Луховицы,Московская область,городской округ,3,0.9583333333333334
1464,городской округ Лыткарино,Московская область,городской округ,3,1.0
1465,городской округ Люберцы,Московская область,городской округ,3,1.0
1467,городской округ Мытищи,Московская область,городской округ,3,1.0
1468,городской округ Наро-Фоминский,Московская область,городской округ,3,1.0
1472,городской округ Подольск,Московская область,городской округ,3,1.0
1473,городской округ Протвино,Московская область,городской округ,3,1.0
1474,городской округ Пущино,Московская область,городской округ,1,0.5
1475,городской округ Реутов,Московская область,городской округ,3,1.0
1477,городской округ Рузский,Московская область,городской округ,3,0.9583333333333334
1478,городской округ Серебряные Пруды,Московская область,городской округ,1,0.625
1480,городской округ Ступино,Московская область,городской округ,3,1.0
1481,городской округ Фрязино,Московская область,городской округ,3,1.0
1483,городской округ Черноголовка,Московская область,городской округ,3,0.5
1484,городской округ Чехов,Московская область,городской округ,3,1.0
1486,городской округ Шаховская,Московская область,городской округ,2,0.625
1488,городской округ Электросталь,Московская область,городской округ,3,1.0
1489,городской округ Волоколамский,Московская область,городской округ,3,0.9166666666666666
1490,городской округ Воскресенск,Московская область,городской округ,3,1.0
1491,городской округ Дмитровский,Московская область,городской округ,3,1.0
1492,городской округ Клин,Московская область,городской округ,3,1.0
1493,городской округ Ленинский,Московская область,городской округ,3,1.0
1494,городской округ Лотошино,Московская область,городской округ,1,0.875
1495,городской округ Можайский,Московская область,городской округ,3,1.0
1496,городской округ Богородский,Московская область,городской округ,3,1.0
1500,городской округ Раменский,Московская область,городской округ,3,1.0
1501,городской округ Сергиево-Посадский,Московская область,городской округ,3,1.0
1504,городской округ Талдомский,Московская область,городской округ,2,0.5
1506,городской округ город Мурманск,Мурманская область,городской округ,4,0.7916666666666666
1507,муниципальный округ город Апатиты,Мурманская область,муниципальный округ,4,0.9166666666666666
1508,муниципальный округ город Кировск,Мурманская область,муниципальный округ,4,0.9583333333333334
1509,муниципальный округ город Мончегорск,Мурманская область,муниципальный округ,4,0.9583333333333334
1510,муниципальный округ город Оленегорск,Мурманская область,муниципальный округ,4,0.8333333333333334
1511,муниципальный округ город Полярные Зори,Мурманская область,муниципальный округ,4,0.9583333333333334
1512,Ковдорский муниципальный округ,Мурманская область,муниципальный округ,4,0.9583333333333334
1518,Кандалакшский муниципальный район,Мурманская область,муниципальный район,4,0.9583333333333334
1519,Кольский муниципальный район,Мурманская область,муниципальный район,4,0.875
1520,Ловозерский муниципальный район,Мурманская область,муниципальный район,1,0.7083333333333334
1521,Печенгский муниципальный округ,Мурманская область,муниципальный округ,4,0.9583333333333334
1522,Терский муниципальный район,Мурманская область,муниципальный район,1,0.9583333333333334
1523,городской округ город Нижний Новгород,Нижегородская область,городской округ,5,0.75
1525,городской округ город Бор,Нижегородская область,городской округ,5,0.6666666666666666
1526,городской округ город Выкса,Нижегородская область,городской округ,3,0.875
1527,городской округ город Дзержинск,Нижегородская область,городской округ,5,0.75
1528,городской округ город Кулебаки,Нижегородская область,городской округ,2,1.0
1529,городской округ Навашинский,Нижегородская область,городской округ,1,1.0
1530,городской округ Перевозский,Нижегородская область,городской округ,1,0.5416666666666666
1532,городской округ Семеновский,Нижегородская область,городской округ,2,1.0
1533,городской округ город Шахунья,Нижегородская область,городской округ,0,0.9166666666666666
1534,городской округ город Первомайск,Нижегородская область,городской округ,2,0.7916666666666666
1535,городской округ Сокольский,Нижегородская область,городской округ,1,1.0
1536,городской округ город Чкаловск,Нижегородская область,городской округ,2,0.5416666666666666
1537,Ардатовский муниципальный округ,Нижегородская область,муниципальный округ,0,0.7083333333333334
1539,Балахнинский муниципальный округ,Нижегородская область,муниципальный округ,3,0.875
1540,Богородский муниципальный округ,Нижегородская область,муниципальный округ,3,1.0
1541,Большеболдинский муниципальный округ,Нижегородская область,муниципальный округ,2,1.0
1542,Большемурашкинский муниципальный округ,Нижегородская область,муниципальный округ,1,0.625
1543,Бутурлинский муниципальный округ,Нижегородская область,муниципальный округ,2,0.5
1544,Вадский муниципальный округ,Нижегородская область,муниципальный округ,1,0.7083333333333334
1545,Варнавинский муниципальный округ,Нижегородская область,муниципальный округ,2,0.8333333333333334
1546,Вачский муниципальный округ,Нижегородская область,муниципальный округ,1,0.5833333333333334
1547,Ветлужский муниципальный округ,Нижегородская область,муниципальный округ,2,0.7916666666666666
1548,Вознесенский муниципальный округ,Нижегородская область,муниципальный округ,2,1.0
1549,Володарский муниципальный округ,Нижегородская область,муниципальный округ,1,1.0
1550,городской округ Воротынский,Нижегородская область,городской округ,2,0.625
1551,Воскресенский муниципальный округ,Нижегородская область,муниципальный округ,2,0.9583333333333334
1552,Гагинский муниципальный округ,Нижегородская область,муниципальный округ,2,0.875
1553,Городецкий муниципальный округ,Нижегородская область,муниципальный округ,2,0.75
1554,Дальнеконстантиновский муниципальный округ,Нижегородская область,муниципальный округ,2,0.5833333333333334
1555,Дивеевский муниципальный округ,Нижегородская область,муниципальный округ,2,0.7916666666666666
1556,Княгининский муниципальный округ,Нижегородская область,муниципальный округ,2,0.8333333333333334
1557,Ковернинский муниципальный округ,Нижегородская область,муниципальный округ,0,0.375
1558,Краснобаковский муниципальный округ,Нижегородская область,муниципальный округ,1,0.625
1559,Краснооктябрьский муниципальный округ,Нижегородская область,муниципальный округ,2,0.9166666666666666
1560,Кстовский муниципальный округ,Нижегородская область,муниципальный округ,5,0.5416666666666666
1561,Лукояновский муниципальный округ,Нижегородская область,муниципальный округ,2,0.9583333333333334
1562,Лысковский муниципальный округ,Нижегородская область,муниципальный округ,2,0.9583333333333334
1563,Павловский муниципальный округ,Нижегородская область,муниципальный округ,3,0.7083333333333334
1564,Пильнинский муниципальный округ,Нижегородская область,муниципальный округ,2,1.0
1565,Починковский муниципальный округ,Нижегородская область,муниципальный округ,2,0.5416666666666666
1566,Сергачский муниципальный округ,Нижегородская область,муниципальный округ,2,0.875
1567,Сеченовский муниципальный округ,Нижегородская область,муниципальный округ,2,1.0
1568,Сосновский муниципальный округ,Нижегородская область,муниципальный округ,2,0.5416666666666666
1569,Спасский муниципальный округ,Нижегородская область,муниципальный округ,2,0.9583333333333334
1570,Тонкинский муниципальный округ,Нижегородская область,муниципальный округ,2,0.4166666666666667
1571,Тоншаевский муниципальный округ,Нижегородская область,муниципальный округ,1,0.4583333333333333
1572,Уренский муниципальный округ,Нижегородская область,муниципальный округ,6,0.4583333333333333
1573,Шарангский муниципальный округ,Нижегородская область,муниципальный округ,2,0.4583333333333333
1574,Шатковский муниципальный округ,Нижегородская область,муниципальный округ,0,0.875
1575,городской округ Великий Новгород,Новгородская область,городской округ,3,0.875
1577,Боровичский муниципальный район,Новгородская область,муниципальный район,3,0.5833333333333334
1578,Валдайский муниципальный район,Новгородская область,муниципальный район,1,0.75
1579,муниципальный округ Волотовский,Новгородская область,муниципальный округ,1,0.9583333333333334
1580,муниципальный округ Демянский,Новгородская область,муниципальный округ,1,0.7083333333333334
1581,муниципальный округ Крестецкий,Новгородская область,муниципальный округ,1,0.9166666666666666
1582,Любытинский муниципальный район,Новгородская область,муниципальный район,1,0.875
1583,Маловишерский муниципальный район,Новгородская область,муниципальный район,1,0.9166666666666666
1584,муниципальный округ Марёвский,Новгородская область,муниципальный округ,1,0.7916666666666666
1585,муниципальный округ Мошенской,Новгородская область,муниципальный округ,1,0.6666666666666666
1586,Новгородский муниципальный район,Новгородская область,муниципальный район,3,0.9583333333333334
1587,Окуловский муниципальный район,Новгородская область,муниципальный район,1,0.9166666666666666
1588,Парфинский муниципальный район,Новгородская область,муниципальный район,1,0.9583333333333334
1589,муниципальный округ Пестовский,Новгородская область,муниципальный округ,2,0.5
1590,Поддорский муниципальный район,Новгородская область,муниципальный район,1,0.8333333333333334
1591,муниципальный округ Солецкий,Новгородская область,муниципальный округ,1,0.8333333333333334
1592,Старорусский муниципальный район,Новгородская область,муниципальный район,2,0.75
1593,муниципальный округ Хвойнинский,Новгородская область,муниципальный округ,2,0.5416666666666666
1594,Холмский муниципальный район,Новгородская область,муниципальный район,1,0.5833333333333334
1595,Чудовский муниципальный район,Новгородская область,муниципальный район,1,1.0
1596,Шимский муниципальный район,Новгородская область,муниципальный район,1,0.5
1597,городской округ город Новосибирск,Новосибирская область,городской округ,5,0.9583333333333334
1598,городской округ город Бердск,Новосибирская область,городской округ,5,0.9583333333333334
1599,городской округ город Искитим,Новосибирская область,городской округ,5,0.8333333333333334
1600,городской округ город Обь,Новосибирская область,городской округ,5,0.7916666666666666
1601,городской округ рабочий поселок Кольцово,Новосибирская область,городской округ,5,0.75
1602,Баганский муниципальный район,Новосибирская область,муниципальный район,6,0.5416666666666666
1603,Барабинский муниципальный район,Новосибирская область,муниципальный район,6,0.7083333333333334
1604,Болотнинский муниципальный район,Новосибирская область,муниципальный район,6,0.7083333333333334
1605,Венгеровский муниципальный район,Новосибирская область,муниципальный район,0,0.7083333333333334
1606,Доволенский муниципальный район,Новосибирская область,муниципальный район,0,0.875
1607,Здвинский муниципальный район,Новосибирская область,муниципальный район,0,0.6666666666666666
1608,Искитимский муниципальный район,Новосибирская область,муниципальный район,0,0.875
1609,Карасукский муниципальный район,Новосибирская область,муниципальный район,6,0.8333333333333334
1610,Каргатский муниципальный район,Новосибирская область,муниципальный район,1,0.7083333333333334
1611,Колыванский муниципальный район,Новосибирская область,муниципальный район,0,0.7916666666666666
1612,Коченевский муниципальный район,Новосибирская область,муниципальный район,1,0.9166666666666666
1613,Кочковский муниципальный район,Новосибирская область,муниципальный район,2,0.4583333333333333
1614,Краснозерский муниципальный район,Новосибирская область,муниципальный район,0,0.9583333333333334
1615,Куйбышевский муниципальный район,Новосибирская область,муниципальный район,6,0.9166666666666666
1616,Купинский муниципальный район,Новосибирская область,муниципальный район,2,0.4583333333333333
1617,Кыштовский муниципальный район,Новосибирская область,муниципальный район,2,0.5416666666666666
1618,Маслянинский муниципальный район,Новосибирская область,муниципальный район,1,0.5
1619,Мошковский муниципальный район,Новосибирская область,муниципальный район,1,0.6666666666666666
1620,Новосибирский муниципальный район,Новосибирская область,муниципальный район,3,1.0
1621,Ордынский муниципальный район,Новосибирская область,муниципальный район,0,0.7916666666666666
1622,Северный муниципальный район,Новосибирская область,муниципальный район,2,0.375
1623,Сузунский муниципальный район,Новосибирская область,муниципальный район,6,0.625
1624,Татарский муниципальный район,Новосибирская область,муниципальный район,0,0.5416666666666666
1625,Тогучинский муниципальный район,Новосибирская область,муниципальный район,0,0.8333333333333334
1626,Убинский муниципальный район,Новосибирская область,муниципальный район,2,0.7083333333333334
1627,Усть-Таркский муниципальный район,Новосибирская область,муниципальный район,1,0.875
1628,Чановский муниципальный район,Новосибирская область,муниципальный район,0,0.6666666666666666
1629,Черепановский муниципальный район,Новосибирская область,муниципальный район,0,0.9166666666666666
1630,Чистоозерный муниципальный район,Новосибирская область,муниципальный район,0,0.5416666666666666
1631,Чулымский муниципальный район,Новосибирская область,муниципальный район,1,0.875
1632,городской округ город Омск,Омская область,городской округ,5,0.9583333333333334
1633,Азовский немецкий национальный муниципальный район,Омская область,муниципальный район,0,0.8333333333333334
1634,Большереченский муниципальный район,Омская область,муниципальный район,0,0.7916666666666666
1635,Большеуковский муниципальный район,Омская область,муниципальный район,0,0.9166666666666666
1636,Горьковский муниципальный район,Омская область,муниципальный район,0,0.9583333333333334
1637,Знаменский муниципальный район,Омская область,муниципальный район,0,0.9166666666666666
1638,Исилькульский муниципальный район,Омская область,муниципальный район,0,0.5833333333333334
1639,Калачинский муниципальный район,Омская область,муниципальный район,0,0.9583333333333334
1640,Колосовский муниципальный район,Омская область,муниципальный район,0,1.0
1641,Кормиловский муниципальный район,Омская область,муниципальный район,0,0.875
1642,Крутинский муниципальный район,Омская область,муниципальный район,2,0.6666666666666666
1643,Любинский муниципальный район,Омская область,муниципальный район,1,0.875
1644,Марьяновский муниципальный район,Омская область,муниципальный район,0,0.9166666666666666
1645,Москаленский муниципальный район,Омская область,муниципальный район,0,1.0
1646,Муромцевский муниципальный район,Омская область,муниципальный район,0,0.9583333333333334
1647,Называевский муниципальный район,Омская область,муниципальный район,0,0.7916666666666666
1648,Нижнеомский муниципальный район,Омская область,муниципальный район,0,1.0
1649,Нововаршавский муниципальный район,Омская область,муниципальный район,0,0.9583333333333334
1650,Одесский муниципальный район,Омская область,муниципальный район,0,0.5833333333333334
1651,Оконешниковский муниципальный район,Омская область,муниципальный район,0,0.8333333333333334
1652,Омский муниципальный район,Омская область,муниципальный район,5,0.75
1653,Павлоградский муниципальный район,Омская область,муниципальный район,0,0.9166666666666666
1654,Полтавский муниципальный район,Омская область,муниципальный район,0,0.9166666666666666
1655,Русско-Полянский муниципальный район,Омская область,муниципальный район,1,0.75
1656,Саргатский муниципальный район,Омская область,муниципальный район,0,0.9166666666666666
1657,Седельниковский муниципальный район,Омская область,муниципальный район,0,1.0
1658,Таврический муниципальный район,Омская область,муниципальный район,0,0.9166666666666666
1659,Тарский муниципальный район,Омская область,муниципальный район,6,0.5833333333333334
1660,Тевризский муниципальный район,Омская область,муниципальный район,0,0.4583333333333333
1661,Тюкалинский муниципальный район,Омская область,муниципальный район,0,0.9583333333333334
1662,Усть-Ишимский муниципальный район,Омская область,муниципальный район,6,0.4583333333333333
1663,Черлакский муниципальный район,Омская область,муниципальный район,0,0.7916666666666666
1664,Шербакульский муниципальный район,Омская область,муниципальный район,0,0.9583333333333334
1665,городской округ город Оренбург,Оренбургская область,городской округ,5,0.9583333333333334
1666,городской округ Абдулинский,Оренбургская область,городской округ,2,0.9583333333333334
1667,городской округ город Бугуруслан,Оренбургская область,городской округ,2,0.5
1668,городской округ город Бузулук,Оренбургская область,городской округ,5,0.9583333333333334
1669,городской округ Гайский,Оренбургская область,городской округ,4,0.625
1670,городской округ Кувандыкский,Оренбургская область,городской округ,2,0.4583333333333333
1671,городской округ город Медногорск,Оренбургская область,городской округ,1,0.875
1672,городской округ город Новотроицк,Оренбургская область,городской округ,4,0.9583333333333334
1673,городской округ город Орск,Оренбургская область,городской округ,4,0.625
1674,городской округ Соль-Илецкий,Оренбургская область,городской округ,4,0.75
1675,городской округ Сорочинский,Оренбургская область,городской округ,6,0.5416666666666666
1676,городской округ Ясненский,Оренбургская область,городской округ,1,0.6666666666666666
1678,Адамовский муниципальный район,Оренбургская область,муниципальный район,2,0.375
1679,Акбулакский муниципальный район,Оренбургская область,муниципальный район,2,0.5
1680,Александровский муниципальный район,Оренбургская область,муниципальный район,2,0.75
1681,Асекеевский муниципальный район,Оренбургская область,муниципальный район,2,0.5416666666666666
1682,Беляевский муниципальный район,Оренбургская область,муниципальный район,0,0.7083333333333334
1683,Бугурусланский муниципальный район,Оренбургская область,муниципальный район,2,0.5
1685,Грачёвский муниципальный район,Оренбургская область,муниципальный район,0,0.5
1686,Домбаровский муниципальный район,Оренбургская область,муниципальный район,1,1.0
1687,Илекский муниципальный район,Оренбургская область,муниципальный район,0,0.8333333333333334
1688,Кваркенский муниципальный район,Оренбургская область,муниципальный район,1,0.625
1689,Красногвардейский муниципальный район,Оренбургская область,муниципальный район,2,0.6666666666666666
1690,Курманаевский муниципальный район,Оренбургская область,муниципальный район,2,0.6666666666666666
1691,Матвеевский муниципальный район,Оренбургская область,муниципальный район,0,0.5416666666666666
1692,Новоорский муниципальный район,Оренбургская область,муниципальный район,1,0.7916666666666666
1693,Новосергиевский муниципальный район,Оренбургская область,муниципальный район,0,1.0
1694,Октябрьский муниципальный район,Оренбургская область,муниципальный район,0,0.8333333333333334
1696,Первомайский муниципальный район,Оренбургская область,муниципальный район,1,0.5833333333333334
1697,Переволоцкий муниципальный район,Оренбургская область,муниципальный район,0,0.9583333333333334
1698,Пономарёвский муниципальный район,Оренбургская область,муниципальный район,2,0.875
1699,Сакмарский муниципальный район,Оренбургская область,муниципальный район,0,0.8333333333333334
1700,Саракташский муниципальный район,Оренбургская область,муниципальный район,0,0.5
1701,Светлинский муниципальный район,Оренбургская область,муниципальный район,1,0.7916666666666666
1702,Северный муниципальный район,Оренбургская область,муниципальный район,2,0.875
1703,Ташлинский муниципальный район,Оренбургская область,муниципальный район,0,0.9166666666666666
1704,Тоцкий муниципальный район,Оренбургская область,муниципальный район,4,0.7083333333333334
1705,Тюльганский муниципальный район,Оренбургская область,муниципальный район,1,0.625
1706,Шарлыкский муниципальный район,Оренбургская область,муниципальный район,2,0.7916666666666666
1707,городской округ город Орёл,Орловская область,городской округ,3,0.9583333333333334
1708,городской округ город Ливны,Орловская область,городской округ,2,0.7916666666666666
1709,городской округ город Мценск,Орловская область,городской округ,1,0.75
1710,Болховский муниципальный район,Орловская область,муниципальный район,2,0.7916666666666666
1711,Верховский муниципальный район,Орловская область,муниципальный район,2,0.5416666666666666
1712,Глазуновский муниципальный район,Орловская область,муниципальный район,1,0.7916666666666666
1714,Должанский муниципальный район,Орловская область,муниципальный район,2,0.875
1715,Залегощенский муниципальный район,Орловская область,муниципальный район,1,0.8333333333333334
1717,Колпнянский муниципальный район,Орловская область,муниципальный район,1,0.5833333333333334
1718,Краснозоренский муниципальный район,Орловская область,муниципальный район,2,0.5833333333333334
1719,Кромской муниципальный район,Орловская область,муниципальный район,2,0.9583333333333334
1722,Малоархангельский муниципальный район,Орловская область,муниципальный район,2,0.75
1724,Новодеревеньковский муниципальный район,Орловская область,муниципальный район,1,0.5
1725,Новосильский муниципальный район,Орловская область,муниципальный район,2,0.875
1726,муниципальный округ Орловский,Орловская область,муниципальный округ,3,1.0
1727,Покровский муниципальный район,Орловская область,муниципальный район,2,0.7083333333333334
1728,Свердловский муниципальный район,Орловская область,муниципальный район,1,0.5416666666666666
1730,Троснянский муниципальный район,Орловская область,муниципальный район,0,0.75
1731,Урицкий муниципальный район,Орловская область,муниципальный район,1,0.9583333333333334
1732,Хотынецкий муниципальный район,Орловская область,муниципальный район,2,0.875
1733,Шаблыкинский муниципальный район,Орловская область,муниципальный район,1,0.9583333333333334
1737,Башмаковский муниципальный район,Пензенская область,муниципальный район,2,0.9583333333333334
1738,Бековский муниципальный район,Пензенская область,муниципальный район,2,1.0
1739,Белинский муниципальный район,Пензенская область,муниципальный район,2,1.0
1740,Бессоновский муниципальный район,Пензенская область,муниципальный район,2,0.6666666666666666
1741,Вадинский муниципальный район,Пензенская область,муниципальный район,2,0.9166666666666666
1742,Городищенский муниципальный район,Пензенская область,муниципальный район,2,1.0
1743,Земетчинский муниципальный район,Пензенская область,муниципальный район,2,1.0
1744,Иссинский муниципальный район,Пензенская область,муниципальный район,2,1.0
1745,Каменский муниципальный район,Пензенская область,муниципальный район,2,1.0
1746,Камешкирский муниципальный район,Пензенская область,муниципальный район,2,0.9166666666666666
1747,Колышлейский муниципальный район,Пензенская область,муниципальный район,2,1.0
1749,Лопатинский муниципальный район,Пензенская область,муниципальный район,2,0.8333333333333334
1750,Лунинский муниципальный район,Пензенская область,муниципальный район,2,0.875
1751,Малосердобинский муниципальный район,Пензенская область,муниципальный район,2,0.75
1752,Мокшанский муниципальный район,Пензенская область,муниципальный район,2,0.9583333333333334
1753,Наровчатский муниципальный район,Пензенская область,муниципальный район,2,1.0
1754,Неверкинский муниципальный район,Пензенская область,муниципальный район,0,0.5416666666666666
1755,Нижнеломовский муниципальный район,Пензенская область,муниципальный район,2,1.0
1756,Никольский муниципальный район,Пензенская область,муниципальный район,2,1.0
1757,Пачелмский муниципальный район,Пензенская область,муниципальный район,2,0.9583333333333334
1758,Пензенский муниципальный район,Пензенская область,муниципальный район,5,1.0
1759,Сердобский муниципальный район,Пензенская область,муниципальный район,2,1.0
1760,Сосновоборский муниципальный район,Пензенская область,муниципальный район,2,0.9166666666666666
1761,Спасский муниципальный район,Пензенская область,муниципальный район,2,0.9583333333333334
1762,Тамалинский муниципальный район,Пензенская область,муниципальный район,2,1.0
1764,городской округ город Псков,Псковская область,городской округ,5,0.8333333333333334
1765,городской округ город Великие Луки,Псковская область,городской округ,3,0.5833333333333334
1766,Бежаницкий муниципальный район,Псковская область,муниципальный район,1,0.7916666666666666
1768,Гдовский муниципальный район,Псковская область,муниципальный район,1,0.7916666666666666
1769,Дедовичский муниципальный район,Псковская область,муниципальный район,1,0.7916666666666666
1770,Дновский муниципальный район,Псковская область,муниципальный район,1,1.0
1771,муниципальный округ Красногородский,Псковская область,муниципальный округ,2,0.625
1773,муниципальный округ Локнянский,Псковская область,муниципальный округ,1,0.625
1774,муниципальный округ Невельский,Псковская область,муниципальный округ,2,0.75
1775,муниципальный округ Новоржевский,Псковская область,муниципальный округ,1,0.875
1776,Новосокольнический муниципальный район,Псковская область,муниципальный район,1,1.0
1777,муниципальный округ Опочецкий,Псковская область,муниципальный округ,1,0.5833333333333334
1778,Островский муниципальный район,Псковская область,муниципальный район,1,0.875
1780,муниципальный округ Печорский,Псковская область,муниципальный округ,1,0.9166666666666666
1781,Плюсский муниципальный район,Псковская область,муниципальный район,1,0.9583333333333334
1782,Порховский муниципальный район,Псковская область,муниципальный район,1,0.9583333333333334
1783,Псковский муниципальный район,Псковская область,муниципальный район,3,1.0
1784,Пустошкинский муниципальный район,Псковская область,муниципальный район,2,0.6666666666666666
1785,Пушкиногорский муниципальный район,Псковская область,муниципальный район,1,0.9166666666666666
1786,муниципальный округ Пыталовский,Псковская область,муниципальный округ,1,1.0
1787,Себежский муниципальный район,Псковская область,муниципальный район,1,0.8333333333333334
1788,муниципальный округ Струго-Красненский,Псковская область,муниципальный округ,1,0.9583333333333334
1845,городской округ город Рязань,Рязанская область,городской округ,3,1.0
1846,городской округ город Касимов,Рязанская область,городской округ,2,0.875
1848,городской округ город Скопин,Рязанская область,городской округ,2,0.9583333333333334
1849,Ермишинский муниципальный район,Рязанская область,муниципальный район,2,0.875
1850,Захаровский муниципальный район,Рязанская область,муниципальный район,1,0.9583333333333334
1851,Кадомский муниципальный район,Рязанская область,муниципальный район,2,0.875
1852,Касимовский муниципальный район,Рязанская область,муниципальный район,2,0.5833333333333334
1853,Клепиковский муниципальный район,Рязанская область,муниципальный район,2,0.75
1854,Кораблинский муниципальный район,Рязанская область,муниципальный район,1,0.5416666666666666
1855,Милославский муниципальный район,Рязанская область,муниципальный район,1,0.5416666666666666
1856,Михайловский муниципальный район,Рязанская область,муниципальный район,2,0.875
1857,Александро-Невский муниципальный район,Рязанская область,муниципальный район,1,0.5833333333333334
1858,Пителинский муниципальный район,Рязанская область,муниципальный район,2,0.7916666666666666
1859,Пронский муниципальный район,Рязанская область,муниципальный район,2,0.6666666666666666
1860,Путятинский муниципальный округ,Рязанская область,муниципальный округ,1,0.625
1861,Рыбновский муниципальный район,Рязанская область,муниципальный район,2,0.5
1862,Ряжский муниципальный округ,Рязанская область,муниципальный округ,2,0.7083333333333334
1863,Рязанский муниципальный район,Рязанская область,муниципальный район,3,1.0
1864,Сапожковский муниципальный район,Рязанская область,муниципальный район,2,0.9583333333333334
1865,Сараевский муниципальный район,Рязанская область,муниципальный район,2,0.8333333333333334
1868,Спасский муниципальный район,Рязанская область,муниципальный район,2,0.5833333333333334
1869,Старожиловский муниципальный район,Рязанская область,муниципальный район,1,1.0
1870,Ухоловский муниципальный район,Рязанская область,муниципальный район,2,1.0
1871,Чучковский муниципальный район,Рязанская область,муниципальный район,2,0.9166666666666666
1872,Шацкий муниципальный район,Рязанская область,муниципальный район,2,0.9583333333333334
1873,Шиловский муниципальный район,Рязанская область,муниципальный район,2,0.5416666666666666
1874,городской округ Самара,Самарская область,городской округ,5,1.0
1875,городской округ Жигулевск,Самарская область,городской округ,5,0.625
1876,городской округ Кинель,Самарская область,городской округ,3,0.7916666666666666
1877,городской округ Новокуйбышевск,Самарская область,городской округ,3,0.625
1878,городской округ Октябрьск,Самарская область,городской округ,1,0.9166666666666666
1879,городской округ Отрадный,Самарская область,городской округ,3,0.7916666666666666
1880,городской округ Похвистнево,Самарская область,городской округ,2,0.9583333333333334
1881,городской округ Сызрань,Самарская область,городской округ,5,1.0
1883,городской округ Чапаевск,Самарская область,городской округ,2,0.7916666666666666
1884,Алексеевский муниципальный район,Самарская область,муниципальный район,2,0.5833333333333334
1885,Безенчукский муниципальный район,Самарская область,муниципальный район,1,0.75
1886,Богатовский муниципальный район,Самарская область,муниципальный район,2,0.5416666666666666
1887,Большеглушицкий муниципальный район,Самарская область,муниципальный район,2,1.0
1888,Большечерниговский муниципальный район,Самарская область,муниципальный район,2,0.625
1889,Борский муниципальный район,Самарская область,муниципальный район,2,0.7083333333333334
1890,Волжский муниципальный район,Самарская область,муниципальный район,3,1.0
1891,Елховский муниципальный район,Самарская область,муниципальный район,2,0.7916666666666666
1892,Исаклинский муниципальный район,Самарская область,муниципальный район,0,0.7083333333333334
1893,Камышлинский муниципальный район,Самарская область,муниципальный район,2,0.875
1894,Кинельский муниципальный район,Самарская область,муниципальный район,1,0.75
1895,Кинель-Черкасский муниципальный район,Самарская область,муниципальный район,2,0.625
1896,Клявлинский муниципальный район,Самарская область,муниципальный район,2,0.8333333333333334
1897,Кошкинский муниципальный район,Самарская область,муниципальный район,0,0.7083333333333334
1898,Красноармейский муниципальный район,Самарская область,муниципальный район,2,0.5
1899,Красноярский муниципальный район,Самарская область,муниципальный район,2,0.75
1900,Нефтегорский муниципальный район,Самарская область,муниципальный район,1,0.5416666666666666
1901,Пестравский муниципальный район,Самарская область,муниципальный район,1,0.5833333333333334
1902,Похвистневский муниципальный район,Самарская область,муниципальный район,1,0.375
1903,Приволжский муниципальный район,Самарская область,муниципальный район,1,0.75
1904,Сергиевский муниципальный район,Самарская область,муниципальный район,2,0.5
1905,Ставропольский муниципальный район,Самарская область,муниципальный район,3,0.9583333333333334
1906,Сызранский муниципальный район,Самарская область,муниципальный район,3,0.7083333333333334
1907,Хворостянский муниципальный район,Самарская область,муниципальный район,2,0.5416666666666666
1908,Челно-Вершинский муниципальный район,Самарская область,муниципальный район,2,0.5416666666666666
1909,Шенталинский муниципальный район,Самарская область,муниципальный район,2,0.9583333333333334
1910,Шигонский муниципальный район,Самарская область,муниципальный район,1,0.5
1912,городской округ город Шиханы,Саратовская область,городской округ,2,0.6666666666666666
1915,Александрово-Гайский муниципальный район,Саратовская область,муниципальный район,2,1.0
1916,Аркадакский муниципальный район,Саратовская область,муниципальный район,2,1.0
1917,Аткарский муниципальный район,Саратовская область,муниципальный район,2,1.0
1918,Базарно-Карабулакский муниципальный район,Саратовская область,муниципальный район,2,0.7916666666666666
1919,Балаковский муниципальный район,Саратовская область,муниципальный район,5,0.9583333333333334
1920,Балашовский муниципальный район,Саратовская область,муниципальный район,2,0.9166666666666666
1921,Балтайский муниципальный район,Саратовская область,муниципальный район,2,0.9166666666666666
1922,Вольский муниципальный район,Саратовская область,муниципальный район,2,0.75
1923,Воскресенский муниципальный район,Саратовская область,муниципальный район,1,0.6666666666666666
1924,Дергачевский муниципальный район,Саратовская область,муниципальный район,2,1.0
1925,Духовницкий муниципальный район,Саратовская область,муниципальный район,0,0.7083333333333334
1926,Екатериновский муниципальный район,Саратовская область,муниципальный район,2,0.9583333333333334
1927,Ершовский муниципальный район,Саратовская область,муниципальный район,2,1.0
1928,Ивантеевский муниципальный район,Саратовская область,муниципальный район,2,0.875
1929,Калининский муниципальный район,Саратовская область,муниципальный район,2,1.0
1930,Красноармейский муниципальный район,Саратовская область,муниципальный район,2,0.8333333333333334
1931,Краснокутский муниципальный район,Саратовская область,муниципальный район,2,1.0
1932,Краснопартизанский муниципальный район,Саратовская область,муниципальный район,2,1.0
1933,Лысогорский муниципальный район,Саратовская область,муниципальный район,2,1.0
1934,Марксовский муниципальный район,Саратовская область,муниципальный район,2,1.0
1935,Новобурасский муниципальный район,Саратовская область,муниципальный район,2,0.8333333333333334
1936,Новоузенский муниципальный район,Саратовская область,муниципальный район,2,0.9583333333333334
1937,Озинский муниципальный район,Саратовская область,муниципальный район,2,0.75
1938,Перелюбский муниципальный район,Саратовская область,муниципальный район,2,0.625
1939,Петровский муниципальный район,Саратовская область,муниципальный район,2,0.875
1940,Питерский муниципальный район,Саратовская область,муниципальный район,2,1.0
1941,Пугачевский муниципальный район,Саратовская область,муниципальный район,2,1.0
1942,Ровенский муниципальный район,Саратовская область,муниципальный район,2,0.8333333333333334
1943,Романовский муниципальный район,Саратовская область,муниципальный район,2,0.9166666666666666
1944,Ртищевский муниципальный район,Саратовская область,муниципальный район,2,0.9583333333333334
1945,Самойловский муниципальный район,Саратовская область,муниципальный район,2,1.0
1947,Советский муниципальный район,Саратовская область,муниципальный район,1,0.8333333333333334
1948,Татищевский муниципальный район,Саратовская область,муниципальный район,0,0.9583333333333334
1949,Турковский муниципальный район,Саратовская область,муниципальный район,2,1.0
1950,Федоровский муниципальный район,Саратовская область,муниципальный район,2,0.4166666666666667
1951,Хвалынский муниципальный район,Саратовская область,муниципальный район,2,0.7083333333333334
1952,Энгельсский муниципальный район,Саратовская область,муниципальный район,5,1.0
1954,городской округ Александровск-Сахалинский район,Сахалинская область,городской округ,4,0.9166666666666666
1955,городской округ Анивский,Сахалинская область,городской округ,4,0.875
1956,городской округ Долинский,Сахалинская область,городской округ,4,0.875
1957,городской округ Корсаковский,Сахалинская область,городской округ,4,1.0
1958,городской округ Курильский,Сахалинская область,городской округ,4,1.0
1959,городской округ Макаровский,Сахалинская область,городской округ,4,0.875
1960,городской округ Невельский,Сахалинская область,городской округ,4,0.875
1961,городской округ Ногликский,Сахалинская область,городской округ,4,1.0
1962,городской округ Охинский,Сахалинская область,городской округ,4,1.0
1963,городской округ Поронайский,Сахалинская область,городской округ,4,0.875
1965,городской округ Смирныховский,Сахалинская область,городской округ,4,0.5
1966,городской округ Томаринский,Сахалинская область,городской округ,0,0.5
1967,городской округ Тымовский,Сахалинская область,городской округ,4,0.875
1968,городской округ Углегорский,Сахалинская область,городской округ,4,1.0
1969,городской округ Холмский,Сахалинская область,городской округ,4,0.875
1970,городской округ Южно-Курильский,Сахалинская область,городской округ,4,1.0
1971,городской округ город Екатеринбург,Свердловская область,городской округ,5,0.9583333333333334
1972,городской округ город Алапаевск,Свердловская область,городской округ,4,0.9583333333333334
1973,городской округ Артемовский,Свердловская область,городской округ,4,0.6666666666666666
1974,городской округ Асбестовский,Свердловская область,городской округ,5,0.625
1975,городской округ Малышевский,Свердловская область,городской округ,1,0.7083333333333334
1976,городской округ Рефтинский,Свердловская область,городской округ,1,0.9166666666666666
1977,городской округ Березовский,Свердловская область,городской округ,5,0.9583333333333334
1978,городской округ Богданович,Свердловская область,городской округ,4,0.9583333333333334
1979,городской округ Верхняя Пышма,Свердловская область,городской округ,5,0.9583333333333334
1980,городской округ Среднеуральск,Свердловская область,городской округ,5,0.4166666666666667
1981,городской округ Верхнесалдинский,Свердловская область,городской округ,4,0.9583333333333334
1982,городской округ Заречный,Свердловская область,городской округ,5,0.4583333333333333
1983,городской округ Ивдельский,Свердловская область,городской округ,1,0.9583333333333334
1984,городской округ Пелым,Свердловская область,городской округ,1,1.0
1985,городской округ город Ирбит,Свердловская область,городской округ,4,0.6666666666666666
1986,городской округ город Каменск-Уральский,Свердловская область,городской округ,5,0.9583333333333334
1987,городской округ Камышловский,Свердловская область,городской округ,4,0.6666666666666666
1988,городской округ Карпинск,Свердловская область,городской округ,1,0.9166666666666666
1989,городской округ Волчанский,Свердловская область,городской округ,1,0.9583333333333334
1990,городской округ Качканарский,Свердловская область,городской округ,4,0.9583333333333334
1991,городской округ Кировградский,Свердловская область,городской округ,4,0.75
1992,городской округ Верхний Тагил,Свердловская область,городской округ,4,0.4583333333333333
1993,городской округ Краснотурьинск,Свердловская область,городской округ,4,0.7916666666666666
1994,городской округ Красноуральск,Свердловская область,городской округ,1,0.9166666666666666
1995,городской округ Красноуфимск,Свердловская область,городской округ,5,0.625
1996,городской округ Кушвинский,Свердловская область,городской округ,1,0.6666666666666666
1997,городской округ Верхняя Тура,Свердловская область,городской округ,1,1.0
1999,городской округ Невьянский,Свердловская область,городской округ,4,0.8333333333333334
2000,городской округ город Нижний Тагил,Свердловская область,городской округ,5,0.9583333333333334
2001,городской округ Нижняя Салда,Свердловская область,городской округ,1,0.7083333333333334
2002,городской округ Нижнетуринский,Свердловская область,городской округ,4,0.625
2004,городской округ Первоуральск,Свердловская область,городской округ,5,0.9583333333333334
2005,городской округ Полевской,Свердловская область,городской округ,4,0.4583333333333333
2006,городской округ Ревда,Свердловская область,городской округ,5,0.8333333333333334
2007,городской округ Дегтярск,Свердловская область,городской округ,1,1.0
2008,городской округ Режевской,Свердловская область,городской округ,4,1.0
2009,городской округ Североуральский,Свердловская область,городской округ,1,0.8333333333333334
2010,городской округ Серовский,Свердловская область,городской округ,5,0.5
2011,городской округ Сухой Лог,Свердловская область,городской округ,4,0.9583333333333334
2012,городской округ Тавдинский,Свердловская область,городской округ,4,0.375
2015,городской округ Алапаевское,Свердловская область,городской округ,1,0.625
2017,городской округ Артинский,Свердловская область,городской округ,0,1.0
2018,городской округ Ачитский,Свердловская область,городской округ,1,0.5416666666666666
2019,городской округ Белоярский,Свердловская область,городской округ,1,0.625
2021,городской округ Верхотурский,Свердловская область,городской округ,1,0.7916666666666666
2022,городской округ Гаринский,Свердловская область,городской округ,0,0.9583333333333334
2023,городской округ Ирбитское,Свердловская область,городской округ,1,0.625
2024,городской округ Каменский,Свердловская область,городской округ,5,0.6666666666666666
2025,городской округ Красноуфимский округ,Свердловская область,городской округ,6,0.7916666666666666
2027,городской округ Бисертский,Свердловская область,городской округ,1,1.0
2028,городской округ Новолялинский,Свердловская область,городской округ,1,0.75
2030,городской округ Пышминский,Свердловская область,городской округ,0,0.625
2031,городской округ Сосьвинский,Свердловская область,городской округ,1,1.0
2032,городской округ Сысертский,Свердловская область,городской округ,5,0.9166666666666666
2033,городской округ Арамильский,Свердловская область,городской округ,5,0.9583333333333334
2034,городской округ Талицкий,Свердловская область,городской округ,0,0.4583333333333333
2035,городской округ Тугулымский,Свердловская область,городской округ,0,0.5833333333333334
2036,городской округ Туринский,Свердловская область,городской округ,0,0.5416666666666666
2037,городской округ Шалинский,Свердловская область,городской округ,0,0.9583333333333334
2039,Байкаловский муниципальный район,Свердловская область,муниципальный район,1,0.9583333333333334
2040,Камышловский муниципальный район,Свердловская область,муниципальный район,4,0.9166666666666666
2041,Слободо-Туринский муниципальный район,Свердловская область,муниципальный район,1,0.625
2042,Нижнесергинский муниципальный район,Свердловская область,муниципальный район,1,0.9166666666666666
2043,Таборинский муниципальный район,Свердловская область,муниципальный район,0,0.75
2044,городской округ город Смоленск,Смоленская область,городской округ,3,0.75
2045,городской округ город Десногорск,Смоленская область,городской округ,1,0.8333333333333334
2046,Велижский муниципальный район,Смоленская область,муниципальный район,1,0.7916666666666666
2047,Вяземский муниципальный район,Смоленская область,муниципальный район,3,0.5
2048,Гагаринский муниципальный район,Смоленская область,муниципальный район,2,0.5833333333333334
2049,Глинковский муниципальный район,Смоленская область,муниципальный район,1,0.5416666666666666
2050,Демидовский муниципальный район,Смоленская область,муниципальный район,1,0.625
2051,Дорогобужский муниципальный район,Смоленская область,муниципальный район,1,1.0
2052,Духовщинский муниципальный район,Смоленская область,муниципальный район,1,0.7083333333333334
2053,Ельнинский муниципальный район,Смоленская область,муниципальный район,1,0.7083333333333334
2054,Ершичский муниципальный район,Смоленская область,муниципальный район,0,0.9583333333333334
2055,Кардымовский муниципальный район,Смоленская область,муниципальный район,1,0.9583333333333334
2056,Краснинский муниципальный район,Смоленская область,муниципальный район,2,0.5833333333333334
2057,Монастырщинский муниципальный район,Смоленская область,муниципальный район,0,0.9583333333333334
2058,Новодугинский муниципальный район,Смоленская область,муниципальный район,1,0.6666666666666666
2059,Починковский муниципальный район,Смоленская область,муниципальный район,1,0.9166666666666666
2060,Рославльский муниципальный район,Смоленская область,муниципальный район,1,0.6666666666666666
2061,Руднянский муниципальный район,Смоленская область,муниципальный район,2,0.7916666666666666
2062,Сафоновский муниципальный район,Смоленская область,муниципальный район,1,0.875
2063,Смоленский муниципальный район,Смоленская область,муниципальный район,3,1.0
2064,Сычевский муниципальный район,Смоленская область,муниципальный район,1,0.9166666666666666
2065,Темкинский муниципальный район,Смоленская область,муниципальный район,2,0.6666666666666666
2066,Угранский муниципальный район,Смоленская область,муниципальный район,1,0.9166666666666666
2067,Хиславичский муниципальный район,Смоленская область,муниципальный район,2,0.7083333333333334
2068,Холм-Жирковский муниципальный район,Смоленская область,муниципальный район,2,0.5416666666666666
2069,Шумячский муниципальный район,Смоленская область,муниципальный район,0,0.5833333333333334
2070,Ярцевский муниципальный район,Смоленская область,муниципальный район,1,0.9583333333333334
2072,городской округ город Кирсанов,Тамбовская область,городской округ,2,1.0
2073,городской округ город Котовск,Тамбовская область,городской округ,2,0.5416666666666666
2074,городской округ город Мичуринск,Тамбовская область,городской округ,2,0.6666666666666666
2075,городской округ город Моршанск,Тамбовская область,городской округ,2,1.0
2076,городской округ город Рассказово,Тамбовская область,городской округ,2,1.0
2077,городской округ город Уварово,Тамбовская область,городской округ,2,1.0
2078,Бондарский муниципальный округ,Тамбовская область,муниципальный округ,0,0.7916666666666666
2079,Гавриловский муниципальный округ,Тамбовская область,муниципальный округ,2,1.0
2080,Жердевский муниципальный округ,Тамбовская область,муниципальный округ,2,0.9583333333333334
2081,Знаменский муниципальный округ,Тамбовская область,муниципальный округ,2,0.7083333333333334
2082,Инжавинский муниципальный округ,Тамбовская область,муниципальный округ,2,1.0
2085,Мордовский муниципальный округ,Тамбовская область,муниципальный округ,2,1.0
2087,Мучкапский муниципальный округ,Тамбовская область,муниципальный округ,2,1.0
2088,Никифоровский муниципальный округ,Тамбовская область,муниципальный округ,2,1.0
2089,Первомайский муниципальный округ,Тамбовская область,муниципальный округ,2,0.875
2090,Петровский муниципальный округ,Тамбовская область,муниципальный округ,2,0.9166666666666666
2091,Пичаевский муниципальный округ,Тамбовская область,муниципальный округ,2,0.9583333333333334
2093,Ржаксинский муниципальный округ,Тамбовская область,муниципальный округ,2,1.0
2094,Сампурский муниципальный округ,Тамбовская область,муниципальный округ,1,0.5833333333333334
2095,Сосновский муниципальный округ,Тамбовская область,муниципальный округ,2,0.9583333333333334
2096,Староюрьевский муниципальный округ,Тамбовская область,муниципальный округ,2,0.9583333333333334
2098,Токарёвский муниципальный округ,Тамбовская область,муниципальный округ,2,1.0
2100,Умётский муниципальный округ,Тамбовская область,муниципальный округ,2,0.7083333333333334
2101,городской округ город Тверь,Тверская область,городской округ,3,1.0
2105,городской округ Осташковский,Тверская область,городской округ,2,0.5416666666666666
2108,городской округ город Торжок,Тверская область,городской округ,2,0.6666666666666666
2109,городской округ Удомельский,Тверская область,городской округ,1,0.8333333333333334
2110,муниципальный округ Андреапольский,Тверская область,муниципальный округ,1,0.5416666666666666
2111,муниципальный округ Бежецкий,Тверская область,муниципальный округ,2,0.5416666666666666
2112,муниципальный округ Бельский,Тверская область,муниципальный округ,1,0.75
2113,муниципальный округ Бологовский,Тверская область,муниципальный округ,2,0.625
2114,муниципальный округ Весьегонский,Тверская область,муниципальный округ,1,0.8333333333333334
2116,муниципальный округ Жарковский,Тверская область,муниципальный округ,2,0.6666666666666666
2117,муниципальный округ Западнодвинский,Тверская область,муниципальный округ,2,0.5
2118,муниципальный округ Зубцовский,Тверская область,муниципальный округ,1,0.6666666666666666
2119,муниципальный округ Калининский,Тверская область,муниципальный округ,3,1.0
2120,муниципальный округ Калязинский,Тверская область,муниципальный округ,1,0.6666666666666666
2121,городской округ Кашинский,Тверская область,городской округ,2,0.75
2122,муниципальный округ Кесовогорский,Тверская область,муниципальный округ,1,0.625
2124,муниципальный округ Конаковский,Тверская область,муниципальный округ,2,0.75
2125,муниципальный округ Краснохолмский,Тверская область,муниципальный округ,2,0.5416666666666666
2126,муниципальный округ Кувшиновский,Тверская область,муниципальный округ,1,0.75
2127,муниципальный округ Лесной,Тверская область,муниципальный округ,0,0.5416666666666666
2128,муниципальный округ Лихославльский,Тверская область,муниципальный округ,1,0.9166666666666666
2129,муниципальный округ Максатихинский,Тверская область,муниципальный округ,2,0.5416666666666666
2130,муниципальный округ Молоковский,Тверская область,муниципальный округ,1,0.75
2131,городской округ Нелидовский,Тверская область,городской округ,1,1.0
2132,муниципальный округ Оленинский,Тверская область,муниципальный округ,1,0.875
2133,муниципальный округ Пеновский,Тверская область,муниципальный округ,2,0.625
2134,муниципальный округ Рамешковский,Тверская область,муниципальный округ,1,1.0
2136,муниципальный округ Сандовский,Тверская область,муниципальный округ,1,0.7916666666666666
2137,муниципальный округ Селижаровский,Тверская область,муниципальный округ,2,0.5416666666666666
2138,муниципальный округ Сонковский,Тверская область,муниципальный округ,1,0.9166666666666666
2139,муниципальный округ Спировский,Тверская область,муниципальный округ,1,0.75
2140,муниципальный округ Старицкий,Тверская область,муниципальный округ,1,0.5416666666666666
2142,муниципальный округ Торопецкий,Тверская область,муниципальный округ,2,0.875
2143,муниципальный округ Фировский,Тверская область,муниципальный округ,2,0.5
2144,городской округ город Томск,Томская область,городской округ,5,0.9583333333333334
2145,городской округ город Кедровый,Томская область,городской округ,1,1.0
2146,городской округ город Стрежевой,Томская область,городской округ,4,0.9583333333333334
2148,Александровский муниципальный район,Томская область,муниципальный район,4,0.9583333333333334
2149,Асиновский муниципальный район,Томская область,муниципальный район,0,1.0
2150,Бакчарский муниципальный район,Томская область,муниципальный район,0,0.7916666666666666
2151,Верхнекетский муниципальный район,Томская область,муниципальный район,1,0.7916666666666666
2152,Зырянский муниципальный район,Томская область,муниципальный район,0,0.7083333333333334
2153,Каргасокский муниципальный район,Томская область,муниципальный район,2,0.5
2154,Кожевниковский муниципальный район,Томская область,муниципальный район,0,0.9583333333333334
2155,Колпашевский муниципальный район,Томская область,муниципальный район,4,0.625
2156,Кривошеинский муниципальный район,Томская область,муниципальный район,0,0.625
2157,Молчановский муниципальный район,Томская область,муниципальный район,0,0.7916666666666666
2158,Парабельский муниципальный район,Томская область,муниципальный район,1,1.0
2159,Первомайский муниципальный район,Томская область,муниципальный район,0,1.0
2160,Тегульдетский муниципальный район,Томская область,муниципальный район,1,0.9583333333333334
2161,Томский муниципальный район,Томская область,муниципальный район,5,0.9583333333333334
2162,Чаинский муниципальный район,Томская область,муниципальный район,1,0.7083333333333334
2163,Шегарский муниципальный район,Томская область,муниципальный район,0,1.0
2164,городской округ город Тула,Тульская область,городской округ,3,1.0
2165,городской округ город Алексин,Тульская область,городской округ,3,0.7916666666666666
2167,городской округ город Донской,Тульская область,городской округ,3,0.6666666666666666
2168,городской округ город Ефремов,Тульская область,городской округ,2,0.9166666666666666
2169,городской округ город Новомосковск,Тульская область,городской округ,3,1.0
2171,Арсеньевский муниципальный район,Тульская область,муниципальный район,2,0.7083333333333334
2172,Белевский муниципальный район,Тульская область,муниципальный район,2,1.0
2173,Богородицкий муниципальный район,Тульская область,муниципальный район,2,0.9583333333333334
2174,Веневский муниципальный район,Тульская область,муниципальный район,1,0.6666666666666666
2175,Воловский муниципальный район,Тульская область,муниципальный район,2,0.8333333333333334
2176,Дубенский муниципальный район,Тульская область,муниципальный район,1,0.875
2177,Заокский муниципальный район,Тульская область,муниципальный район,2,0.5833333333333334
2178,Каменский муниципальный район,Тульская область,муниципальный район,2,0.625
2179,Кимовский муниципальный район,Тульская область,муниципальный район,2,0.7916666666666666
2180,Киреевский муниципальный район,Тульская область,муниципальный район,1,0.5833333333333334
2181,Куркинский муниципальный район,Тульская область,муниципальный район,2,0.6666666666666666
2182,Одоевский муниципальный район,Тульская область,муниципальный район,2,0.5833333333333334
2183,Плавский муниципальный район,Тульская область,муниципальный район,1,0.7083333333333334
2184,Суворовский муниципальный район,Тульская область,муниципальный район,2,0.875
2185,Тепло-Огаревский муниципальный район,Тульская область,муниципальный район,2,0.8333333333333334
2186,Узловский муниципальный район,Тульская область,муниципальный район,3,0.8333333333333334
2187,Чернский муниципальный район,Тульская область,муниципальный район,1,0.9583333333333334
2188,Щекинский муниципальный район,Тульская область,муниципальный район,3,0.8333333333333334
2189,Ясногорский муниципальный район,Тульская область,муниципальный район,1,0.5833333333333334
2190,городской округ город Тюмень,Тюменская область,городской округ,5,0.9583333333333334
2191,городской округ Заводоуковский,Тюменская область,городской округ,6,0.875
2192,городской округ город Ишим,Тюменская область,городской округ,6,0.4166666666666667
2193,городской округ город Тобольск,Тюменская область,городской округ,5,0.9583333333333334
2194,городской округ город Ялуторовск,Тюменская область,городской округ,6,0.7083333333333334
2195,Абатский муниципальный район,Тюменская область,муниципальный район,6,0.75
2196,Армизонский муниципальный район,Тюменская область,муниципальный район,2,0.9166666666666666
2197,Аромашевский муниципальный район,Тюменская область,муниципальный район,0,0.625
2198,Бердюжский муниципальный район,Тюменская область,муниципальный район,1,0.625
2199,Вагайский муниципальный район,Тюменская область,муниципальный район,6,0.4166666666666667
2200,Викуловский муниципальный район,Тюменская область,муниципальный район,1,0.4166666666666667
2201,городской округ Голышмановский,Тюменская область,городской округ,6,0.75
2202,Исетский муниципальный район,Тюменская область,муниципальный район,6,0.6666666666666666
2203,Ишимский муниципальный район,Тюменская область,муниципальный район,6,0.9166666666666666
2204,Казанский муниципальный район,Тюменская область,муниципальный район,1,0.9166666666666666
2205,Нижнетавдинский муниципальный район,Тюменская область,муниципальный район,0,0.875
2206,Омутинский муниципальный район,Тюменская область,муниципальный район,0,0.5
2207,Сладковский муниципальный район,Тюменская область,муниципальный район,1,0.6666666666666666
2208,Сорокинский муниципальный район,Тюменская область,муниципальный район,6,0.7916666666666666
2210,Тюменский муниципальный район,Тюменская область,муниципальный район,3,0.5833333333333334
2211,Уватский муниципальный район,Тюменская область,муниципальный район,1,1.0
2212,Упоровский муниципальный район,Тюменская область,муниципальный район,0,0.9166666666666666
2213,Юргинский муниципальный район,Тюменская область,муниципальный район,1,0.625
2215,Ярковский муниципальный район,Тюменская область,муниципальный район,0,0.5833333333333334
2216,городской округ город Ханты-Мансийск,Ханты-Мансийский автономный округ — Югра,городской округ,5,0.4583333333333333
2217,городской округ город Когалым,Ханты-Мансийский автономный округ — Югра,городской округ,4,0.9166666666666666
2218,городской округ город Лангепас,Ханты-Мансийский автономный округ — Югра,городской округ,4,0.9583333333333334
2219,городской округ город Мегион,Ханты-Мансийский автономный округ — Югра,городской округ,4,0.9583333333333334
2220,городской округ город Нефтеюганск,Ханты-Мансийский автономный округ — Югра,городской округ,4,0.9166666666666666
2221,городской округ город Нижневартовск,Ханты-Мансийский автономный округ — Югра,городской округ,4,0.875
2222,городской округ город Нягань,Ханты-Мансийский автономный округ — Югра,городской округ,4,0.9583333333333334
2223,городской округ город Покачи,Ханты-Мансийский автономный округ — Югра,городской округ,4,0.9583333333333334
2224,городской округ город Пыть-Ях,Ханты-Мансийский автономный округ — Югра,городской округ,4,0.9583333333333334
2225,городской округ город Радужный,Ханты-Мансийский автономный округ — Югра,городской округ,4,0.9583333333333334
2226,городской округ город Сургут,Ханты-Мансийский автономный округ — Югра,городской округ,5,0.5416666666666666
2227,городской округ город Урай,Ханты-Мансийский автономный округ — Югра,городской округ,4,0.9583333333333334
2228,городской округ город Югорск,Ханты-Мансийский автономный округ — Югра,городской округ,4,0.9583333333333334
2229,Белоярский муниципальный район,Ханты-Мансийский автономный округ — Югра,муниципальный район,4,0.9583333333333334
2230,Березовский муниципальный район,Ханты-Мансийский автономный округ — Югра,муниципальный район,4,1.0
2231,Кондинский муниципальный район,Ханты-Мансийский автономный округ — Югра,муниципальный район,4,0.7916666666666666
2232,Нефтеюганский муниципальный район,Ханты-Мансийский автономный округ — Югра,муниципальный район,4,0.9583333333333334
2233,Нижневартовский муниципальный район,Ханты-Мансийский автономный округ — Югра,муниципальный район,4,0.9583333333333334
2234,Октябрьский муниципальный район,Ханты-Мансийский автономный округ — Югра,муниципальный район,4,0.75
2235,Советский муниципальный район,Ханты-Мансийский автономный округ — Югра,муниципальный район,4,0.9583333333333334
2236,Сургутский муниципальный район,Ханты-Мансийский автономный округ — Югра,муниципальный район,4,0.9166666666666666
2237,Ханты-Мансийский муниципальный район,Ханты-Мансийский автономный округ — Югра,муниципальный район,6,0.625
2238,городской округ город Салехард,Ямало-Ненецкий автономный округ,городской округ,4,0.9583333333333334
2241,городской округ город Муравленко,Ямало-Ненецкий автономный округ,городской округ,4,0.9583333333333334
2242,городской округ город Новый Уренгой,Ямало-Ненецкий автономный округ,городской округ,4,0.9583333333333334
2243,городской округ город Ноябрьск,Ямало-Ненецкий автономный округ,городской округ,4,0.9583333333333334
2244,муниципальный округ Красноселькупский район,Ямало-Ненецкий автономный округ,муниципальный округ,4,1.0
2245,муниципальный округ Надымский район,Ямало-Ненецкий автономный округ,муниципальный округ,4,0.9583333333333334
2248,муниципальный округ Тазовский район,Ямало-Ненецкий автономный округ,муниципальный округ,4,0.9583333333333334
2249,муниципальный округ Шурышкарский район,Ямало-Ненецкий автономный округ,муниципальный округ,4,1.0
2250,муниципальный округ Ямальский район,Ямало-Ненецкий автономный округ,муниципальный округ,4,1.0
2251,городской округ город Ульяновск,Ульяновская область,городской округ,5,1.0
2252,городской округ город Димитровград,Ульяновская область,городской округ,5,1.0
2253,городской округ город Новоульяновск,Ульяновская область,городской округ,1,0.75
2254,Базарносызганский муниципальный район,Ульяновская область,муниципальный район,2,0.8333333333333334
2255,Барышский муниципальный район,Ульяновская область,муниципальный район,2,0.6666666666666666
2256,Вешкаймский муниципальный район,Ульяновская область,муниципальный район,2,1.0
2257,Инзенский муниципальный район,Ульяновская область,муниципальный район,2,0.9166666666666666
2258,Карсунский муниципальный район,Ульяновская область,муниципальный район,2,1.0
2259,Кузоватовский муниципальный район,Ульяновская область,муниципальный район,2,0.9166666666666666
2260,Майнский муниципальный район,Ульяновская область,муниципальный район,0,1.0
2262,Николаевский муниципальный район,Ульяновская область,муниципальный район,2,0.9166666666666666
2264,Новоспасский муниципальный район,Ульяновская область,муниципальный район,2,0.625
2265,Павловский муниципальный район,Ульяновская область,муниципальный район,2,0.9583333333333334
2266,Радищевский муниципальный район,Ульяновская область,муниципальный район,2,1.0
2267,Сенгилеевский муниципальный район,Ульяновская область,муниципальный район,1,0.5416666666666666
2268,Старокулаткинский муниципальный район,Ульяновская область,муниципальный район,2,0.625
2269,Старомайнский муниципальный район,Ульяновская область,муниципальный район,1,0.5
2270,Сурский муниципальный район,Ульяновская область,муниципальный район,2,0.9583333333333334
2271,Тереньгульский муниципальный район,Ульяновская область,муниципальный район,2,0.4583333333333333
2272,Ульяновский муниципальный район,Ульяновская область,муниципальный район,0,0.5833333333333334
2274,Чердаклинский муниципальный район,Ульяновская область,муниципальный район,0,0.75
2275,городской округ Челябинский,Челябинская область,городской округ,5,0.9583333333333334
2276,городской округ Верхнеуфалейский,Челябинская область,городской округ,0,0.6666666666666666
2278,городской округ Карабашский,Челябинская область,городской округ,1,1.0
2279,городской округ Копейский,Челябинская область,городской округ,5,0.9583333333333334
2280,городской округ Кыштымский,Челябинская область,городской округ,5,0.9583333333333334
2281,городской округ Магнитогорский,Челябинская область,городской округ,5,0.9583333333333334
2282,городской округ Миасский,Челябинская область,городской округ,5,0.9583333333333334
2286,городской округ Троицкий,Челябинская область,городской округ,5,0.7916666666666666
2287,городской округ Усть-Катавский,Челябинская область,городской округ,1,0.5
2288,городской округ Чебаркульский,Челябинская область,городской округ,5,0.8333333333333334
2289,городской округ Южноуральский,Челябинская область,городской округ,5,0.8333333333333334
2292,Аргаяшский муниципальный район,Челябинская область,муниципальный район,0,0.9583333333333334
2293,Ашинский муниципальный район,Челябинская область,муниципальный район,1,0.75
2294,Брединский муниципальный район,Челябинская область,муниципальный район,0,0.4583333333333333
2295,Варненский муниципальный район,Челябинская область,муниципальный район,6,0.5
2296,Верхнеуральский муниципальный район,Челябинская область,муниципальный район,0,0.9166666666666666
2297,Еманжелинский муниципальный район,Челябинская область,муниципальный район,0,0.75
2298,Еткульский муниципальный район,Челябинская область,муниципальный район,0,0.6666666666666666
2299,Карталинский муниципальный район,Челябинская область,муниципальный район,0,0.75
2300,Каслинский муниципальный район,Челябинская область,муниципальный район,0,1.0
2301,Катав-Ивановский муниципальный район,Челябинская область,муниципальный район,2,0.4583333333333333
2302,Кизильский муниципальный район,Челябинская область,муниципальный район,0,0.9583333333333334
2303,Коркинский муниципальный округ,Челябинская область,муниципальный округ,4,0.7083333333333334
2304,Красноармейский муниципальный район,Челябинская область,муниципальный район,0,0.875
2305,Кунашакский муниципальный район,Челябинская область,муниципальный район,0,0.9583333333333334
2307,Нагайбакский муниципальный район,Челябинская область,муниципальный район,0,0.9583333333333334
2308,Нязепетровский муниципальный район,Челябинская область,муниципальный район,0,0.8333333333333334
2309,Октябрьский муниципальный район,Челябинская область,муниципальный район,0,0.8333333333333334
2310,Пластовский муниципальный район,Челябинская область,муниципальный район,1,0.75
2311,Саткинский муниципальный район,Челябинская область,муниципальный район,4,0.4583333333333333
2312,Сосновский муниципальный район,Челябинская область,муниципальный район,5,0.9583333333333334
2314,Увельский муниципальный район,Челябинская область,муниципальный район,0,0.8333333333333334
2315,Уйский муниципальный район,Челябинская область,муниципальный район,0,0.9166666666666666
2316,Чебаркульский муниципальный район,Челябинская область,муниципальный район,1,0.7083333333333334
2317,Чесменский муниципальный район,Челябинская область,муниципальный район,0,0.9583333333333334
2318,городской округ город Ярославль,Ярославская область,городской округ,5,0.75
2320,городской округ город Рыбинск,Ярославская область,городской округ,5,0.75
2321,Большесельский муниципальный район,Ярославская область,муниципальный район,1,1.0
2322,Борисоглебский муниципальный район,Ярославская область,муниципальный район,1,0.7916666666666666
2323,Брейтовский муниципальный район,Ярославская область,муниципальный район,2,0.625
2324,Гаврилов-Ямский муниципальный район,Ярославская область,муниципальный район,1,1.0
2325,Даниловский муниципальный район,Ярославская область,муниципальный район,1,1.0
2326,Любимский муниципальный район,Ярославская область,муниципальный район,1,0.9166666666666666
2327,Мышкинский муниципальный район,Ярославская область,муниципальный район,1,1.0
2328,Некоузский муниципальный район,Ярославская область,муниципальный район,1,1.0
2329,Некрасовский муниципальный район,Ярославская область,муниципальный район,1,1.0
2330,Первомайский муниципальный район,Ярославская область,муниципальный район,1,0.9583333333333334
2332,Пошехонский муниципальный район,Ярославская область,муниципальный район,1,0.6666666666666666
2333,Ростовский муниципальный район,Ярославская область,муниципальный район,1,0.625
2334,Рыбинский муниципальный район,Ярославская область,муниципальный район,1,0.75
2335,Тутаевский муниципальный район,Ярославская область,муниципальный район,4,0.4583333333333333
2336,Угличский муниципальный район,Ярославская область,муниципальный район,1,1.0
2337,Ярославский муниципальный район,Ярославская область,муниципальный район,3,1.0
2338,городской округ город Биробиджан,Еврейская автономная область,городской округ,4,0.9583333333333334
2339,Биробиджанский муниципальный район,Еврейская автономная область,муниципальный район,4,0.9166666666666666
2340,Ленинский муниципальный район,Еврейская автономная область,муниципальный район,4,0.625
2341,Облученский муниципальный район,Еврейская автономная область,муниципальный район,4,0.9166666666666666
2342,Октябрьский муниципальный район,Еврейская автономная область,муниципальный район,4,0.5
2343,Смидовичский муниципальный район,Еврейская автономная область,муниципальный район,4,0.9166666666666666
2344,городской округ Анадырь,Чукотский автономный округ,городской округ,4,0.9583333333333334
2345,городской округ Эгвекинот,Чукотский автономный округ,городской округ,4,1.0
2348,Анадырский муниципальный район,Чукотский автономный округ,муниципальный район,4,1.0
2349,Билибинский муниципальный район,Чукотский автономный округ,муниципальный район,4,1.0
2351,внутригородская территория города федерального значения муниципальный округ Коломна,Санкт-Петербург,внутригородская территория города федерального значения,5,0.75
2352,внутригородская территория города федерального значения муниципальный округ Сенной округ,Санкт-Петербург,внутригородская территория города федерального значения,5,0.75
2353,внутригородская территория города федерального значения муниципальный округ Адмиралтейский округ,Санкт-Петербург,внутригородская территория города федерального значения,5,0.75
2354,внутригородская территория города федерального значения муниципальный округ Семеновский,Санкт-Петербург,внутригородская территория города федерального значения,5,0.75
2355,внутригородская территория города федерального значения муниципальный округ Измайловское,Санкт-Петербург,внутригородская территория города федерального значения,5,0.75
2356,внутригородская территория города федерального значения муниципальный округ Екатерингофский,Санкт-Петербург,внутригородская территория города федерального значения,5,0.75
2357,внутригородская территория города федерального значения муниципальный округ № 7,Санкт-Петербург,внутригородская территория города федерального значения,5,0.75
2358,внутригородская территория города федерального значения муниципальный округ Васильевский,Санкт-Петербург,внутригородская территория города федерального значения,5,0.75
2359,внутригородская территория города федерального значения муниципальный округ Гавань,Санкт-Петербург,внутригородская территория города федерального значения,5,0.75
2360,внутригородская территория города федерального значения муниципальный округ Морской,Санкт-Петербург,внутригородская территория города федерального значения,5,0.75
2361,внутригородская территория города федерального значения муниципальный округ Остров Декабристов,Санкт-Петербург,внутригородская территория города федерального значения,5,0.75
2362,внутригородская территория города федерального значения поселок Левашово,Санкт-Петербург,внутригородская территория города федерального значения,5,0.75
2363,внутригородская территория города федерального значения поселок Парголово,Санкт-Петербург,внутригородская территория города федерального значения,5,0.75
2364,внутригородская территория города федерального значения муниципальный округ Сампсониевское,Санкт-Петербург,внутригородская территория города федерального значения,5,0.75
2365,внутригородская территория города федерального значения муниципальный округ Светлановское,Санкт-Петербург,внутригородская территория города федерального значения,5,0.75
2366,внутригородская территория города федерального значения муниципальный округ Сосновское,Санкт-Петербург,внутригородская территория города федерального значения,5,0.75
2367,внутригородская территория города федерального значения муниципальный округ № 15,Санкт-Петербург,внутригородская территория города федерального значения,5,0.75
2368,внутригородская территория города федерального значения муниципальный округ Сергиевское,Санкт-Петербург,внутригородская территория города федерального значения,5,0.75
2369,внутригородская территория города федерального значения муниципальный округ Шувалово-Озерки,Санкт-Петербург,внутригородская территория города федерального значения,5,0.75
2370,внутригородская территория города федерального значения поселок Лисий Нос,Санкт-Петербург,внутригородская территория города федерального значения,3,0.9583333333333334
2371,внутригородская территория города федерального значения муниципальный округ Лахта-Ольгино,Санкт-Петербург,внутригородская территория города федерального значения,5,0.75
2372,внутригородская территория города федерального значения муниципальный округ № 65,Санкт-Петербург,внутригородская территория города федерального значения,5,0.75
2373,внутригородская территория города федерального значения муниципальный округ Ланское,Санкт-Петербург,внутригородская территория города федерального значения,5,0.75
2374,внутригородская территория города федерального значения муниципальный округ Комендантский аэродром,Санкт-Петербург,внутригородская территория города федерального значения,5,0.75
2375,внутригородская территория города федерального значения муниципальный округ Озеро Долгое,Санкт-Петербург,внутригородская территория города федерального значения,5,0.75
2376,внутригородская территория города федерального значения муниципальный округ Юнтолово,Санкт-Петербург,внутригородская территория города федерального значения,5,0.75
2377,внутригородская территория города федерального значения муниципальный округ Коломяги,Санкт-Петербург,внутригородская территория города федерального значения,5,0.75
2378,внутригородская территория города федерального значения муниципальный округ Гражданка,Санкт-Петербург,внутригородская территория города федерального значения,5,0.75
2379,внутригородская территория города федерального значения муниципальный округ Академическое,Санкт-Петербург,внутригородская территория города федерального значения,5,0.75
2380,внутригородская территория города федерального значения муниципальный округ Финляндский округ,Санкт-Петербург,внутригородская территория города федерального значения,5,0.75
2381,внутригородская территория города федерального значения муниципальный округ № 21,Санкт-Петербург,внутригородская территория города федерального значения,5,0.75
2382,внутригородская территория города федерального значения муниципальный округ Пискаревка,Санкт-Петербург,внутригородская территория города федерального значения,5,0.75
2383,внутригородская территория города федерального значения муниципальный округ Северный,Санкт-Петербург,внутригородская территория города федерального значения,5,0.75
2384,внутригородская территория города федерального значения муниципальный округ Прометей,Санкт-Петербург,внутригородская территория города федерального значения,5,0.75
2385,внутригородская территория города федерального значения муниципальный округ Княжево,Санкт-Петербург,внутригородская территория города федерального значения,5,0.75
2386,внутригородская территория города федерального значения муниципальный округ Ульянка,Санкт-Петербург,внутригородская территория города федерального значения,5,0.75
2387,внутригородская территория города федерального значения муниципальный округ Дачное,Санкт-Петербург,внутригородская территория города федерального значения,5,0.75
2388,внутригородская территория города федерального значения муниципальный округ Автово,Санкт-Петербург,внутригородская территория города федерального значения,5,0.75
2389,внутригородская территория города федерального значения муниципальный округ Нарвский округ,Санкт-Петербург,внутригородская территория города федерального значения,5,0.75
2390,внутригородская территория города федерального значения муниципальный округ Красненькая речка,Санкт-Петербург,внутригородская территория города федерального значения,5,0.75
2391,внутригородская территория города федерального значения муниципальный округ Морские ворота,Санкт-Петербург,внутригородская территория города федерального значения,5,0.75
2392,внутригородская территория города федерального значения город Колпино,Санкт-Петербург,внутригородская территория города федерального значения,5,0.75
2393,внутригородская территория города федерального значения поселок Металлострой,Санкт-Петербург,внутригородская территория города федерального значения,3,0.875
2395,внутригородская территория города федерального значения поселок Понтонный,Санкт-Петербург,внутригородская территория города федерального значения,5,0.75
2398,внутригородская территория города федерального значения муниципальный округ Полюстрово,Санкт-Петербург,внутригородская территория города федерального значения,5,0.75
2399,внутригородская территория города федерального значения муниципальный округ Большая Охта,Санкт-Петербург,внутригородская территория города федерального значения,5,0.75
2400,внутригородская территория города федерального значения муниципальный округ Малая Охта,Санкт-Петербург,внутригородская территория города федерального значения,5,0.75
2401,внутригородская территория города федерального значения муниципальный округ Пороховые,Санкт-Петербург,внутригородская территория города федерального значения,5,0.75
2402,внутригородская территория города федерального значения муниципальный округ Ржевка,Санкт-Петербург,внутригородская территория города федерального значения,5,0.75
2403,внутригородская территория города федерального значения город Красное Село,Санкт-Петербург,внутригородская территория города федерального значения,5,0.75
2404,внутригородская территория города федерального значения муниципальный округ Юго-Запад,Санкт-Петербург,внутригородская территория города федерального значения,5,0.75
2405,внутригородская территория города федерального значения муниципальный округ Южно-Приморский,Санкт-Петербург,внутригородская территория города федерального значения,5,0.75
2406,внутригородская территория города федерального значения муниципальный округ Сосновая поляна,Санкт-Петербург,внутригородская территория города федерального значения,5,0.75
2407,внутригородская территория города федерального значения муниципальный округ Урицк,Санкт-Петербург,внутригородская территория города федерального значения,5,0.75
2408,внутригородская территория города федерального значения муниципальный округ Константиновское,Санкт-Петербург,внутригородская территория города федерального значения,5,0.75
2409,внутригородская территория города федерального значения муниципальный округ Горелово,Санкт-Петербург,внутригородская территория города федерального значения,5,0.75
2410,внутригородская территория города федерального значения город Кронштадт,Санкт-Петербург,внутригородская территория города федерального значения,5,0.75
2411,внутригородская территория города федерального значения город Зеленогорск,Санкт-Петербург,внутригородская территория города федерального значения,3,0.9166666666666666
2412,внутригородская территория города федерального значения город Сестрорецк,Санкт-Петербург,внутригородская территория города федерального значения,5,0.7083333333333334
2416,внутригородская территория города федерального значения поселок Песочный,Санкт-Петербург,внутригородская территория города федерального значения,3,0.8333333333333334
2422,внутригородская территория города федерального значения город Ломоносов,Санкт-Петербург,внутригородская территория города федерального значения,5,0.75
2423,внутригородская территория города федерального значения муниципальный округ Московская застава,Санкт-Петербург,внутригородская территория города федерального значения,5,0.75
2424,внутригородская территория города федерального значения муниципальный округ Гагаринское,Санкт-Петербург,внутригородская территория города федерального значения,5,0.75
2425,внутригородская территория города федерального значения муниципальный округ Новоизмайловское,Санкт-Петербург,внутригородская территория города федерального значения,5,0.75
2426,внутригородская территория города федерального значения муниципальный округ Пулковский меридиан,Санкт-Петербург,внутригородская территория города федерального значения,5,0.75
2427,внутригородская территория города федерального значения муниципальный округ Звездное,Санкт-Петербург,внутригородская территория города федерального значения,5,0.75
2428,внутригородская территория города федерального значения муниципальный округ Невская застава,Санкт-Петербург,внутригородская территория города федерального значения,5,0.75
2429,внутригородская территория города федерального значения муниципальный округ Ивановский,Санкт-Петербург,внутригородская территория города федерального значения,5,0.75
2430,внутригородская территория города федерального значения муниципальный округ Обуховский,Санкт-Петербург,внутригородская территория города федерального значения,5,0.75
2431,внутригородская территория города федерального значения муниципальный округ Рыбацкое,Санкт-Петербург,внутригородская территория города федерального значения,5,0.75
2432,внутригородская территория города федерального значения муниципальный округ Народный,Санкт-Петербург,внутригородская территория города федерального значения,5,0.75
2433,внутригородская территория города федерального значения муниципальный округ № 54,Санкт-Петербург,внутригородская территория города федерального значения,5,0.75
2434,внутригородская территория города федерального значения муниципальный округ Невский округ,Санкт-Петербург,внутригородская территория города федерального значения,5,0.75
2435,внутригородская территория города федерального значения муниципальный округ Оккервиль,Санкт-Петербург,внутригородская территория города федерального значения,5,0.75
2436,внутригородская территория города федерального значения муниципальный округ Правобережный,Санкт-Петербург,внутригородская территория города федерального значения,5,0.75
2437,внутригородская территория города федерального значения город Павловск,Санкт-Петербург,внутригородская территория города федерального значения,5,0.75
2439,внутригородская территория города федерального значения муниципальный округ Введенский,Санкт-Петербург,внутригородская территория города федерального значения,5,0.75
2440,внутригородская территория города федерального значения муниципальный округ Кронверкское,Санкт-Петербург,внутригородская территория города федерального значения,5,0.75
2441,внутригородская территория города федерального значения муниципальный округ Посадский,Санкт-Петербург,внутригородская территория города федерального значения,5,0.75
2442,внутригородская территория города федерального значения муниципальный округ Аптекарский остров,Санкт-Петербург,внутригородская территория города федерального значения,5,0.75
2443,внутригородская территория города федерального значения муниципальный округ округ Петровский,Санкт-Петербург,внутригородская территория города федерального значения,5,0.75
2444,внутригородская территория города федерального значения муниципальный округ Чкаловское,Санкт-Петербург,внутригородская территория города федерального значения,5,0.75
2445,внутригородская территория города федерального значения город Петергоф,Санкт-Петербург,внутригородская территория города федерального значения,5,0.75
2446,внутригородская территория города федерального значения поселок Стрельна,Санкт-Петербург,внутригородская территория города федерального значения,5,0.75
2447,внутригородская территория города федерального значения город Пушкин,Санкт-Петербург,внутригородская территория города федерального значения,5,0.75
2449,внутригородская территория города федерального значения поселок Шушары,Санкт-Петербург,внутригородская территория города федерального значения,5,0.75
2450,внутригородская территория города федерального значения муниципальный округ Волковское,Санкт-Петербург,внутригородская территория города федерального значения,5,0.75
2451,внутригородская территория города федерального значения муниципальный округ № 72,Санкт-Петербург,внутригородская территория города федерального значения,5,0.75
2452,внутригородская территория города федерального значения муниципальный округ Купчино,Санкт-Петербург,внутригородская территория города федерального значения,5,0.75
2453,внутригородская территория города федерального значения муниципальный округ Георгиевский,Санкт-Петербург,внутригородская территория города федерального значения,5,0.75
2454,внутригородская территория города федерального значения муниципальный округ № 75,Санкт-Петербург,внутригородская территория города федерального значения,5,0.75
2455,внутригородская территория города федерального значения муниципальный округ Балканский,Санкт-Петербург,внутригородская территория города федерального значения,5,0.75
2456,внутригородская территория города федерального значения муниципальный округ Дворцовый округ,Санкт-Петербург,внутригородская территория города федерального значения,5,0.75
2457,внутригородская территория города федерального значения муниципальный округ № 78,Санкт-Петербург,внутригородская территория города федерального значения,5,0.75
2458,внутригородская территория города федерального значения муниципальный округ Литейный округ,Санкт-Петербург,внутригородская территория города федерального значения,5,0.75
2459,внутригородская территория города федерального значения муниципальный округ Смольнинское,Санкт-Петербург,внутригородская территория города федерального значения,5,0.75
2460,внутригородская территория города федерального значения муниципальный округ Лиговка-Ямская,Санкт-Петербург,внутригородская территория города федерального значения,5,0.75
2461,внутригородская территория города федерального значения муниципальный округ Владимирский округ,Санкт-Петербург,внутригородская территория города федерального значения,5,0.75
2462,внутригородская территория города федерального значения муниципальный округ Богородское,Москва,внутригородская территория города федерального значения,3,1.0
2463,внутригородская территория города федерального значения муниципальный округ Вешняки,Москва,внутригородская территория города федерального значения,3,1.0
2464,внутригородская территория города федерального значения муниципальный округ Восточное Измайлово,Москва,внутригородская территория города федерального значения,3,1.0
2465,внутригородская территория города федерального значения муниципальный округ Восточный,Москва,внутригородская территория города федерального значения,3,1.0
2466,внутригородская территория города федерального значения муниципальный округ Гольяново,Москва,внутригородская территория города федерального значения,3,1.0
2467,внутригородская территория города федерального значения муниципальный округ Ивановское,Москва,внутригородская территория города федерального значения,3,1.0
2468,внутригородская территория города федерального значения муниципальный округ Измайлово,Москва,внутригородская территория города федерального значения,3,1.0
2469,внутригородская территория города федерального значения муниципальный округ Косино-Ухтомский,Москва,внутригородская территория города федерального значения,3,1.0
2470,внутригородская территория города федерального значения муниципальный округ Новогиреево,Москва,внутригородская территория города федерального значения,3,1.0
2471,внутригородская территория города федерального значения муниципальный округ Новокосино,Москва,внутригородская территория города федерального значения,3,1.0
2472,внутригородская территория города федерального значения муниципальный округ Метрогородок,Москва,внутригородская территория города федерального значения,3,1.0
2473,внутригородская территория города федерального значения муниципальный округ Перово,Москва,внутригородская территория города федерального значения,3,1.0
2474,внутригородская территория города федерального значения муниципальный округ Северное Измайлово,Москва,внутригородская территория города федерального значения,3,1.0
2475,внутригородская территория города федерального значения муниципальный округ Соколиная гора,Москва,внутригородская территория города федерального значения,3,1.0
2476,внутригородская территория города федерального значения муниципальный округ Сокольники,Москва,внутригородская территория города федерального значения,3,1.0
2477,внутригородская территория города федерального значения муниципальный округ Преображенское,Москва,внутригородская территория города федерального значения,3,1.0
2478,внутригородская территория города федерального значения муниципальный округ Внуково,Москва,внутригородская территория города федерального значения,3,1.0
2479,внутригородская территория города федерального значения муниципальный округ Дорогомилово,Москва,внутригородская территория города федерального значения,3,1.0
2480,внутригородская территория города федерального значения муниципальный округ Крылатское,Москва,внутригородская территория города федерального значения,3,1.0
2481,внутригородская территория города федерального значения муниципальный округ Кунцево,Москва,внутригородская территория города федерального значения,3,1.0
2482,внутригородская территория города федерального значения муниципальный округ Можайский,Москва,внутригородская территория города федерального значения,3,1.0
2483,внутригородская территория города федерального значения муниципальный округ Ново-Переделкино,Москва,внутригородская территория города федерального значения,3,1.0
2484,внутригородская территория города федерального значения муниципальный округ Очаково-Матвеевское,Москва,внутригородская территория города федерального значения,3,1.0
2485,внутригородская территория города федерального значения муниципальный округ Проспект Вернадского,Москва,внутригородская территория города федерального значения,3,1.0
2486,внутригородская территория города федерального значения муниципальный округ Раменки,Москва,внутригородская территория города федерального значения,3,1.0
2487,внутригородская территория города федерального значения муниципальный округ Солнцево,Москва,внутригородская территория города федерального значения,3,1.0
2488,внутригородская территория города федерального значения муниципальный округ Тропарево-Никулино,Москва,внутригородская территория города федерального значения,3,1.0
2489,внутригородская территория города федерального значения муниципальный округ Филевский парк,Москва,внутригородская территория города федерального значения,3,1.0
2490,внутригородская территория города федерального значения муниципальный округ Фили-Давыдково,Москва,внутригородская территория города федерального значения,3,1.0
2491,внутригородская территория города федерального значения муниципальный округ Крюково,Москва,внутригородская территория города федерального значения,3,1.0
2492,внутригородская территория города федерального значения муниципальный округ Матушкино,Москва,внутригородская территория города федерального значения,3,1.0
2493,внутригородская территория города федерального значения муниципальный округ Силино,Москва,внутригородская территория города федерального значения,3,1.0
2494,внутригородская территория города федерального значения муниципальный округ Аэропорт,Москва,внутригородская территория города федерального значения,3,1.0
2495,внутригородская территория города федерального значения муниципальный округ Беговой,Москва,внутригородская территория города федерального значения,3,1.0
2496,внутригородская территория города федерального значения муниципальный округ Бескудниковский,Москва,внутригородская территория города федерального значения,3,1.0
2497,внутригородская территория города федерального значения муниципальный округ Войковский,Москва,внутригородская территория города федерального значения,3,1.0
2498,внутригородская территория города федерального значения муниципальный округ Восточное Дегунино,Москва,внутригородская территория города федерального значения,3,1.0
2499,внутригородская территория города федерального значения муниципальный округ Головинский,Москва,внутригородская территория города федерального значения,3,1.0
2500,внутригородская территория города федерального значения муниципальный округ Дмитровский,Москва,внутригородская территория города федерального значения,3,1.0
2501,внутригородская территория города федерального значения муниципальный округ Западное Дегунино,Москва,внутригородская территория города федерального значения,3,1.0
2502,внутригородская территория города федерального значения муниципальный округ Коптево,Москва,внутригородская территория города федерального значения,3,1.0
2503,внутригородская территория города федерального значения муниципальный округ Левобережный,Москва,внутригородская территория города федерального значения,3,1.0
2504,внутригородская территория города федерального значения муниципальный округ Молжаниновский,Москва,внутригородская территория города федерального значения,3,1.0
2505,внутригородская территория города федерального значения муниципальный округ Савеловский,Москва,внутригородская территория города федерального значения,3,1.0
2506,внутригородская территория города федерального значения муниципальный округ Сокол,Москва,внутригородская территория города федерального значения,3,1.0
2507,внутригородская территория города федерального значения муниципальный округ Тимирязевский,Москва,внутригородская территория города федерального значения,3,1.0
2508,внутригородская территория города федерального значения муниципальный округ Ховрино,Москва,внутригородская территория города федерального значения,3,1.0
2509,внутригородская территория города федерального значения муниципальный округ Хорошевский,Москва,внутригородская территория города федерального значения,3,1.0
2510,внутригородская территория города федерального значения муниципальный округ Алексеевский,Москва,внутригородская территория города федерального значения,3,1.0
2511,внутригородская территория города федерального значения муниципальный округ Алтуфьевский,Москва,внутригородская территория города федерального значения,3,1.0
2512,внутригородская территория города федерального значения муниципальный округ Бабушкинский,Москва,внутригородская территория города федерального значения,3,1.0
2513,внутригородская территория города федерального значения муниципальный округ Бибирево,Москва,внутригородская территория города федерального значения,3,1.0
2514,внутригородская территория города федерального значения муниципальный округ Бутырский,Москва,внутригородская территория города федерального значения,3,1.0
2515,внутригородская территория города федерального значения муниципальный округ Лианозово,Москва,внутригородская территория города федерального значения,3,1.0
2516,внутригородская территория города федерального значения муниципальный округ Лосиноостровский,Москва,внутригородская территория города федерального значения,3,1.0
2517,внутригородская территория города федерального значения муниципальный округ Марфино,Москва,внутригородская территория города федерального значения,3,1.0
2518,внутригородская территория города федерального значения муниципальный округ Марьина роща,Москва,внутригородская территория города федерального значения,3,1.0
2519,внутригородская территория города федерального значения муниципальный округ Останкинский,Москва,внутригородская территория города федерального значения,3,1.0
2520,внутригородская территория города федерального значения муниципальный округ Отрадное,Москва,внутригородская территория города федерального значения,3,1.0
2521,внутригородская территория города федерального значения муниципальный округ Ростокино,Москва,внутригородская территория города федерального значения,3,1.0
2522,внутригородская территория города федерального значения муниципальный округ Свиблово,Москва,внутригородская территория города федерального значения,3,1.0
2523,внутригородская территория города федерального значения муниципальный округ Северное Медведково,Москва,внутригородская территория города федерального значения,3,1.0
2524,внутригородская территория города федерального значения муниципальный округ Северный,Москва,внутригородская территория города федерального значения,3,1.0
2525,внутригородская территория города федерального значения муниципальный округ Южное Медведково,Москва,внутригородская территория города федерального значения,3,1.0
2526,внутригородская территория города федерального значения муниципальный округ Ярославский,Москва,внутригородская территория города федерального значения,3,1.0
2527,внутригородская территория города федерального значения муниципальный округ Куркино,Москва,внутригородская территория города федерального значения,3,1.0
2528,внутригородская территория города федерального значения муниципальный округ Митино,Москва,внутригородская территория города федерального значения,3,1.0
2529,внутригородская территория города федерального значения муниципальный округ Покровское-Стрешнево,Москва,внутригородская территория города федерального значения,3,1.0
2530,внутригородская территория города федерального значения муниципальный округ Северное Тушино,Москва,внутригородская территория города федерального значения,3,1.0
2531,внутригородская территория города федерального значения муниципальный округ Строгино,Москва,внутригородская территория города федерального значения,3,1.0
2532,внутригородская территория города федерального значения муниципальный округ Хорошево-Мневники,Москва,внутригородская территория города федерального значения,3,1.0
2533,внутригородская территория города федерального значения муниципальный округ Щукино,Москва,внутригородская территория города федерального значения,3,1.0
2534,внутригородская территория города федерального значения муниципальный округ Южное Тушино,Москва,внутригородская территория города федерального значения,3,1.0
2535,внутригородская территория города федерального значения муниципальный округ Арбат,Москва,внутригородская территория города федерального значения,3,1.0
2536,внутригородская территория города федерального значения муниципальный округ Басманный,Москва,внутригородская территория города федерального значения,3,1.0
2537,внутригородская территория города федерального значения муниципальный округ Замоскворечье,Москва,внутригородская территория города федерального значения,3,1.0
2538,внутригородская территория города федерального значения муниципальное образование Савелки,Москва,внутригородская территория города федерального значения,3,1.0
2539,внутригородская территория города федерального значения муниципальный округ Красносельский,Москва,внутригородская территория города федерального значения,3,1.0
2540,внутригородская территория города федерального значения муниципальный округ Мещанский,Москва,внутригородская территория города федерального значения,3,1.0
2541,внутригородская территория города федерального значения муниципальный округ Пресненский,Москва,внутригородская территория города федерального значения,3,1.0
2542,внутригородская территория города федерального значения муниципальный округ Таганский,Москва,внутригородская территория города федерального значения,3,1.0
2543,внутригородская территория города федерального значения муниципальный округ Тверской,Москва,внутригородская территория города федерального значения,3,1.0
2544,внутригородская территория города федерального значения муниципальный округ Хамовники,Москва,внутригородская территория города федерального значения,3,1.0
2545,внутригородская территория города федерального значения муниципальный округ Якиманка,Москва,внутригородская территория города федерального значения,3,1.0
2546,внутригородская территория города федерального значения муниципальный округ Выхино-Жулебино,Москва,внутригородская территория города федерального значения,3,1.0
2547,внутригородская территория города федерального значения муниципальный округ Капотня,Москва,внутригородская территория города федерального значения,3,1.0
2548,внутригородская территория города федерального значения муниципальный округ Кузьминки,Москва,внутригородская территория города федерального значения,3,1.0
2549,внутригородская территория города федерального значения муниципальный округ Лефортово,Москва,внутригородская территория города федерального значения,3,1.0
2550,внутригородская территория города федерального значения муниципальный округ Люблино,Москва,внутригородская территория города федерального значения,3,1.0
2551,внутригородская территория города федерального значения муниципальный округ Марьино,Москва,внутригородская территория города федерального значения,3,1.0
2552,внутригородская территория города федерального значения муниципальный округ Некрасовка,Москва,внутригородская территория города федерального значения,3,1.0
2553,внутригородская территория города федерального значения муниципальный округ Нижегородский,Москва,внутригородская территория города федерального значения,3,1.0
2554,внутригородская территория города федерального значения муниципальный округ Печатники,Москва,внутригородская территория города федерального значения,3,1.0
2555,внутригородская территория города федерального значения муниципальный округ Рязанский,Москва,внутригородская территория города федерального значения,3,1.0
2556,внутригородская территория города федерального значения муниципальный округ Текстильщики,Москва,внутригородская территория города федерального значения,3,1.0
2557,внутригородская территория города федерального значения муниципальный округ Южнопортовый,Москва,внутригородская территория города федерального значения,3,1.0
2558,внутригородская территория города федерального значения муниципальный округ Академический,Москва,внутригородская территория города федерального значения,3,1.0
2559,внутригородская территория города федерального значения муниципальный округ Гагаринский,Москва,внутригородская территория города федерального значения,3,1.0
2560,внутригородская территория города федерального значения муниципальный округ Зюзино,Москва,внутригородская территория города федерального значения,3,1.0
2561,внутригородская территория города федерального значения муниципальный округ Коньково,Москва,внутригородская территория города федерального значения,3,1.0
2562,внутригородская территория города федерального значения муниципальный округ Котловка,Москва,внутригородская территория города федерального значения,3,1.0
2563,внутригородская территория города федерального значения муниципальный округ Ломоносовский,Москва,внутригородская территория города федерального значения,3,1.0
2564,внутригородская территория города федерального значения муниципальный округ Обручевский,Москва,внутригородская территория города федерального значения,3,1.0
2565,внутригородская территория города федерального значения муниципальный округ Северное Бутово,Москва,внутригородская территория города федерального значения,3,1.0
2566,внутригородская территория города федерального значения муниципальный округ Теплый Стан,Москва,внутригородская территория города федерального значения,3,1.0
2567,внутригородская территория города федерального значения муниципальный округ Черемушки,Москва,внутригородская территория города федерального значения,3,1.0
2568,внутригородская территория города федерального значения муниципальный округ Южное Бутово,Москва,внутригородская территория города федерального значения,3,1.0
2569,внутригородская территория города федерального значения муниципальный округ Ясенево,Москва,внутригородская территория города федерального значения,3,1.0
2570,внутригородская территория города федерального значения муниципальный округ Бирюлево Восточное,Москва,внутригородская территория города федерального значения,3,1.0
2571,внутригородская территория города федерального значения муниципальный округ Бирюлево Западное,Москва,внутригородская территория города федерального значения,3,1.0
2572,внутригородская территория города федерального значения муниципальный округ Братеево,Москва,внутригородская территория города федерального значения,3,1.0
2573,внутригородская территория города федерального значения муниципальный округ Даниловский,Москва,внутригородская территория города федерального значения,3,1.0
2574,внутригородская территория города федерального значения муниципальный округ Донской,Москва,внутригородская территория города федерального значения,3,1.0
2575,внутригородская территория города федерального значения муниципальный округ Зябликово,Москва,внутригородская территория города федерального значения,3,1.0
2576,внутригородская территория города федерального значения муниципальный округ Москворечье-Сабурово,Москва,внутригородская территория города федерального значения,3,1.0
2577,внутригородская территория города федерального значения муниципальный округ Нагатино-Садовники,Москва,внутригородская территория города федерального значения,3,1.0
2578,внутригородская территория города федерального значения муниципальный округ Нагатинский затон,Москва,внутригородская территория города федерального значения,3,1.0
2579,внутригородская территория города федерального значения муниципальный округ Нагорный,Москва,внутригородская территория города федерального значения,3,1.0
2580,внутригородская территория города федерального значения муниципальный округ Орехово-Борисово Северное,Москва,внутригородская территория города федерального значения,3,1.0
2581,внутригородская территория города федерального значения муниципальный округ Орехово-Борисово Южное,Москва,внутригородская территория города федерального значения,3,1.0
2582,внутригородская территория города федерального значения муниципальный округ Царицыно,Москва,внутригородская территория города федерального значения,3,1.0
2583,внутригородская территория города федерального значения муниципальный округ Чертаново Северное,Москва,внутригородская территория города федерального значения,3,1.0
2584,внутригородская территория города федерального значения муниципальный округ Чертаново Центральное,Москва,внутригородская территория города федерального значения,3,1.0
2585,внутригородская территория города федерального значения муниципальный округ Чертаново Южное,Москва,внутригородская территория города федерального значения,3,1.0
2586,внутригородская территория города федерального значения муниципальный округ Старое Крюково,Москва,внутригородская территория города федерального значения,3,1.0
2587,внутригородская территория города федерального значения городской округ Троицк,Москва,внутригородская территория города федерального значения,3,1.0
2588,внутригородская территория города федерального значения городской округ Щербинка,Москва,внутригородская территория города федерального значения,3,1.0
2589,внутригородская территория города федерального значения поселение Внуковское,Москва,внутригородская территория города федерального значения,3,1.0
2590,внутригородская территория города федерального значения поселение Воскресенское,Москва,внутригородская территория города федерального значения,3,1.0
2591,внутригородская территория города федерального значения поселение Вороновское,Москва,внутригородская территория города федерального значения,3,1.0
2592,внутригородская территория города федерального значения поселение Десеновское,Москва,внутригородская территория города федерального значения,3,1.0
2593,внутригородская территория города федерального значения поселение Киевский,Москва,внутригородская территория города федерального значения,2,0.4166666666666667
2595,внутригородская территория города федерального значения поселение Кокошкино,Москва,внутригородская территория города федерального значения,3,0.75
2596,внутригородская территория города федерального значения поселение Краснопахорское,Москва,внутригородская территория города федерального значения,3,1.0
2597,внутригородская территория города федерального значения поселение Марушкинское,Москва,внутригородская территория города федерального значения,3,1.0
2598,внутригородская территория города федерального значения поселение Михайлово-Ярцевское,Москва,внутригородская территория города федерального значения,2,0.4583333333333333
2599,внутригородская территория города федерального значения поселение Московский,Москва,внутригородская территория города федерального значения,3,1.0
2600,"внутригородская территория города федерального значения поселение Мосрентген""""",Москва,внутригородская территория города федерального значения,3,1.0
2601,внутригородская территория города федерального значения поселение Новофедоровское,Москва,внутригородская территория города федерального значения,3,1.0
2602,внутригородская территория города федерального значения поселение Первомайское,Москва,внутригородская территория города федерального значения,3,1.0
2604,внутригородская территория города федерального значения поселение Рязановское,Москва,внутригородская территория города федерального значения,3,1.0
2605,внутригородская территория города федерального значения поселение Сосенское,Москва,внутригородская территория города федерального значения,3,1.0
2606,внутригородская территория города федерального значения поселение Филимонковское,Москва,внутригородская территория города федерального значения,3,1.0
2607,внутригородская территория города федерального значения поселение Щаповское,Москва,внутригородская территория города федерального значения,3,0.9583333333333334
2618,Мантуровский муниципальный округ,Костромская область,муниципальный округ,1,0.9583333333333334
2619,городской округ город Переславль-Залесский,Ярославская область,городской округ,3,0.75
2620,городской округ Соликамский,Пермский край,городской округ,4,0.75
2621,городской округ город Березники,Пермский край,городской округ,4,0.625
2644,городской округ Серпухов,Московская область,городской округ,3,1.0
2646,городской округ город Обнинск,Калужская область,городской округ,3,1.0
2647,Боровский муниципальный район,Калужская область,муниципальный район,3,1.0
2648,городской округ Лосино-Петровский,Московская область,городской округ,3,1.0
2649,городской округ Щёлково,Московская область,городской округ,3,1.0
2651,городской округ Одинцовский,Московская область,городской округ,3,1.0
2652,городской округ Орехово-Зуевский,Московская область,городской округ,3,1.0
2710,городской округ Вышневолоцкий,Тверская область,городской округ,2,0.875
2808,городской округ Коломна,Московская область,городской округ,3,1.0
2809,муниципальный округ Кунгурский,Пермский край,муниципальный округ,5,0.625
2813,городской округ Шатура,Московская область,городской округ,3,0.8333333333333334
2814,городской округ Пушкинский,Московская область,городской округ,3,1.0
2872,муниципальный округ Приуральский район,Ямало-Ненецкий автономный округ,муниципальный округ,4,0.9583333333333334
2876,городской округ город-курорт Кисловодск,Ставропольский край,городской округ,5,0.9583333333333334
2879,городской округ город Губкинский,Ямало-Ненецкий автономный округ,городской округ,4,0.9583333333333334
2880,городской округ город Лабытнанги,Ямало-Ненецкий автономный округ,городской округ,4,0.9583333333333334
2881,Предгорный муниципальный округ,Ставропольский край,муниципальный округ,5,0.9583333333333334
2882,муниципальный округ Пуровский район,Ямало-Ненецкий автономный округ,муниципальный округ,4,0.9583333333333334
2883,муниципальный округ Кимрский,Тверская область,муниципальный округ,2,0.4583333333333333
2884,муниципальный округ Ржевский,Тверская область,муниципальный округ,2,0.5
2885,муниципальный округ Кудымкарский,Пермский край,муниципальный округ,6,0.8333333333333334
2886,муниципальный округ Губахинский,Пермский край,муниципальный округ,1,0.5833333333333334
2887,городской округ город Саратов,Саратовская область,городской округ,5,1.0
3005,городской округ город Арзамас,Нижегородская область,городской округ,3,0.75
3007,Прокопьевский муниципальный округ,Кемеровская область,муниципальный округ,2,0.4166666666666667
3009,городской округ город Тамбов,Тамбовская область,городской округ,3,1.0
3011,городской округ Златоустовский,Челябинская область,городской округ,5,0.75
3012,Кусинский муниципальный район,Челябинская область,муниципальный район,0,1.0
3013,городской округ Солнечногорск,Московская область,городской округ,3,1.0
