territory_id,name,region,modal_type,modal_share,raw_switches,switches_h2,switches_h3,mode_2023,mode_2024,quarter_modes,trajectory
1,городской округ город Майкоп,Республика Адыгея,5,0.958,2,0,0,5,5,5-5-5-5-5-5-5-5,stable
2,городской округ город Адыгейск,Республика Адыгея,2,0.75,10,1,0,2,2,5-2-2-2-2-2-2-2,other
3,Гиагинский муниципальный район,Республика Адыгея,1,0.625,10,4,1,2,1,1-2-2-1-2-1-1-1,other
4,Кошехабльский муниципальный район,Республика Адыгея,6,0.417,10,3,2,5,6,2-5-5-6-6-6-6-5,other
5,Красногвардейский муниципальный район,Республика Адыгея,2,0.667,11,4,0,2,2,2-2-2-2-2-6-1-2,other
6,Майкопский муниципальный район,Республика Адыгея,6,0.5,12,2,1,6,6,1-6-6-5-6-6-6-6,other
7,Тахтамукайский муниципальный район,Республика Адыгея,5,0.958,2,0,0,5,5,5-5-5-5-5-5-5-5,stable
8,Теучежский муниципальный район,Республика Адыгея,5,0.542,11,3,3,6,5,6-5-6-5-6-6-5-5,other
9,Шовгеновский муниципальный район,Республика Адыгея,6,0.625,12,3,0,6,6,6-6-6-2-6-6-6-6,other
10,городской округ город Горно-Алтайск,Республика Алтай,6,0.708,8,3,1,6,6,6-5-6-6-6-6-6-5,other
11,Кош-Агачский муниципальный район,Республика Алтай,6,0.917,4,0,0,6,6,6-6-6-6-6-6-6-6,stable
12,Майминский муниципальный район,Республика Алтай,6,0.833,6,1,0,6,6,6-6-6-6-6-6-6-5,other
13,Онгудайский муниципальный район,Республика Алтай,6,0.917,4,0,0,6,6,6-6-6-6-6-6-6-6,stable
14,Турочакский муниципальный район,Республика Алтай,6,0.625,9,4,2,6,6,6-6-6-1-1-1-6-6,other
15,Улаганский муниципальный район,Республика Алтай,6,0.917,4,0,0,6,6,6-6-6-6-6-6-6-6,stable
16,Усть-Канский муниципальный район,Республика Алтай,6,0.917,4,0,0,6,6,6-6-6-6-6-6-6-6,stable
17,Усть-Коксинский муниципальный район,Республика Алтай,6,0.917,4,0,0,6,6,6-6-6-6-6-6-6-6,stable
18,Чемальский муниципальный район,Республика Алтай,6,0.708,9,2,2,6,6,6-6-6-6-6-1-6-6,other
19,Чойский муниципальный район,Республика Алтай,1,0.458,13,2,1,0,1,0-0-1-1-1-1-0-6,other
20,Шебалинский муниципальный район,Республика Алтай,6,0.875,6,0,0,6,6,6-6-6-6-6-6-6-6,stable
21,городской округ город Уфа,Республика Башкортостан,5,0.958,2,0,0,5,5,5-5-5-5-5-5-5-5,stable
22,городской округ город Агидель,Республика Башкортостан,0,0.583,7,3,1,4,0,4-4-0-0-4-0-0-0,other
23,городской округ город Кумертау,Республика Башкортостан,5,0.958,2,0,0,5,5,5-5-5-5-5-5-5-5,stable
25,городской округ город Нефтекамск,Республика Башкортостан,5,0.958,2,0,0,5,5,5-5-5-5-5-5-5-5,stable
26,городской округ город Октябрьский,Республика Башкортостан,5,0.958,2,0,0,5,5,5-5-5-5-5-5-5-5,stable
27,городской округ город Салават,Республика Башкортостан,5,0.958,2,0,0,5,5,5-5-5-5-5-5-5-5,stable
28,городской округ город Сибай,Республика Башкортостан,5,0.958,2,0,0,5,5,5-5-5-5-5-5-5-5,stable
29,городской округ город Стерлитамак,Республика Башкортостан,5,0.958,2,0,0,5,5,5-5-5-5-5-5-5-5,stable
30,Абзелиловский муниципальный район,Республика Башкортостан,6,0.75,10,2,0,6,6,6-6-0-6-6-0-6-6,other
31,Альшеевский муниципальный район,Республика Башкортостан,0,0.708,10,1,0,0,0,6-6-0-0-0-0-0-0,moved
32,Архангельский муниципальный район,Республика Башкортостан,0,0.958,1,0,0,0,0,0-0-0-0-0-0-0-0,stable
33,Аскинский муниципальный район,Республика Башкортостан,0,0.792,7,1,0,0,0,6-6-0-0-0-0-0-0,moved
34,Аургазинский муниципальный район,Республика Башкортостан,0,0.667,10,1,0,0,0,6-5-0-0-0-0-0-0,other
35,Баймакский муниципальный район,Республика Башкортостан,6,0.542,10,7,2,6,5,6-5-6-6-5-5-6-5,other
36,Бакалинский муниципальный район,Республика Башкортостан,0,0.958,1,0,0,0,0,0-0-0-0-0-0-0-0,stable
37,Балтачевский муниципальный район,Республика Башкортостан,0,0.583,11,1,1,6,0,6-6-6-0-0-0-0-0,moved
38,Белебеевский муниципальный район,Республика Башкортостан,5,0.958,2,0,0,5,5,5-5-5-5-5-5-5-5,stable
39,Белокатайский муниципальный район,Республика Башкортостан,6,0.625,12,3,0,6,6,6-6-6-6-6-6-6-5,other
40,Белорецкий муниципальный район,Республика Башкортостан,5,0.625,7,5,1,6,5,6-5-6-6-5-5-5-5,other
41,Бижбулякский муниципальный район,Республика Башкортостан,0,0.833,7,0,0,0,0,6-0-0-0-0-0-0-0,other
42,Бирский муниципальный район,Республика Башкортостан,5,0.958,2,0,0,5,5,5-5-5-5-5-5-5-5,stable
43,Благоварский муниципальный район,Республика Башкортостан,0,0.958,1,0,0,0,0,0-0-0-0-0-0-0-0,stable
44,Благовещенский муниципальный район,Республика Башкортостан,5,0.917,4,0,0,5,5,5-5-5-5-5-5-5-5,stable
45,Буздякский муниципальный район,Республика Башкортостан,0,0.667,13,1,0,0,0,6-6-0-0-0-0-0-0,moved
46,Бураевский муниципальный район,Республика Башкортостан,6,0.5,10,3,3,6,6,6-6-0-0-6-0-0-0,other
47,Бурзянский муниципальный район,Республика Башкортостан,6,0.833,6,2,0,6,6,6-6-6-6-6-6-6-6,stable
48,Гафурийский муниципальный район,Республика Башкортостан,0,0.583,15,1,0,6,0,6-6-0-0-0-0-0-0,moved
49,Давлекановский муниципальный район,Республика Башкортостан,0,0.708,8,0,0,0,0,6-6-0-0-6-0-0-0,other
50,Дуванский муниципальный район,Республика Башкортостан,6,0.667,12,3,0,6,6,6-5-6-6-5-6-6-5,other
51,Дюртюлинский муниципальный район,Республика Башкортостан,5,0.958,2,0,0,5,5,5-5-5-5-5-5-5-5,stable
52,Ермекеевский муниципальный район,Республика Башкортостан,0,0.875,4,0,0,0,0,0-0-0-0-0-0-0-0,stable
53,Зианчуринский муниципальный район,Республика Башкортостан,6,0.833,6,1,0,6,6,6-6-6-6-6-6-6-5,other
54,Зилаирский муниципальный район,Республика Башкортостан,6,0.875,6,0,0,6,6,6-6-6-6-6-6-6-6,stable
55,Иглинский муниципальный район,Республика Башкортостан,6,0.833,6,2,0,6,6,6-6-6-6-6-4-6-6,other
56,Илишевский муниципальный район,Республика Башкортостан,0,0.833,7,0,0,0,0,6-0-0-0-0-0-0-0,other
57,Ишимбайский муниципальный район,Республика Башкортостан,5,0.958,2,0,0,5,5,5-5-5-5-5-5-5-5,stable
58,Калтасинский муниципальный район,Республика Башкортостан,0,0.958,2,0,0,0,0,0-0-0-0-0-0-0-0,stable
59,Караидельский муниципальный район,Республика Башкортостан,6,0.667,12,3,0,6,6,6-6-6-0-6-6-6-6,other
60,Кармаскалинский муниципальный район,Республика Башкортостан,6,0.542,11,1,1,6,0,6-6-0-6-6-0-0-0,other
61,Кигинский муниципальный район,Республика Башкортостан,0,0.625,11,3,0,0,0,6-6-0-0-0-0-6-0,other
62,Краснокамский муниципальный район,Республика Башкортостан,6,0.625,13,3,0,6,6,6-6-0-6-6-6-6-0,other
63,Кугарчинский муниципальный район,Республика Башкортостан,6,0.75,11,0,0,6,6,6-6-6-6-6-6-6-6,stable
65,Кушнаренковский муниципальный район,Республика Башкортостан,0,0.917,3,0,0,0,0,6-0-0-0-0-0-0-0,other
66,Мелеузовский муниципальный район,Республика Башкортостан,5,0.958,2,0,0,5,5,5-5-5-5-5-5-5-5,stable
67,Мечетлинский муниципальный район,Республика Башкортостан,6,0.583,14,1,1,6,5,6-6-6-6-5-6-6-5,other
68,Мишкинский муниципальный район,Республика Башкортостан,0,0.917,3,0,0,0,0,6-0-0-0-0-0-0-0,other
69,Миякинский муниципальный район,Республика Башкортостан,0,0.5,11,1,1,5,0,6-5-5-0-0-0-0-0,other
70,Нуримановский муниципальный район,Республика Башкортостан,0,0.875,4,1,0,0,0,0-0-0-0-0-0-0-1,other
71,Салаватский муниципальный район,Республика Башкортостан,6,0.792,9,0,0,6,6,6-6-6-6-6-6-6-6,stable
72,Стерлибашевский муниципальный район,Республика Башкортостан,0,0.708,12,0,0,0,0,6-0-0-0-0-0-0-0,other
73,Стерлитамакский муниципальный район,Республика Башкортостан,5,0.958,2,0,0,5,5,5-5-5-5-5-5-5-5,stable
74,Татышлинский муниципальный район,Республика Башкортостан,6,0.708,10,2,2,6,6,6-6-6-0-6-6-6-6,other
75,Туймазинский муниципальный район,Республика Башкортостан,5,0.958,2,0,0,5,5,5-5-5-5-5-5-5-5,stable
76,Уфимский муниципальный район,Республика Башкортостан,3,0.792,5,1,1,3,3,3-3-3-3-3-3-3-5,other
77,Учалинский муниципальный район,Республика Башкортостан,5,0.958,2,0,0,5,5,5-5-5-5-5-5-5-5,stable
78,Федоровский муниципальный район,Республика Башкортостан,0,0.917,4,0,0,0,0,0-0-0-0-0-0-0-0,stable
79,Хайбуллинский муниципальный район,Республика Башкортостан,6,0.792,6,1,1,6,6,6-6-6-6-6-6-6-5,other
80,Чекмагушевский муниципальный район,Республика Башкортостан,0,0.75,7,1,0,0,0,6-6-0-0-0-0-0-0,moved
81,Чишминский муниципальный район,Республика Башкортостан,5,0.625,7,1,1,6,5,6-6-6-5-5-5-5-5,moved
82,Шаранский муниципальный район,Республика Башкортостан,0,0.917,3,0,0,0,0,6-0-0-0-0-0-0-0,other
83,Янаульский муниципальный район,Республика Башкортостан,5,0.833,7,0,0,5,5,6-5-5-5-5-5-5-5,other
167,городской округ Нальчик,Кабардино-Балкарская Республика,5,0.958,2,0,0,5,5,5-5-5-5-5-5-5-5,stable
168,городской округ Баксан,Кабардино-Балкарская Республика,5,0.708,9,1,1,5,5,2-5-5-5-2-5-5-5,other
169,городской округ Прохладный,Кабардино-Балкарская Республика,2,0.958,2,0,0,2,2,2-2-2-2-2-2-2-2,stable
173,Майский муниципальный район,Кабардино-Балкарская Республика,2,1.0,0,0,0,2,2,2-2-2-2-2-2-2-2,stable
181,Городовиковский муниципальный район,Республика Калмыкия,2,0.958,2,0,0,2,2,2-2-2-2-2-2-2-2,stable
184,Лаганский муниципальный район,Республика Калмыкия,1,0.625,14,1,0,1,1,2-1-2-1-1-1-2-1,other
185,Малодербетовский муниципальный район,Республика Калмыкия,2,0.833,8,0,0,2,2,2-5-2-2-2-2-2-2,other
188,Сарпинский муниципальный район,Республика Калмыкия,2,0.875,6,0,0,2,2,2-2-2-2-2-2-1-2,other
191,Юстинский муниципальный район,Республика Калмыкия,6,0.458,11,3,3,6,6,6-5-2-2-6-6-6-2,other
194,городской округ Черкесский,Карачаево-Черкесская Республика,5,0.958,2,0,0,5,5,5-5-5-5-5-5-5-5,stable
195,городской округ Карачаевский,Карачаево-Черкесская Республика,2,1.0,0,0,0,2,2,2-2-2-2-2-2-2-2,stable
196,Абазинский муниципальный район,Карачаево-Черкесская Республика,5,0.875,6,0,0,5,5,5-5-5-5-5-5-5-5,stable
198,Зеленчукский муниципальный район,Карачаево-Черкесская Республика,2,0.958,2,0,0,2,2,2-2-2-2-2-2-2-2,stable
201,Ногайский муниципальный район,Карачаево-Черкесская Республика,5,0.75,9,2,0,5,5,6-5-5-5-5-6-5-5,other
203,Урупский муниципальный район,Карачаево-Черкесская Республика,2,0.708,13,0,0,2,2,2-1-2-2-2-2-2-2,other
204,Усть-Джегутинский муниципальный район,Карачаево-Черкесская Республика,2,0.542,10,3,2,5,2,2-5-5-2-2-6-2-5,other
205,Хабезский муниципальный район,Карачаево-Черкесская Республика,5,0.708,7,3,1,5,5,6-5-5-5-5-6-5-5,other
206,городской округ Петрозаводский,Республика Карелия,5,0.75,8,3,0,5,5,5-3-5-5-5-5-5-3,other
207,городской округ Костомукшский,Республика Карелия,4,0.958,2,0,0,4,4,4-4-4-4-4-4-4-4,stable
208,Беломорский муниципальный округ,Республика Карелия,4,0.542,11,1,1,4,1,4-4-4-1-4-4-1-1,other
209,Калевальский муниципальный район,Республика Карелия,6,0.583,6,3,3,6,6,1-1-6-6-6-1-6-6,other
210,Кемский муниципальный район,Республика Карелия,1,1.0,0,0,0,1,1,1-1-1-1-1-1-1-1,stable
211,Кондопожский муниципальный район,Республика Карелия,1,0.542,11,1,1,4,1,4-4-4-1-1-1-1-1,moved
212,Лахденпохский муниципальный район,Республика Карелия,1,0.958,2,0,0,1,1,1-1-1-1-1-1-1-1,stable
213,Лоухский муниципальный район,Республика Карелия,1,1.0,0,0,0,1,1,1-1-1-1-1-1-1-1,stable
214,Медвежьегорский муниципальный район,Республика Карелия,1,1.0,0,0,0,1,1,1-1-1-1-1-1-1-1,stable
215,Муезерский муниципальный район,Республика Карелия,1,0.875,4,2,0,1,1,1-1-1-1-1-4-1-1,other
216,Олонецкий муниципальный район,Республика Карелия,1,1.0,0,0,0,1,1,1-1-1-1-1-1-1-1,stable
217,Питкярантский муниципальный округ,Республика Карелия,1,1.0,0,0,0,1,1,1-1-1-1-1-1-1-1,stable
218,Прионежский муниципальный район,Республика Карелия,3,0.5,14,2,0,3,3,3-3-4-4-5-3-3-1,other
219,Пряжинский муниципальный район,Республика Карелия,1,1.0,0,0,0,1,1,1-1-1-1-1-1-1-1,stable
220,Пудожский муниципальный район,Республика Карелия,1,0.458,13,3,1,4,1,4-4-1-4-1-1-6-1,other
221,Сегежский муниципальный округ,Республика Карелия,4,0.542,9,3,3,4,4,4-4-1-4-4-4-1-1,other
222,Сортавальский муниципальный район,Республика Карелия,4,0.958,2,0,0,4,4,4-4-4-4-4-4-4-4,stable
223,Суоярвский муниципальный округ,Республика Карелия,1,1.0,0,0,0,1,1,1-1-1-1-1-1-1-1,stable
224,городской округ Сыктывкар,Республика Коми,4,0.833,6,2,0,4,4,4-4-4-4-4-5-4-4,other
225,городской округ Воркута,Республика Коми,4,0.958,2,0,0,4,4,4-4-4-4-4-4-4-4,stable
226,муниципальный округ Вуктыл,Республика Коми,4,0.917,4,0,0,4,4,4-4-4-4-4-4-4-4,stable
227,городской округ Инта,Республика Коми,4,0.958,2,0,0,4,4,4-4-4-4-4-4-4-4,stable
228,муниципальный округ Усинск,Республика Коми,4,0.958,2,0,0,4,4,4-4-4-4-4-4-4-4,stable
229,городской округ Ухта,Республика Коми,4,0.958,2,0,0,4,4,4-4-4-4-4-4-4-4,stable
230,Ижемский муниципальный район,Республика Коми,4,0.375,15,2,1,4,1,4-4-4-6-6-6-1-1,other
231,Княжпогостский муниципальный район,Республика Коми,1,1.0,0,0,0,1,1,1-1-1-1-1-1-1-1,stable
232,Койгородский муниципальный район,Республика Коми,0,0.583,14,5,0,0,1,0-0-1-0-1-0-0-1,other
233,Корткеросский муниципальный район,Республика Коми,1,0.792,9,0,0,1,1,0-1-1-1-1-1-1-1,other
234,муниципальный район Печора,Республика Коми,4,0.958,2,0,0,4,4,4-4-4-4-4-4-4-4,stable
235,Прилузский муниципальный район,Республика Коми,1,0.583,10,3,1,0,1,0-0-1-0-1-1-1-1,other
236,муниципальный район Сосногорск,Республика Коми,4,0.792,8,2,0,4,4,4-4-4-4-1-4-4-4,other
237,Сыктывдинский муниципальный район,Республика Коми,4,0.917,4,0,0,4,4,4-4-4-4-4-4-4-4,stable
238,Сысольский муниципальный район,Республика Коми,0,0.583,10,5,1,0,1,0-0-1-0-1-0-1-1,other
239,Троицко-Печорский муниципальный район,Республика Коми,1,0.958,2,0,0,1,1,1-1-1-1-1-1-1-1,stable
240,Удорский муниципальный район,Республика Коми,1,0.625,13,1,0,1,1,4-1-1-1-1-1-1-1,other
241,Усть-Вымский муниципальный район,Республика Коми,1,0.917,1,1,0,1,1,4-1-1-1-1-1-1-1,other
242,Усть-Куломский муниципальный район,Республика Коми,0,0.875,4,2,0,0,0,0-0-0-0-1-0-0-0,other
243,Усть-Цилемский муниципальный район,Республика Коми,4,0.417,15,3,1,4,6,6-4-4-6-6-6-6-4,other
269,городской округ город Йошкар-Ола,Республика Марий Эл,5,0.958,2,0,0,5,5,5-5-5-5-5-5-5-5,stable
270,городской округ город Волжск,Республика Марий Эл,1,0.875,3,1,0,1,1,4-1-1-1-1-1-1-1,other
271,городской округ город Козьмодемьянск,Республика Марий Эл,1,0.958,2,0,0,1,1,1-1-1-1-1-1-1-1,stable
272,Волжский муниципальный район,Республика Марий Эл,0,0.583,8,4,2,0,0,6-0-0-0-6-0-0-1,other
273,Горномарийский муниципальный район,Республика Марий Эл,0,0.917,1,1,0,0,0,6-0-0-0-0-0-0-0,other
274,Звениговский муниципальный район,Республика Марий Эл,0,0.708,8,3,0,0,0,2-0-0-0-0-0-0-0,other
275,Килемарский муниципальный район,Республика Марий Эл,1,0.542,8,2,1,0,1,1-0-0-0-1-1-1-1,other
276,Куженерский муниципальный район,Республика Марий Эл,0,0.958,2,0,0,0,0,0-0-0-0-0-0-0-0,stable
277,Мари-Турекский муниципальный район,Республика Марий Эл,0,1.0,0,0,0,0,0,0-0-0-0-0-0-0-0,stable
278,Медведевский муниципальный район,Республика Марий Эл,5,0.958,2,0,0,5,5,5-5-5-5-5-5-5-5,stable
279,Моркинский муниципальный район,Республика Марий Эл,0,1.0,0,0,0,0,0,0-0-0-0-0-0-0-0,stable
280,Новоторъяльский муниципальный район,Республика Марий Эл,1,0.625,11,4,1,1,1,1-1-1-0-1-1-0-1,other
281,Оршанский муниципальный район,Республика Марий Эл,0,0.875,4,2,0,0,0,0-0-0-0-1-0-0-0,other
282,Параньгинский муниципальный район,Республика Марий Эл,0,0.958,2,0,0,0,0,0-0-0-0-0-0-0-0,stable
283,Сернурский муниципальный район,Республика Марий Эл,0,0.833,7,0,0,0,0,0-0-0-0-0-0-0-0,stable
284,Советский муниципальный район,Республика Марий Эл,1,0.5,14,4,1,1,1,4-4-1-0-1-1-0-0,other
285,Юринский муниципальный район,Республика Марий Эл,0,0.75,8,3,0,0,0,0-0-1-0-0-0-0-2,other
287,Ардатовский муниципальный район,Республика Мордовия,2,0.958,2,0,0,2,2,2-2-2-2-2-2-2-2,stable
288,Атюрьевский муниципальный район,Республика Мордовия,2,1.0,0,0,0,2,2,2-2-2-2-2-2-2-2,stable
289,Атяшевский муниципальный район,Республика Мордовия,2,0.958,2,0,0,2,2,2-2-2-2-2-2-2-2,stable
290,Большеберезниковский муниципальный район,Республика Мордовия,2,0.542,8,3,1,2,0,2-2-2-2-0-0-2-0,other
292,Дубенский муниципальный район,Республика Мордовия,2,0.708,10,1,0,2,2,2-2-2-2-2-2-0-0,moved
293,Ельниковский муниципальный район,Республика Мордовия,2,1.0,0,0,0,2,2,2-2-2-2-2-2-2-2,stable
294,Зубово-Полянский муниципальный район,Республика Мордовия,2,0.958,2,0,0,2,2,2-2-2-2-2-2-2-2,stable
295,Инсарский муниципальный район,Республика Мордовия,2,0.917,4,0,0,2,2,2-2-2-2-2-2-2-2,stable
296,Ичалковский муниципальный район,Республика Мордовия,2,0.833,7,0,0,2,2,2-2-2-2-2-2-2-2,stable
297,Кадошкинский муниципальный район,Республика Мордовия,2,0.917,4,0,0,2,2,2-2-2-2-2-2-2-2,stable
298,Ковылкинский муниципальный район,Республика Мордовия,2,1.0,0,0,0,2,2,2-2-2-2-2-2-2-2,stable
300,Краснослободский муниципальный район,Республика Мордовия,2,0.917,4,0,0,2,2,2-2-2-2-2-2-2-2,stable
301,Лямбирский муниципальный район,Республика Мордовия,6,0.542,11,3,1,6,5,6-6-6-5-6-6-5-5,other
302,Ромодановский муниципальный район,Республика Мордовия,2,0.875,3,1,0,2,2,2-2-2-2-2-2-2-0,other
303,Рузаевский муниципальный район,Республика Мордовия,2,0.542,9,4,1,2,2,1-1-2-2-3-2-2-0,other
304,Старошайговский муниципальный район,Республика Мордовия,0,0.458,17,3,0,0,2,2-0-2-2-0-2-0-2,other
305,Темниковский муниципальный район,Республика Мордовия,2,1.0,0,0,0,2,2,2-2-2-2-2-2-2-2,stable
306,Теньгушевский муниципальный район,Республика Мордовия,2,1.0,0,0,0,2,2,2-2-2-2-2-2-2-2,stable
307,Торбеевский муниципальный район,Республика Мордовия,2,0.917,3,0,0,2,2,2-2-2-2-2-2-2-2,stable
308,Чамзинский муниципальный район,Республика Мордовия,2,0.958,2,0,0,2,2,2-2-2-2-2-2-2-2,stable
309,городской округ город Якутск,Республика Саха (Якутия),4,1.0,0,0,0,4,4,4-4-4-4-4-4-4-4,stable
312,Алданский муниципальный район,Республика Саха (Якутия),4,1.0,0,0,0,4,4,4-4-4-4-4-4-4-4,stable
314,Амгинский муниципальный район,Республика Саха (Якутия),4,0.792,8,2,0,4,4,4-4-4-6-4-4-4-4,other
316,Булунский муниципальный район,Республика Саха (Якутия),4,1.0,0,0,0,4,4,4-4-4-4-4-4-4-4,stable
317,Верхневилюйский муниципальный район,Республика Саха (Якутия),4,0.833,6,2,0,4,4,4-4-4-6-4-4-4-4,other
318,Верхнеколымский муниципальный район,Республика Саха (Якутия),4,1.0,0,0,0,4,4,4-4-4-4-4-4-4-4,stable
319,Верхоянский муниципальный район,Республика Саха (Якутия),4,1.0,0,0,0,4,4,4-4-4-4-4-4-4-4,stable
320,Вилюйский муниципальный район,Республика Саха (Якутия),4,0.958,2,0,0,4,4,4-4-4-4-4-4-4-4,stable
321,Горный муниципальный район,Республика Саха (Якутия),4,0.75,7,3,0,4,4,6-4-4-6-4-4-4-4,other
323,Кобяйский муниципальный район,Республика Саха (Якутия),4,1.0,0,0,0,4,4,4-4-4-4-4-4-4-4,stable
324,Нюрбинский муниципальный район,Республика Саха (Якутия),4,0.875,4,2,0,4,4,4-4-4-6-4-4-4-4,other
325,Ленский муниципальный район,Республика Саха (Якутия),4,1.0,0,0,0,4,4,4-4-4-4-4-4-4-4,stable
326,Мегино-Кангаласский муниципальный район,Республика Саха (Якутия),4,0.792,8,2,0,4,4,4-4-4-6-4-4-4-4,other
327,Мирнинский муниципальный район,Республика Саха (Якутия),4,1.0,0,0,0,4,4,4-4-4-4-4-4-4-4,stable
329,Намский муниципальный район,Республика Саха (Якутия),4,0.75,8,3,0,4,4,6-4-4-6-4-4-4-4,other
330,Нерюнгринский муниципальный район,Республика Саха (Якутия),4,1.0,0,0,0,4,4,4-4-4-4-4-4-4-4,stable
331,Нижнеколымский муниципальный район,Республика Саха (Якутия),4,1.0,0,0,0,4,4,4-4-4-4-4-4-4-4,stable
332,Оймяконский муниципальный район,Республика Саха (Якутия),4,1.0,0,0,0,4,4,4-4-4-4-4-4-4-4,stable
333,Олекминский муниципальный район,Республика Саха (Якутия),4,0.958,2,0,0,4,4,4-4-4-4-4-4-4-4,stable
334,Оленекский эвенкийский национальный муниципальный район,Республика Саха (Якутия),4,1.0,0,0,0,4,4,4-4-4-4-4-4-4-4,stable
335,Среднеколымский муниципальный район,Республика Саха (Якутия),4,1.0,0,0,0,4,4,4-4-4-4-4-4-4-4,stable
336,Сунтарский муниципальный район,Республика Саха (Якутия),4,0.833,6,2,0,4,4,4-4-4-6-4-4-4-4,other
337,Таттинский муниципальный район,Республика Саха (Якутия),4,0.708,7,3,1,6,4,6-4-4-6-4-4-4-4,other
338,Томпонский муниципальный район,Республика Саха (Якутия),4,1.0,0,0,0,4,4,4-4-4-4-4-4-4-4,stable
339,Усть-Алданский муниципальный район,Республика Саха (Якутия),4,0.708,10,3,0,6,4,6-4-4-6-4-4-4-4,other
340,Усть-Майский муниципальный район,Республика Саха (Якутия),4,1.0,0,0,0,4,4,4-4-4-4-4-4-4-4,stable
341,Усть-Янский муниципальный район,Республика Саха (Якутия),4,1.0,0,0,0,4,4,4-4-4-4-4-4-4-4,stable
342,Хангаласский муниципальный район,Республика Саха (Якутия),4,0.875,4,2,0,4,4,4-4-4-6-4-4-4-4,other
343,Чурапчинский муниципальный район,Республика Саха (Якутия),4,0.708,7,3,1,6,4,6-4-4-6-4-4-4-4,other
345,городской округ город Владикавказ,Республика Северная Осетия — Алания,5,0.958,2,0,0,5,5,5-5-5-5-5-5-5-5,stable
346,Алагирский муниципальный район,Республика Северная Осетия — Алания,5,0.958,2,0,0,5,5,5-5-5-5-5-5-5-5,stable
347,Ардонский муниципальный район,Республика Северная Осетия — Алания,5,0.708,9,1,1,5,5,2-5-5-5-2-5-5-5,other
348,Дигорский муниципальный район,Республика Северная Осетия — Алания,5,0.583,15,1,1,5,5,2-5-5-5-2-5-2-5,other
349,Ирафский муниципальный район,Республика Северная Осетия — Алания,2,0.625,12,3,0,2,2,2-2-2-2-2-6-2-5,other
351,Моздокский муниципальный район,Республика Северная Осетия — Алания,5,0.708,9,1,1,5,5,2-5-5-5-2-5-5-5,other
352,Правобережный муниципальный район,Республика Северная Осетия — Алания,5,0.917,4,0,0,5,5,5-5-5-5-5-5-5-5,stable
354,городской округ город Казань,Республика Татарстан,5,0.958,2,0,0,5,5,5-5-5-5-5-5-5-5,stable
355,городской округ город Набережные Челны,Республика Татарстан,5,0.958,2,0,0,5,5,5-5-5-5-5-5-5-5,stable
356,Агрызский муниципальный район,Республика Татарстан,0,0.792,5,3,0,0,0,0-0-0-0-4-0-0-4,other
357,Азнакаевский муниципальный район,Республика Татарстан,6,0.542,14,1,1,6,6,6-6-6-6-6-0-0-6,other
358,Аксубаевский муниципальный район,Республика Татарстан,0,0.875,6,0,0,0,0,0-0-0-0-0-0-0-0,stable
359,Актанышский муниципальный район,Республика Татарстан,0,0.958,1,0,0,0,0,0-0-0-0-0-0-0-0,stable
360,Алексеевский муниципальный район,Республика Татарстан,1,1.0,0,0,0,1,1,1-1-1-1-1-1-1-1,stable
361,Алькеевский муниципальный район,Республика Татарстан,0,0.792,9,0,0,0,0,0-6-0-0-0-0-0-0,other
362,Альметьевский муниципальный район,Республика Татарстан,5,0.958,2,0,0,5,5,5-5-5-5-5-5-5-5,stable
363,Апастовский муниципальный район,Республика Татарстан,0,0.833,7,0,0,0,0,6-0-0-0-0-0-0-0,other
364,Арский муниципальный район,Республика Татарстан,6,0.5,12,3,1,6,0,6-6-0-0-6-0-0-0,other
365,Атнинский муниципальный район,Республика Татарстан,0,1.0,0,0,0,0,0,0-0-0-0-0-0-0-0,stable
366,Бавлинский муниципальный район,Республика Татарстан,0,0.792,5,1,1,0,0,6-0-0-0-0-0-0-0,other
367,Балтасинский муниципальный район,Республика Татарстан,0,0.667,10,2,2,0,0,6-0-0-0-6-0-0-0,other
368,Бугульминский муниципальный район,Республика Татарстан,5,0.958,2,0,0,5,5,5-5-5-5-5-5-5-5,stable
369,Буинский муниципальный район,Республика Татарстан,0,0.583,8,4,4,0,0,0-6-6-0-6-0-0-0,other
370,Верхнеуслонский муниципальный район,Республика Татарстан,1,0.583,12,1,1,1,1,5-6-4-1-1-1-1-1,other
371,Высокогорский муниципальный район,Республика Татарстан,6,0.583,8,3,1,6,5,6-6-6-5-6-6-5-5,other
372,Дрожжановский муниципальный район,Республика Татарстан,0,0.458,14,5,0,0,6,6-6-0-0-0-6-6-0,other
373,Елабужский муниципальный район,Республика Татарстан,5,0.958,2,0,0,5,5,5-5-5-5-5-5-5-5,stable
374,Заинский муниципальный район,Республика Татарстан,5,0.458,14,1,1,6,5,6-6-6-6-5-6-5-5,other
375,Зеленодольский муниципальный район,Республика Татарстан,5,0.958,2,0,0,5,5,5-5-5-5-5-5-5-5,stable
376,Кайбицкий муниципальный район,Республика Татарстан,0,0.875,4,2,0,0,0,0-0-0-0-6-0-0-0,other
377,Камско-Устьинский муниципальный район,Республика Татарстан,1,0.625,10,3,1,1,1,0-1-1-0-1-1-1-1,other
378,Кукморский муниципальный район,Республика Татарстан,6,0.542,8,3,3,6,6,6-6-6-0-6-0-0-0,other
379,Лаишевский муниципальный район,Республика Татарстан,5,0.958,2,0,0,5,5,5-5-5-5-5-5-5-5,stable
380,Лениногорский муниципальный район,Республика Татарстан,5,0.958,2,0,0,5,5,5-5-5-5-5-5-5-5,stable
381,Мамадышский муниципальный район,Республика Татарстан,0,1.0,0,0,0,0,0,0-0-0-0-0-0-0-0,stable
382,Менделеевский муниципальный район,Республика Татарстан,0,0.5,10,3,3,0,1,5-0-0-1-1-2-0-0,other
383,Мензелинский муниципальный район,Республика Татарстан,0,0.833,7,0,0,0,0,6-0-0-0-0-0-0-0,other
384,Муслюмовский муниципальный район,Республика Татарстан,0,0.958,1,0,0,0,0,0-0-0-0-0-0-0-0,stable
385,Нижнекамский муниципальный район,Республика Татарстан,5,0.958,2,0,0,5,5,5-5-5-5-5-5-5-5,stable
386,Новошешминский муниципальный район,Республика Татарстан,0,0.75,11,0,0,0,0,0-0-0-0-0-0-0-0,stable
387,Нурлатский муниципальный район,Республика Татарстан,0,0.792,7,2,0,0,0,0-6-0-0-0-0-0-0,other
388,Пестречинский муниципальный район,Республика Татарстан,5,0.667,9,1,1,5,5,6-5-5-5-6-5-5-5,other
390,Сабинский муниципальный район,Республика Татарстан,0,0.625,7,3,3,0,0,6-0-0-0-6-0-0-0,other
391,Сармановский муниципальный район,Республика Татарстан,0,0.917,3,0,0,0,0,6-0-0-0-0-0-0-0,other
392,Спасский муниципальный район,Республика Татарстан,2,0.542,13,1,1,1,2,1-1-1-1-1-2-2-2,moved
393,Тетюшский муниципальный район,Республика Татарстан,2,0.417,13,5,1,2,1,2-2-2-2-0-1-2-1,other
395,Тюлячинский муниципальный район,Республика Татарстан,0,0.625,10,3,1,0,0,6-0-0-0-6-0-0-0,other
396,Черемшанский муниципальный район,Республика Татарстан,0,0.625,11,2,1,0,0,6-0-0-0-0-2-2-0,other
397,Чистопольский муниципальный район,Республика Татарстан,6,0.833,6,1,0,6,6,6-6-6-6-6-6-6-5,other
398,Ютазинский муниципальный район,Республика Татарстан,0,0.917,4,0,0,0,0,0-0-0-0-0-0-0-0,stable
401,Бай-Тайгинский муниципальный район,Республика Тыва,6,0.833,4,4,0,6,6,6-6-6-6-6-0-6-6,other
402,Барун-Хемчикский муниципальный район,Республика Тыва,6,0.917,4,0,0,6,6,6-6-6-6-6-6-6-6,stable
403,Дзун-Хемчикский муниципальный район,Республика Тыва,6,0.917,4,0,0,6,6,6-6-6-6-6-6-6-6,stable
404,Каа-Хемский муниципальный район,Республика Тыва,6,0.542,6,3,1,1,6,1-1-6-6-6-1-6-6,other
405,Кызылский муниципальный район,Республика Тыва,6,0.875,6,0,0,6,6,6-6-6-6-6-6-6-6,stable
408,Пий-Хемский муниципальный район,Республика Тыва,0,0.375,11,2,1,1,6,6-1-1-6-0-0-6-6,other
410,Тандинский муниципальный район,Республика Тыва,6,0.875,6,0,0,6,6,6-6-6-6-6-6-6-6,stable
413,Тоджинский муниципальный район,Республика Тыва,6,0.708,9,2,1,6,6,6-1-6-6-6-6-6-6,other
414,Улуг-Хемский муниципальный район,Республика Тыва,6,0.875,6,0,0,6,6,6-6-6-6-6-6-6-6,stable
416,Чеди-Хольский муниципальный район,Республика Тыва,6,0.875,5,0,0,6,6,6-6-6-6-6-6-6-6,stable
418,городской округ город Ижевск,Удмуртская Республика,5,0.958,2,0,0,5,5,5-5-5-5-5-5-5-5,stable
419,городской округ город Воткинск,Удмуртская Республика,5,0.958,2,0,0,5,5,5-5-5-5-5-5-5-5,stable
420,городской округ город Глазов,Удмуртская Республика,5,0.958,2,0,0,5,5,5-5-5-5-5-5-5-5,stable
421,городской округ город Можга,Удмуртская Республика,5,0.583,9,5,1,6,5,6-5-6-5-5-6-5-5,other
422,городской округ город Сарапул,Удмуртская Республика,5,0.958,2,0,0,5,5,5-5-5-5-5-5-5-5,stable
423,муниципальный округ Алнашский район,Удмуртская Республика,0,0.875,5,0,0,0,0,0-0-0-0-0-0-0-0,stable
424,муниципальный округ Балезинский район,Удмуртская Республика,0,1.0,0,0,0,0,0,0-0-0-0-0-0-0-0,stable
425,муниципальный округ Вавожский район,Удмуртская Республика,0,1.0,0,0,0,0,0,0-0-0-0-0-0-0-0,stable
428,муниципальный округ Граховский район,Удмуртская Республика,0,0.958,2,0,0,0,0,0-0-0-0-0-0-0-0,stable
429,муниципальный округ Дебёсский район,Удмуртская Республика,0,1.0,0,0,0,0,0,0-0-0-0-0-0-0-0,stable
430,муниципальный округ Завьяловский район,Удмуртская Республика,5,0.792,5,1,1,5,5,6-5-5-5-5-5-5-5,other
431,муниципальный округ Игринский район,Удмуртская Республика,0,1.0,0,0,0,0,0,0-0-0-0-0-0-0-0,stable
432,муниципальный округ Камбарский район,Удмуртская Республика,0,0.958,2,0,0,0,0,0-0-0-0-0-0-0-0,stable
433,муниципальный округ Каракулинский район,Удмуртская Республика,0,0.958,2,0,0,0,0,0-0-0-0-0-0-0-0,stable
434,муниципальный округ Кезский район,Удмуртская Республика,0,1.0,0,0,0,0,0,0-0-0-0-0-0-0-0,stable
435,муниципальный округ Кизнерский район,Удмуртская Республика,0,1.0,0,0,0,0,0,0-0-0-0-0-0-0-0,stable
436,муниципальный округ Киясовский район,Удмуртская Республика,0,0.917,4,0,0,0,0,0-0-0-0-0-0-2-0,other
437,муниципальный округ Красногорский район,Удмуртская Республика,0,1.0,0,0,0,0,0,0-0-0-0-0-0-0-0,stable
438,муниципальный округ Малопургинский район,Удмуртская Республика,0,0.917,3,0,0,0,0,0-0-0-0-0-0-0-0,stable
440,муниципальный округ Сарапульский район,Удмуртская Республика,0,0.458,13,2,1,0,6,0-0-0-6-4-6-6-6,other
441,муниципальный округ Селтинский район,Удмуртская Республика,0,0.958,2,0,0,0,0,0-0-0-0-0-0-0-0,stable
442,муниципальный округ Сюмсинский район,Удмуртская Республика,0,1.0,0,0,0,0,0,0-0-0-0-0-0-0-0,stable
443,муниципальный округ Увинский район,Удмуртская Республика,0,0.833,1,1,1,0,0,0-0-0-0-0-0-0-6,other
444,муниципальный округ Шарканский район,Удмуртская Республика,0,1.0,0,0,0,0,0,0-0-0-0-0-0-0-0,stable
445,муниципальный округ Юкаменский район,Удмуртская Республика,0,1.0,0,0,0,0,0,0-0-0-0-0-0-0-0,stable
446,муниципальный округ Якшур-Бодьинский район,Удмуртская Республика,0,1.0,0,0,0,0,0,0-0-0-0-0-0-0-0,stable
447,муниципальный округ Ярский район,Удмуртская Республика,0,1.0,0,0,0,0,0,0-0-0-0-0-0-0-0,stable
448,городской округ город Абакан,Республика Хакасия,5,0.958,2,0,0,5,5,5-5-5-5-5-5-5-5,stable
449,городской округ город Абаза,Республика Хакасия,1,0.875,5,0,0,1,1,1-1-1-1-1-1-1-1,stable
450,городской округ город Саяногорск,Республика Хакасия,4,0.875,6,0,0,4,4,4-4-4-4-4-4-4-4,stable
451,городской округ город Сорск,Республика Хакасия,1,1.0,0,0,0,1,1,1-1-1-1-1-1-1-1,stable
452,городской округ город Черногорск,Республика Хакасия,4,0.5,10,3,1,6,4,6-6-4-6-6-4-4-4,other
453,Алтайский муниципальный район,Республика Хакасия,6,0.833,7,0,0,6,6,6-6-6-6-6-6-6-6,stable
455,Бейский муниципальный район,Республика Хакасия,6,0.833,6,2,0,6,6,6-6-6-6-6-6-6-6,stable
456,Боградский муниципальный район,Республика Хакасия,0,0.917,4,0,0,0,0,0-0-0-0-0-0-0-0,stable
457,Орджоникидзевский муниципальный район,Республика Хакасия,0,0.917,4,0,0,0,0,0-0-0-0-0-0-0-0,stable
458,Таштыпский муниципальный район,Республика Хакасия,6,0.833,7,0,0,6,6,6-6-6-6-6-6-6-6,stable
459,Усть-Абаканский муниципальный район,Республика Хакасия,6,0.875,4,2,0,6,6,6-6-6-6-6-4-6-6,other
460,Ширинский муниципальный район,Республика Хакасия,6,0.875,6,0,0,6,6,6-6-6-6-6-6-6-6,stable
478,городской округ город Чебоксары,Чувашская Республика,5,0.958,2,0,0,5,5,5-5-5-5-5-5-5-5,stable
479,городской округ город Алатырь,Чувашская Республика,2,0.958,2,0,0,2,2,2-2-2-2-2-2-2-2,stable
480,городской округ город Канаш,Чувашская Республика,5,0.583,9,3,1,6,5,6-6-5-5-5-6-5-5,other
481,городской округ город Новочебоксарск,Чувашская Республика,5,0.958,2,0,0,5,5,5-5-5-5-5-5-5-5,stable
482,городской округ город Шумерля,Чувашская Республика,2,0.75,9,2,0,2,2,2-2-2-2-0-2-2-2,other
484,Аликовский муниципальный округ,Чувашская Республика,0,0.917,4,0,0,0,0,0-0-0-0-0-0-0-0,stable
485,Батыревский муниципальный округ,Чувашская Республика,0,0.542,16,3,0,0,0,6-6-0-0-0-6-0-0,other
486,Вурнарский муниципальный округ,Чувашская Республика,0,0.917,3,0,0,0,0,0-0-0-0-0-0-0-0,stable
487,Ибресинский муниципальный округ,Чувашская Республика,2,0.708,10,4,0,2,2,2-2-2-2-2-0-2-2,other
489,Козловский муниципальный округ,Чувашская Республика,0,0.875,4,2,0,0,0,0-0-0-0-1-0-0-0,other
490,Комсомольский муниципальный округ,Чувашская Республика,0,0.75,11,0,0,0,0,6-0-0-0-0-0-0-0,other
491,Красноармейский муниципальный округ,Чувашская Республика,0,0.875,5,0,0,0,0,6-0-0-0-0-0-0-0,other
492,Красночетайский муниципальный округ,Чувашская Республика,0,0.5,11,4,3,2,0,0-6-2-0-0-0-2-0,other
493,Мариинско-Посадский муниципальный округ,Чувашская Республика,1,0.833,5,0,0,1,1,0-1-1-1-1-1-1-1,other
494,Моргаушский муниципальный округ,Чувашская Республика,0,0.917,3,0,0,0,0,6-0-0-0-0-0-0-0,other
495,Порецкий муниципальный округ,Чувашская Республика,2,0.917,2,1,0,2,2,2-2-2-2-2-2-2-0,other
496,Урмарский муниципальный округ,Чувашская Республика,0,1.0,0,0,0,0,0,0-0-0-0-0-0-0-0,stable
497,Цивильский муниципальный округ,Чувашская Республика,0,0.958,2,0,0,0,0,0-0-0-0-0-0-0-0,stable
498,Чебоксарский муниципальный округ,Чувашская Республика,6,0.625,9,3,3,6,6,6-6-6-5-6-6-6-5,other
499,Шемуршинский муниципальный округ,Чувашская Республика,0,0.667,13,2,0,0,0,0-0-6-0-6-0-0-0,other
501,Ядринский муниципальный округ,Чувашская Республика,0,1.0,0,0,0,0,0,0-0-0-0-0-0-0-0,stable
502,Яльчикский муниципальный округ,Чувашская Республика,0,0.583,14,2,0,2,0,0-0-2-2-0-0-0-0,other
503,Янтиковский муниципальный округ,Чувашская Республика,0,0.917,4,0,0,0,0,0-0-0-0-0-0-0-0,stable
504,городской округ город Барнаул,Алтайский край,5,0.958,2,0,0,5,5,5-5-5-5-5-5-5-5,stable
505,городской округ город Алейск,Алтайский край,6,0.75,9,0,0,6,6,6-6-6-6-6-4-6-6,other
506,городской округ город Белокуриха,Алтайский край,5,0.917,4,0,0,5,5,5-5-5-5-5-5-5-5,stable
507,городской округ город Бийск,Алтайский край,6,0.583,9,5,1,6,6,6-5-6-6-6-6-6-5,other
508,городской округ город Заринск,Алтайский край,4,0.458,15,4,0,4,4,0-0-4-4-0-4-6-4,other
509,городской округ город Новоалтайск,Алтайский край,5,0.792,5,3,0,5,5,6-5-5-5-5-5-5-5,other
510,городской округ город Рубцовск,Алтайский край,6,0.625,9,5,1,6,6,6-5-6-6-6-6-6-5,other
511,муниципальный округ город Славгород,Алтайский край,6,0.75,6,4,2,6,6,6-6-6-6-6-4-6-6,other
512,городской округ город Яровое,Алтайский край,4,0.5,17,3,0,4,4,4-4-6-6-4-4-4-4,other
515,Алтайский муниципальный район,Алтайский край,6,0.917,4,0,0,6,6,6-6-6-6-6-6-6-6,stable
516,Баевский муниципальный район,Алтайский край,0,0.583,12,3,1,0,0,2-2-0-0-0-2-0-0,other
517,Бийский муниципальный район,Алтайский край,6,0.875,6,0,0,6,6,6-6-6-6-6-6-6-6,stable
518,Благовещенский муниципальный район,Алтайский край,0,0.5,9,5,5,1,0,1-0-1-0-1-0-0-0,other
519,Бурлинский муниципальный район,Алтайский край,0,1.0,0,0,0,0,0,0-0-0-0-0-0-0-0,stable
520,Быстроистокский муниципальный район,Алтайский край,0,0.792,8,0,0,0,0,0-0-0-0-0-0-0-0,stable
521,Волчихинский муниципальный район,Алтайский край,0,0.917,4,0,0,0,0,0-0-0-0-0-0-0-0,stable
522,Егорьевский муниципальный район,Алтайский край,0,0.583,9,3,1,0,1,0-0-1-0-0-1-2-1,other
523,Ельцовский муниципальный район,Алтайский край,0,0.333,16,3,2,0,1,0-2-6-2-1-2-6-6,other
524,Завьяловский муниципальный район,Алтайский край,0,0.75,6,4,2,0,0,0-0-6-0-0-0-6-0,other
525,Залесовский муниципальный округ,Алтайский край,0,1.0,0,0,0,0,0,0-0-0-0-0-0-0-0,stable
527,Змеиногорский муниципальный район,Алтайский край,0,0.792,8,1,0,0,0,0-1-0-0-0-0-0-0,other
528,Калманский муниципальный район,Алтайский край,0,0.958,2,0,0,0,0,0-0-0-0-0-0-0-0,stable
529,Каменский муниципальный район,Алтайский край,6,0.708,5,3,1,6,6,0-6-6-6-6-0-6-6,other
530,Ключевский муниципальный район,Алтайский край,0,0.958,2,0,0,0,0,0-0-0-0-0-0-0-0,stable
531,Косихинский муниципальный район,Алтайский край,0,1.0,0,0,0,0,0,0-0-0-0-0-0-0-0,stable
532,Красногорский муниципальный район,Алтайский край,0,1.0,0,0,0,0,0,0-0-0-0-0-0-0-0,stable
533,Краснощёковский муниципальный район,Алтайский край,0,0.917,4,0,0,0,0,0-0-0-0-0-0-0-0,stable
534,Крутихинский муниципальный район,Алтайский край,0,0.75,8,2,2,0,0,0-0-6-6-0-0-0-0,other
535,Кулундинский муниципальный район,Алтайский край,6,0.833,6,2,0,6,6,6-6-6-6-6-0-6-6,other
536,Курьинский муниципальный район,Алтайский край,0,0.958,2,0,0,0,0,0-0-0-0-0-0-0-0,stable
537,Кытмановский муниципальный район,Алтайский край,0,0.792,7,1,0,0,0,0-0-0-0-0-0-0-6,other
538,Локтевский муниципальный район,Алтайский край,0,0.667,9,1,1,1,0,1-2-1-1-0-0-0-0,other
539,Мамонтовский муниципальный район,Алтайский край,0,0.917,4,0,0,0,0,0-0-0-0-0-0-0-0,stable
540,Михайловский муниципальный район,Алтайский край,0,0.917,4,0,0,0,0,0-0-0-0-0-0-0-0,stable
541,Новичихинский муниципальный район,Алтайский край,0,0.958,2,0,0,0,0,0-0-0-0-0-0-0-0,stable
542,Зональный муниципальный район,Алтайский край,0,0.958,2,0,0,0,0,0-0-0-0-0-0-0-0,stable
543,Павловский муниципальный район,Алтайский край,0,1.0,0,0,0,0,0,0-0-0-0-0-0-0-0,stable
544,Панкрушихинский муниципальный район,Алтайский край,0,0.875,4,1,0,0,0,0-0-0-0-0-0-0-6,other
545,Первомайский муниципальный район,Алтайский край,0,0.833,4,1,0,0,0,0-0-0-0-0-0-0-6,other
546,Петропавловский муниципальный район,Алтайский край,6,0.375,9,5,3,6,0,2-6-6-2-0-6-6-0,other
547,Поспелихинский муниципальный район,Алтайский край,0,0.875,6,0,0,0,0,0-0-0-0-0-0-0-0,stable
548,Ребрихинский муниципальный район,Алтайский край,0,1.0,0,0,0,0,0,0-0-0-0-0-0-0-0,stable
549,Родинский муниципальный район,Алтайский край,0,1.0,0,0,0,0,0,0-0-0-0-0-0-0-0,stable
550,Романовский муниципальный район,Алтайский край,0,0.917,2,2,0,0,0,0-0-0-0-0-0-0-0,stable
552,Смоленский муниципальный район,Алтайский край,0,0.958,2,0,0,0,0,0-0-0-0-0-0-0-0,stable
553,муниципальный округ Суетский район,Алтайский край,0,0.375,13,5,2,0,1,0-2-0-1-0-2-1-6,other
554,Советский муниципальный район,Алтайский край,6,0.625,7,1,1,0,6,0-0-0-6-6-6-6-6,moved
555,Солонешенский муниципальный район,Алтайский край,2,0.458,12,7,2,2,2,0-2-6-2-0-2-6-2,other
556,Солтонский муниципальный район,Алтайский край,0,1.0,0,0,0,0,0,0-0-0-0-0-0-0-0,stable
557,Шелаболихинский муниципальный район,Алтайский край,0,0.958,2,0,0,0,0,0-0-0-0-0-0-0-0,stable
558,Табунский муниципальный район,Алтайский край,0,0.542,7,5,3,6,0,0-0-6-6-0-2-0-6,other
559,Тальменский муниципальный район,Алтайский край,0,1.0,0,0,0,0,0,0-0-0-0-0-0-0-0,stable
560,Тогульский муниципальный район,Алтайский край,0,0.958,2,0,0,0,0,0-0-0-0-0-0-0-0,stable
561,Топчихинский муниципальный район,Алтайский край,0,1.0,0,0,0,0,0,0-0-0-0-0-0-0-0,stable
562,Третьяковский муниципальный район,Алтайский край,0,0.458,15,4,1,0,0,0-2-2-2-0-2-1-0,other
563,Троицкий муниципальный район,Алтайский край,0,0.5,18,2,0,2,0,0-2-1-0-0-2-0-0,other
564,Тюменцевский муниципальный район,Алтайский край,0,0.958,2,0,0,0,0,0-0-0-0-0-0-0-0,stable
565,Угловский муниципальный район,Алтайский край,0,0.792,8,0,0,0,0,0-0-0-0-0-0-0-6,other
566,Усть-Калманский муниципальный район,Алтайский край,0,0.958,2,0,0,0,0,0-0-0-0-0-0-0-0,stable
567,Усть-Пристанский муниципальный район,Алтайский край,0,1.0,0,0,0,0,0,0-0-0-0-0-0-0-0,stable
568,Хабарский муниципальный район,Алтайский край,0,0.625,8,2,2,6,0,0-0-6-6-0-0-0-0,other
569,Целинный муниципальный район,Алтайский край,0,1.0,0,0,0,0,0,0-0-0-0-0-0-0-0,stable
570,муниципальный округ Чарышский район,Алтайский край,1,0.667,11,0,0,1,1,1-2-1-1-2-1-1-6,other
571,Шипуновский муниципальный район,Алтайский край,0,0.917,4,0,0,0,0,0-0-0-0-0-0-0-0,stable
572,Немецкий национальный муниципальный район,Алтайский край,1,0.708,10,2,2,1,1,1-1-1-1-0-1-1-1,other
574,городской округ город Петровск-Забайкальский,Забайкальский край,4,0.625,7,3,1,4,4,0-0-4-6-6-4-4-4,other
578,Балейский муниципальный район,Забайкальский край,6,0.5,10,2,1,5,6,6-5-5-6-6-6-6-6,other
579,Борзинский муниципальный район,Забайкальский край,4,0.833,3,3,0,4,4,6-4-4-6-4-4-4-4,other
580,Газимуро-Заводский муниципальный округ,Забайкальский край,4,0.5,10,4,3,6,4,6-5-4-6-4-6-4-4,other
581,Забайкальский муниципальный район,Забайкальский край,4,0.75,7,3,0,4,4,6-4-4-6-4-4-4-4,other
582,Каларский муниципальный округ,Забайкальский край,4,1.0,0,0,0,4,4,4-4-4-4-4-4-4-4,stable
583,Калганский муниципальный округ,Забайкальский край,6,0.833,8,0,0,6,6,6-6-6-6-6-6-6-6,stable
584,Карымский муниципальный район,Забайкальский край,4,0.708,9,3,0,4,4,6-4-4-6-4-4-4-4,other
585,муниципальный район Город Краснокаменск и Краснокаменский район,Забайкальский край,4,1.0,0,0,0,4,4,4-4-4-4-4-4-4-4,stable
586,Красночикойский муниципальный район,Забайкальский край,6,0.917,4,0,0,6,6,6-6-6-6-6-6-6-6,stable
587,Кыринский муниципальный район,Забайкальский край,4,0.667,3,3,3,6,4,6-4-4-6-6-4-4-4,other
588,Могочинский муниципальный округ,Забайкальский край,4,1.0,0,0,0,4,4,4-4-4-4-4-4-4-4,stable
589,Нерчинский муниципальный район,Забайкальский край,6,0.75,10,2,0,6,6,6-6-6-6-6-4-6-6,other
591,Оловяннинский муниципальный район,Забайкальский край,6,0.458,12,3,1,6,4,6-6-6-6-4-4-0-4,other
592,Ононский муниципальный округ,Забайкальский край,6,0.75,8,2,0,6,6,6-6-6-6-6-4-4-6,other
593,Петровск-Забайкальский муниципальный район,Забайкальский край,6,0.917,4,0,0,6,6,6-6-6-6-6-6-6-6,stable
594,Приаргунский муниципальный округ,Забайкальский край,6,0.542,11,5,1,6,6,0-6-4-6-6-4-6-6,other
595,Сретенский муниципальный район,Забайкальский край,6,0.625,13,2,0,6,6,0-6-4-6-6-6-6-6,other
598,Улётовский муниципальный район,Забайкальский край,6,0.667,10,4,2,6,6,6-6-0-6-6-0-6-6,other
599,Хилокский муниципальный район,Забайкальский край,6,0.708,5,3,1,6,6,0-6-6-6-6-4-6-6,other
600,Чернышевский муниципальный район,Забайкальский край,4,0.875,4,2,0,4,4,4-4-4-6-4-4-4-4,other
601,Читинский муниципальный район,Забайкальский край,6,0.917,4,0,0,6,6,6-6-6-6-6-6-6-6,stable
602,Шелопугинский муниципальный район,Забайкальский край,6,0.542,10,5,3,0,6,0-6-0-0-6-0-0-6,other
603,Шилкинский муниципальный район,Забайкальский край,4,0.708,12,2,0,4,4,4-4-4-6-4-4-4-4,other
604,городской округ поселок Агинское,Забайкальский край,6,0.792,6,1,1,6,6,6-6-6-6-6-6-6-4,other
605,Агинский муниципальный район,Забайкальский край,6,0.875,6,0,0,6,6,6-6-6-6-6-6-6-6,stable
606,Дульдургинский муниципальный район,Забайкальский край,6,0.875,5,0,0,6,6,6-6-6-6-6-6-6-6,stable
607,Могойтуйский муниципальный район,Забайкальский край,6,0.917,4,0,0,6,6,6-6-6-6-6-6-6-6,stable
608,городской округ Петропавловск-Камчатский,Камчатский край,4,0.875,6,0,0,4,4,4-4-4-4-4-4-4-4,stable
612,Елизовский муниципальный район,Камчатский край,4,0.875,6,0,0,4,4,4-4-4-4-4-4-4-4,stable
613,Мильковский муниципальный округ,Камчатский край,4,1.0,0,0,0,4,4,4-4-4-4-4-4-4-4,stable
614,Соболевский муниципальный район,Камчатский край,4,1.0,0,0,0,4,4,4-4-4-4-4-4-4-4,stable
615,Усть-Большерецкий муниципальный район,Камчатский край,4,1.0,0,0,0,4,4,4-4-4-4-4-4-4-4,stable
616,Усть-Камчатский муниципальный район,Камчатский край,4,1.0,0,0,0,4,4,4-4-4-4-4-4-4-4,stable
618,Карагинский муниципальный район,Камчатский край,4,1.0,0,0,0,4,4,4-4-4-4-4-4-4-4,stable
619,Олюторский муниципальный район,Камчатский край,4,1.0,0,0,0,4,4,4-4-4-4-4-4-4-4,stable
621,Тигильский муниципальный район,Камчатский край,4,1.0,0,0,0,4,4,4-4-4-4-4-4-4-4,stable
666,городской округ город Красноярск,Красноярский край,5,0.958,2,0,0,5,5,5-5-5-5-5-5-5-5,stable
667,городской округ город Ачинск,Красноярский край,4,0.917,4,0,0,4,4,4-4-4-4-4-4-4-4,stable
668,городской округ город Боготол,Красноярский край,1,0.833,7,0,0,1,1,1-1-1-1-1-1-1-1,stable
669,городской округ город Бородино,Красноярский край,4,0.792,9,0,0,4,4,4-4-4-4-4-4-4-4,stable
670,городской округ город Дивногорск,Красноярский край,4,0.958,2,0,0,4,4,4-4-4-4-4-4-4-4,stable
671,городской округ город Енисейск,Красноярский край,4,0.958,2,0,0,4,4,4-4-4-4-4-4-4-4,stable
674,городской округ город Канск,Красноярский край,4,0.833,6,2,0,4,4,4-4-4-4-4-4-6-4,other
675,городской округ город Лесосибирск,Красноярский край,4,0.958,2,0,0,4,4,4-4-4-4-4-4-4-4,stable
676,городской округ город Минусинск,Красноярский край,5,0.542,10,7,1,6,5,6-5-5-6-5-5-6-5,other
677,городской округ город Назарово,Красноярский край,4,0.625,4,4,4,6,4,4-4-6-6-4-4-6-4,other
678,городской округ город Норильск,Красноярский край,4,0.958,2,0,0,4,4,4-4-4-4-4-4-4-4,stable
679,городской округ город Сосновоборск,Красноярский край,5,0.667,6,1,1,4,5,4-6-4-5-5-5-5-5,other
680,городской округ город Шарыпово,Красноярский край,4,0.833,6,2,0,4,4,4-4-4-4-4-4-6-4,other
683,Абанский муниципальный район,Красноярский край,0,0.542,14,2,2,0,2,0-0-0-0-2-2-2-0,other
685,Балахтинский муниципальный район,Красноярский край,6,0.75,8,1,0,6,6,0-6-6-6-6-6-6-6,other
686,Березовский муниципальный район,Красноярский край,6,0.542,11,7,1,6,6,6-5-6-6-6-5-6-5,other
687,Бирилюсский муниципальный район,Красноярский край,0,0.5,9,2,1,0,1,0-0-0-0-1-1-1-1,moved
689,Богучанский муниципальный район,Красноярский край,4,0.875,5,0,0,4,4,4-4-4-4-4-4-4-4,stable
690,Большемуртинский муниципальный район,Красноярский край,0,1.0,0,0,0,0,0,0-0-0-0-0-0-0-0,stable
691,Большеулуйский муниципальный район,Красноярский край,1,0.75,10,0,0,1,1,2-1-1-1-1-1-1-1,other
692,Дзержинский муниципальный район,Красноярский край,0,0.5,10,5,2,6,0,0-6-6-6-0-2-0-6,other
693,Емельяновский муниципальный район,Красноярский край,5,0.542,10,5,1,6,5,6-5-6-6-5-5-5-5,other
694,Енисейский муниципальный район,Красноярский край,1,0.542,10,3,1,4,1,4-1-4-4-1-1-0-1,other
695,Ермаковский муниципальный район,Красноярский край,1,0.417,11,5,2,1,6,1-6-6-1-2-1-6-6,other
696,Идринский муниципальный район,Красноярский край,0,0.833,4,1,1,0,0,0-0-0-0-0-0-0-6,other
697,Иланский муниципальный район,Красноярский край,1,1.0,0,0,0,1,1,1-1-1-1-1-1-1-1,stable
698,Ирбейский муниципальный район,Красноярский край,6,0.792,9,0,0,6,6,6-6-6-6-6-6-6-6,stable
699,Казачинский муниципальный район,Красноярский край,0,0.625,14,3,0,0,0,0-2-1-0-0-2-0-0,other
701,Каратузский муниципальный район,Красноярский край,6,0.667,8,3,1,6,6,0-6-6-6-6-0-6-6,other
702,Кежемский муниципальный район,Красноярский край,4,0.958,2,0,0,4,4,4-4-4-4-4-4-4-4,stable
703,Козульский муниципальный район,Красноярский край,0,0.667,10,4,1,0,0,0-0-0-0-0-0-1-0,other
704,Краснотуранский муниципальный район,Красноярский край,0,0.833,4,3,0,0,0,0-0-0-0-1-0-0-6,other
705,Курагинский муниципальный район,Красноярский край,1,0.708,7,3,2,1,1,1-1-6-1-1-1-1-6,other
706,Манский муниципальный район,Красноярский край,0,0.667,10,1,0,0,0,0-0-0-0-0-1-0-1,other
708,Мотыгинский муниципальный район,Красноярский край,4,0.667,4,3,1,4,1,4-4-4-4-4-1-6-1,other
710,Нижнеингашский муниципальный район,Красноярский край,1,0.75,9,0,0,1,1,1-1-1-1-1-1-1-6,other
711,Новоселовский муниципальный район,Красноярский край,6,0.708,8,2,1,6,6,6-4-6-6-6-4-6-6,other
712,Партизанский муниципальный район,Красноярский край,0,0.583,7,3,3,0,6,0-0-0-6-6-0-6-6,other
713,Пировский муниципальный округ,Красноярский край,0,0.917,4,0,0,0,0,0-0-0-0-0-0-0-0,stable
714,Рыбинский муниципальный район,Красноярский край,1,0.458,14,4,0,4,1,4-1-1-6-1-1-6-6,other
715,Саянский муниципальный район,Красноярский край,1,0.625,12,1,0,1,1,1-1-1-1-1-1-1-6,other
716,Северо-Енисейский муниципальный район,Красноярский край,4,0.958,2,0,0,4,4,4-4-4-4-4-4-4-4,stable
717,Сухобузимский муниципальный район,Красноярский край,0,0.792,5,3,0,0,0,6-0-0-0-1-0-0-0,other
718,Таймырский Долгано-Ненецкий муниципальный район,Красноярский край,4,0.958,2,0,0,4,4,4-4-4-4-4-4-4-4,stable
719,Тасеевский муниципальный район,Красноярский край,0,0.583,12,4,1,0,0,0-2-2-0-0-0-0-6,other
720,Туруханский муниципальный район,Красноярский край,4,1.0,0,0,0,4,4,4-4-4-4-4-4-4-4,stable
721,Тюхтетский муниципальный округ,Красноярский край,2,0.417,12,4,2,2,2,0-2-6-2-2-2-1-6,other
722,Ужурский муниципальный район,Красноярский край,6,0.792,7,2,0,6,6,6-6-6-6-6-6-6-6,stable
723,Уярский муниципальный район,Красноярский край,1,0.833,7,0,0,1,1,1-1-1-1-1-1-1-1,stable
725,Шушенский муниципальный район,Красноярский край,6,0.5,5,3,3,4,6,4-4-6-6-4-4-6-6,other
726,Эвенкийский муниципальный район,Красноярский край,4,1.0,0,0,0,4,4,4-4-4-4-4-4-4-4,stable
727,городской округ Пермский,Пермский край,5,0.958,2,0,0,5,5,5-5-5-5-5-5-5-5,stable
731,городской округ Лысьвенский,Пермский край,5,0.792,8,0,0,5,5,5-5-5-5-5-5-5-5,stable
734,муниципальный округ Александровский,Пермский край,1,1.0,0,0,0,1,1,1-1-1-1-1-1-1-1,stable
735,муниципальный округ Бардымский,Пермский край,0,0.5,10,3,1,6,0,6-6-0-0-0-6-6-0,other
736,муниципальный округ Березовский,Пермский край,0,0.875,4,2,0,0,0,0-0-0-0-1-0-0-0,other
737,муниципальный округ Большесосновский,Пермский край,0,1.0,0,0,0,0,0,0-0-0-0-0-0-0-0,stable
738,городской округ Верещагинский,Пермский край,0,0.958,2,0,0,0,0,0-0-0-0-0-0-0-0,stable
739,городской округ Горнозаводский,Пермский край,1,0.833,8,0,0,1,1,1-1-1-1-1-1-1-1,stable
741,городской округ Добрянский,Пермский край,4,0.792,9,0,0,4,4,4-6-1-4-4-4-4-4,other
742,муниципальный округ Еловский,Пермский край,4,0.333,14,4,0,4,0,4-4-4-6-1-4-0-0,other
743,городской округ Ильинский,Пермский край,0,0.875,4,1,0,0,0,0-0-0-0-0-0-0-1,other
744,муниципальный округ Карагайский,Пермский край,0,0.917,2,1,0,0,0,6-0-0-0-0-0-0-0,other
745,городской округ город Кизел,Пермский край,1,0.958,2,0,0,1,1,1-1-1-1-1-1-1-1,stable
746,муниципальный округ Кишертский,Пермский край,0,0.958,2,0,0,0,0,0-0-0-0-0-0-0-0,stable
747,городской округ Красновишерский,Пермский край,1,0.667,12,1,0,1,1,1-1-1-1-1-1-1-0,other
748,городской округ Краснокамский,Пермский край,5,0.625,5,2,1,4,5,4-4-6-5-5-5-5-5,other
749,муниципальный округ Куединский,Пермский край,0,1.0,0,0,0,0,0,0-0-0-0-0-0-0-0,stable
751,городской округ Нытвенский,Пермский край,0,0.5,11,5,2,0,1,4-1-0-0-1-0-1-0,other
752,городской округ Октябрьский,Пермский край,0,0.875,4,2,0,0,0,0-0-0-0-1-0-0-0,other
753,муниципальный округ Ординский,Пермский край,0,0.958,2,0,0,0,0,0-0-0-0-0-0-0-0,stable
754,городской округ Осинский,Пермский край,4,0.583,6,3,1,4,0,4-4-4-0-4-0-0-0,other
755,городской округ Оханский,Пермский край,1,0.708,10,0,0,1,1,0-1-1-1-1-1-1-1,other
756,городской округ Очерский,Пермский край,0,1.0,0,0,0,0,0,0-0-0-0-0-0-0-0,stable
757,муниципальный округ Пермский,Пермский край,5,0.667,7,3,1,3,5,3-5-3-5-5-5-5-5,other
758,муниципальный округ Сивинский,Пермский край,0,1.0,0,0,0,0,0,0-0-0-0-0-0-0-0,stable
760,городской округ Суксунский,Пермский край,0,1.0,0,0,0,0,0,0-0-0-0-0-0-0-0,stable
761,муниципальный округ Уинский,Пермский край,0,1.0,0,0,0,0,0,0-0-0-0-0-0-0-0,stable
763,городской округ Чайковский,Пермский край,5,0.958,2,0,0,5,5,5-5-5-5-5-5-5-5,stable
764,муниципальный округ Частинский,Пермский край,0,0.708,8,3,0,0,1,0-0-0-0-1-0-1-1,other
765,городской округ Чердынский,Пермский край,1,0.875,4,0,0,1,1,0-1-1-1-1-1-1-1,other
766,городской округ Чернушинский,Пермский край,5,0.5,11,3,3,4,5,4-4-4-5-4-5-5-5,other
767,городской округ Чусовской,Пермский край,4,0.667,7,4,2,4,4,4-4-6-6-4-4-6-4,other
769,муниципальный округ Гайнский,Пермский край,1,0.583,14,2,1,1,0,2-1-1-1-0-0-0-1,other
770,муниципальный округ Косинский,Пермский край,0,0.917,4,0,0,0,0,0-0-0-0-0-0-0-0,stable
771,муниципальный округ Кочевский,Пермский край,0,0.958,1,0,0,0,0,0-0-0-0-0-0-0-0,stable
773,муниципальный округ Юрлинский,Пермский край,0,1.0,0,0,0,0,0,0-0-0-0-0-0-0-0,stable
774,муниципальный округ Юсьвинский,Пермский край,0,0.917,4,0,0,0,0,0-0-0-0-0-0-0-0,stable
775,городской округ Владивостокский,Приморский край,5,0.958,2,0,0,5,5,5-5-5-5-5-5-5-5,stable
776,городской округ Арсеньевский,Приморский край,4,0.75,7,2,2,4,4,4-4-4-6-4-4-4-4,other
777,городской округ Артемовский,Приморский край,5,0.458,11,6,1,5,4,5-5-4-6-4-5-4-5,other
778,городской округ Большой Камень,Приморский край,4,1.0,0,0,0,4,4,4-4-4-4-4-4-4-4,stable
779,городской округ Дальнегорский,Приморский край,4,0.875,4,2,0,4,4,4-4-4-6-4-4-4-4,other
780,городской округ Дальнереченский,Приморский край,4,0.917,2,2,0,4,4,4-4-4-6-4-4-4-4,other
781,городской округ Лесозаводский,Приморский край,4,0.875,4,2,0,4,4,4-4-4-6-4-4-4-4,other
782,городской округ Находкинский,Приморский край,5,0.542,11,7,2,5,5,5-5-4-6-4-5-4-5,other
783,городской округ Партизанский,Приморский край,4,0.875,4,2,0,4,4,4-4-4-6-4-4-4-4,other
784,городской округ Спасск-Дальний,Приморский край,4,0.792,6,4,0,4,4,4-4-4-6-4-4-4-4,other
785,городской округ Уссурийский,Приморский край,5,0.875,4,2,0,5,5,5-5-5-6-5-5-5-5,other
787,Анучинский муниципальный округ,Приморский край,0,0.542,9,5,2,0,0,6-0-0-6-4-0-0-6,other
788,Дальнереченский муниципальный район,Приморский край,4,0.542,8,5,1,6,4,6-6-4-6-4-4-4-4,other
789,Кавалеровский муниципальный округ,Приморский край,4,0.667,8,4,2,6,4,4-6-4-6-4-4-4-4,other
790,Кировский муниципальный район,Приморский край,6,0.667,10,4,0,6,6,6-6-4-6-4-4-6-6,other
791,Красноармейский муниципальный округ,Приморский край,4,0.792,5,3,0,4,4,6-4-4-6-4-4-4-4,other
792,Лазовский муниципальный округ,Приморский край,4,1.0,0,0,0,4,4,4-4-4-4-4-4-4-4,stable
793,Михайловский муниципальный район,Приморский край,0,1.0,0,0,0,0,0,0-0-0-0-0-0-0-0,stable
794,Надеждинский муниципальный район,Приморский край,4,0.583,10,5,2,6,4,6-4-4-6-4-4-4-4,other
795,Октябрьский муниципальный округ,Приморский край,0,0.542,10,3,1,4,0,4-0-0-4-4-0-0-4,other
796,Ольгинский муниципальный округ,Приморский край,6,0.542,9,6,2,6,6,0-6-0-6-4-0-6-6,other
797,Партизанский муниципальный округ,Приморский край,4,0.75,7,3,0,4,4,4-4-0-6-4-4-4-4,other
798,Пограничный муниципальный округ,Приморский край,4,0.792,7,2,0,4,4,4-4-4-0-4-4-0-4,other
799,Пожарский муниципальный округ,Приморский край,4,1.0,0,0,0,4,4,4-4-4-4-4-4-4-4,stable
800,Спасский муниципальный район,Приморский край,4,0.542,11,5,1,6,4,6-6-4-6-4-4-4-6,other
801,Тернейский муниципальный округ,Приморский край,4,0.708,7,3,1,4,4,4-4-4-6-4-4-4-6,other
802,Ханкайский муниципальный округ,Приморский край,0,0.625,13,2,0,0,4,0-0-0-0-4-0-0-4,other
803,Хасанский муниципальный округ,Приморский край,4,0.875,4,2,0,4,4,4-4-4-6-4-4-4-4,other
804,Хорольский муниципальный округ,Приморский край,0,0.625,4,3,3,0,0,4-0-0-0-4-0-0-0,other
805,Черниговский муниципальный округ,Приморский край,4,0.833,6,2,0,4,4,4-4-4-6-4-4-4-4,other
806,Чугуевский муниципальный округ,Приморский край,4,0.583,12,5,0,6,4,6-6-4-6-4-4-4-4,other
807,Шкотовский муниципальный округ,Приморский край,4,0.875,4,2,0,4,4,4-4-4-6-4-4-4-4,other
808,Яковлевский муниципальный округ,Приморский край,0,0.833,6,1,0,0,0,0-0-0-0-0-0-0-4,other
809,городской округ город Ставрополь,Ставропольский край,5,0.958,2,0,0,5,5,5-5-5-5-5-5-5-5,stable
810,Благодарненский муниципальный округ,Ставропольский край,2,0.917,2,2,0,2,2,2-2-2-2-2-6-2-2,other
811,Георгиевский муниципальный округ,Ставропольский край,5,0.833,3,1,1,5,5,2-5-5-5-5-5-5-5,other
812,городской округ город-курорт Ессентуки,Ставропольский край,5,0.958,2,0,0,5,5,5-5-5-5-5-5-5-5,stable
813,городской округ город-курорт Железноводск,Ставропольский край,5,0.792,6,1,0,5,5,2-5-5-5-5-6-5-5,other
814,Изобильненский муниципальный округ,Ставропольский край,2,0.958,2,0,0,2,2,2-2-2-2-2-2-2-2,stable
815,Ипатовский муниципальный округ,Ставропольский край,2,1.0,0,0,0,2,2,2-2-2-2-2-2-2-2,stable
817,Кировский муниципальный округ,Ставропольский край,1,0.583,12,3,0,1,2,1-1-1-1-2-6-6-2,other
818,городской округ город Лермонтов,Ставропольский край,5,0.458,8,1,1,2,5,2-2-2-5-5-6-5-5,other
819,Минераловодский муниципальный округ,Ставропольский край,5,0.958,2,0,0,5,5,5-5-5-5-5-5-5-5,stable
820,городской округ город Невинномысск,Ставропольский край,5,0.958,2,0,0,5,5,5-5-5-5-5-5-5-5,stable
821,Нефтекумский муниципальный округ,Ставропольский край,2,0.875,6,0,0,2,2,2-2-2-2-2-2-2-2,stable
822,Новоалександровский муниципальный округ,Ставропольский край,2,0.958,2,0,0,2,2,2-2-2-2-2-2-2-2,stable
823,Петровский муниципальный округ,Ставропольский край,2,0.875,4,2,0,2,2,2-2-2-2-2-6-2-2,other
824,городской округ город-курорт Пятигорск,Ставропольский край,5,0.958,2,0,0,5,5,5-5-5-5-5-5-5-5,stable
825,Советский муниципальный округ,Ставропольский край,2,0.958,2,0,0,2,2,2-2-2-2-2-2-2-2,stable
826,Александровский муниципальный округ,Ставропольский край,2,1.0,0,0,0,2,2,2-2-2-2-2-2-2-2,stable
827,Андроповский муниципальный округ,Ставропольский край,2,1.0,0,0,0,2,2,2-2-2-2-2-2-2-2,stable
828,Апанасенковский муниципальный округ,Ставропольский край,2,1.0,0,0,0,2,2,2-2-2-2-2-2-2-2,stable
829,Арзгирский муниципальный округ,Ставропольский край,2,1.0,0,0,0,2,2,2-2-2-2-2-2-2-2,stable
830,Будённовский муниципальный округ,Ставропольский край,5,0.75,7,1,1,5,5,2-5-5-5-5-5-5-5,other
831,Грачёвский муниципальный округ,Ставропольский край,2,0.958,2,0,0,2,2,2-2-2-2-2-2-2-2,stable
832,Кочубеевский муниципальный округ,Ставропольский край,2,1.0,0,0,0,2,2,2-2-2-2-2-2-2-2,stable
833,Красногвардейский муниципальный округ,Ставропольский край,2,1.0,0,0,0,2,2,2-2-2-2-2-2-2-2,stable
834,Курский муниципальный округ,Ставропольский край,2,0.625,8,6,0,2,2,2-5-2-2-2-6-6-5,other
835,Левокумский муниципальный округ,Ставропольский край,2,1.0,0,0,0,2,2,2-2-2-2-2-2-2-2,stable
836,Новоселицкий муниципальный округ,Ставропольский край,2,1.0,0,0,0,2,2,2-2-2-2-2-2-2-2,stable
838,Степновский муниципальный округ,Ставропольский край,2,0.958,2,0,0,2,2,2-2-2-2-2-2-2-2,stable
839,Труновский муниципальный округ,Ставропольский край,2,1.0,0,0,0,2,2,2-2-2-2-2-2-2-2,stable
840,Туркменский муниципальный округ,Ставропольский край,2,1.0,0,0,0,2,2,2-2-2-2-2-2-2-2,stable
841,Шпаковский муниципальный округ,Ставропольский край,5,0.958,2,0,0,5,5,5-5-5-5-5-5-5-5,stable
842,городской округ город Хабаровск,Хабаровский край,5,0.917,4,0,0,5,5,5-5-5-5-5-5-5-5,stable
843,городской округ город Комсомольск-на-Амуре,Хабаровский край,4,0.958,2,0,0,4,4,4-4-4-4-4-4-4-4,stable
844,Амурский муниципальный район,Хабаровский край,4,1.0,0,0,0,4,4,4-4-4-4-4-4-4-4,stable
846,Бикинский муниципальный район,Хабаровский край,4,0.917,4,0,0,4,4,4-4-4-4-4-4-4-4,stable
847,Ванинский муниципальный район,Хабаровский край,4,1.0,0,0,0,4,4,4-4-4-4-4-4-4-4,stable
848,Верхнебуреинский муниципальный район,Хабаровский край,4,1.0,0,0,0,4,4,4-4-4-4-4-4-4-4,stable
849,Вяземский муниципальный район,Хабаровский край,0,0.583,6,2,2,0,0,4-4-0-0-0-0-0-4,other
851,муниципальный район имени Лазо,Хабаровский край,0,0.833,8,0,0,0,0,0-0-0-0-0-0-0-0,stable
852,Нанайский муниципальный район,Хабаровский край,0,0.958,2,0,0,0,0,0-0-0-0-0-0-0-0,stable
853,Николаевский муниципальный район,Хабаровский край,4,1.0,0,0,0,4,4,4-4-4-4-4-4-4-4,stable
854,Охотский муниципальный округ,Хабаровский край,4,1.0,0,0,0,4,4,4-4-4-4-4-4-4-4,stable
855,муниципальный район имени Полины Осипенко,Хабаровский край,4,0.958,2,0,0,4,4,4-4-4-4-4-4-4-4,stable
856,Советско-Гаванский муниципальный район,Хабаровский край,4,1.0,0,0,0,4,4,4-4-4-4-4-4-4-4,stable
857,Солнечный муниципальный район,Хабаровский край,4,0.667,10,1,1,4,4,4-4-4-4-4-4-0-4,other
859,Ульчский муниципальный район,Хабаровский край,4,0.958,2,0,0,4,4,4-4-4-4-4-4-4-4,stable
860,Хабаровский муниципальный район,Хабаровский край,5,0.917,4,0,0,5,5,5-5-5-5-5-5-5-5,stable
870,Архаринский муниципальный округ,Амурская область,4,0.792,5,3,0,4,4,4-4-4-6-4-4-4-6,other
871,Белогорский муниципальный округ,Амурская область,4,0.75,3,3,3,6,4,6-4-4-6-4-4-4-4,other
872,Благовещенский муниципальный округ,Амурская область,5,0.75,5,3,1,6,5,6-5-5-5-5-5-5-5,other
873,Бурейский муниципальный округ,Амурская область,4,0.958,2,0,0,4,4,4-4-4-4-4-4-4-4,stable
874,Завитинский муниципальный округ,Амурская область,4,0.792,8,2,0,4,4,4-4-4-0-4-4-4-4,other
875,Зейский муниципальный округ,Амурская область,4,1.0,0,0,0,4,4,4-4-4-4-4-4-4-4,stable
876,Ивановский муниципальный округ,Амурская область,4,0.667,5,3,3,6,4,6-4-4-6-4-4-4-4,other
877,Константиновский муниципальный район,Амурская область,0,0.75,9,1,0,0,0,4-0-0-0-0-0-0-4,other
878,Магдагачинский муниципальный район,Амурская область,4,1.0,0,0,0,4,4,4-4-4-4-4-4-4-4,stable
879,Мазановский муниципальный район,Амурская область,4,0.792,8,2,0,4,4,4-4-4-6-4-4-4-4,other
880,Михайловский муниципальный район,Амурская область,0,0.625,10,4,0,0,0,0-0-0-6-4-0-0-4,other
881,Октябрьский муниципальный район,Амурская область,4,0.792,5,3,0,4,4,6-4-4-6-4-4-4-4,other
882,Ромненский муниципальный округ,Амурская область,0,0.375,10,2,2,4,0,6-4-4-6-6-0-0-0,other
883,Свободненский муниципальный район,Амурская область,4,1.0,0,0,0,4,4,4-4-4-4-4-4-4-4,stable
884,Селемджинский муниципальный район,Амурская область,4,1.0,0,0,0,4,4,4-4-4-4-4-4-4-4,stable
885,Серышевский муниципальный округ,Амурская область,4,0.875,4,2,0,4,4,4-4-4-6-4-4-4-4,other
886,Сковородинский муниципальный округ,Амурская область,4,1.0,0,0,0,4,4,4-4-4-4-4-4-4-4,stable
888,Тындинский муниципальный округ,Амурская область,4,1.0,0,0,0,4,4,4-4-4-4-4-4-4-4,stable
889,Шимановский муниципальный округ,Амурская область,4,0.875,4,2,0,4,4,4-4-4-6-4-4-4-4,other
890,городской округ город Архангельск,Архангельская область,5,0.75,9,1,0,5,5,5-6-5-5-5-5-5-3,other
891,городской округ город Коряжма,Архангельская область,4,0.833,6,2,0,4,4,4-4-4-4-4-4-1-4,other
892,городской округ Котлас,Архангельская область,4,0.958,2,0,0,4,4,4-4-4-4-4-4-4-4,stable
895,городской округ город Новодвинск,Архангельская область,1,0.917,1,1,0,1,1,4-1-1-1-1-1-1-1,other
896,городской округ Северодвинск,Архангельская область,4,0.708,10,2,0,4,4,4-4-4-4-4-5-4-4,other
897,Вельский муниципальный район,Архангельская область,1,1.0,0,0,0,1,1,1-1-1-1-1-1-1-1,stable
898,Верхнетоемский муниципальный округ,Архангельская область,0,0.917,4,0,0,0,0,0-0-0-0-0-0-0-0,stable
899,муниципальный округ Вилегодский,Архангельская область,2,0.458,14,3,1,2,1,2-2-1-2-2-2-1-1,other
900,Виноградовский муниципальный округ,Архангельская область,1,0.833,7,0,0,1,1,1-1-1-1-1-1-1-1,stable
901,муниципальный округ Каргопольский,Архангельская область,1,0.958,2,0,0,1,1,1-1-1-1-1-1-1-1,stable
902,Коношский муниципальный район,Архангельская область,1,1.0,0,0,0,1,1,1-1-1-1-1-1-1-1,stable
903,Котласский муниципальный округ,Архангельская область,1,0.708,8,1,0,1,1,4-4-1-1-1-1-1-1,moved
904,Красноборский муниципальный округ,Архангельская область,0,0.708,10,2,1,0,0,0-0-1-0-0-0-1-0,other
905,Ленский муниципальный район,Архангельская область,1,0.542,15,1,0,4,1,4-6-4-4-1-1-1-1,other
907,Мезенский муниципальный округ,Архангельская область,0,1.0,0,0,0,0,0,0-0-0-0-0-0-0-0,stable
908,Няндомский муниципальный округ,Архангельская область,1,0.917,4,0,0,1,1,1-1-1-1-1-1-1-1,stable
909,Онежский муниципальный район,Архангельская область,1,0.833,5,1,0,1,1,4-1-1-1-1-1-1-1,other
911,Плесецкий муниципальный округ,Архангельская область,1,0.833,6,2,0,1,1,1-1-1-1-1-4-1-1,other
912,Приморский муниципальный округ,Архангельская область,4,0.875,6,0,0,4,4,4-4-4-4-4-4-4-4,stable
913,Устьянский муниципальный округ,Архангельская область,1,1.0,0,0,0,1,1,1-1-1-1-1-1-1-1,stable
914,Холмогорский муниципальный округ,Архангельская область,1,1.0,0,0,0,1,1,1-1-1-1-1-1-1-1,stable
915,Шенкурский муниципальный округ,Архангельская область,1,0.917,4,0,0,1,1,1-1-1-1-1-1-1-1,stable
916,городской округ город Нарьян-Мар,Ненецкий автономный округ,4,0.958,2,0,0,4,4,4-4-4-4-4-4-4-4,stable
917,муниципальный район Заполярный район,Ненецкий автономный округ,4,1.0,0,0,0,4,4,4-4-4-4-4-4-4-4,stable
918,городской округ город Астрахань,Астраханская область,5,0.958,2,0,0,5,5,5-5-5-5-5-5-5-5,stable
920,Ахтубинский муниципальный район,Астраханская область,2,0.917,3,0,0,2,2,2-2-2-2-2-2-2-2,stable
922,Енотаевский муниципальный район,Астраханская область,2,0.833,6,2,0,2,2,2-2-1-2-2-2-2-2,other
923,Икрянинский муниципальный район,Астраханская область,1,0.875,4,2,0,1,1,1-1-1-1-2-1-1-1,other
924,Камызякский муниципальный район,Астраханская область,1,0.5,12,3,1,1,1,0-0-1-1-0-2-0-1,other
925,Красноярский муниципальный район,Астраханская область,1,0.625,12,4,0,1,1,1-2-1-1-2-1-1-2,other
926,Лиманский муниципальный район,Астраханская область,2,0.958,2,0,0,2,2,2-2-2-2-2-2-2-2,stable
927,Наримановский муниципальный район,Астраханская область,5,0.667,6,3,2,5,5,2-5-5-5-6-6-5-5,other
928,Приволжский муниципальный район,Астраханская область,5,0.708,3,3,3,5,5,6-5-5-5-6-6-5-5,other
929,Харабалинский муниципальный район,Астраханская область,2,0.958,2,0,0,2,2,2-2-2-2-2-2-2-2,stable
930,Черноярский муниципальный район,Астраханская область,2,0.708,4,2,1,2,2,2-2-2-2-2-1-1-2,other
986,городской округ город Владимир,Владимирская область,3,1.0,0,0,0,3,3,3-3-3-3-3-3-3-3,stable
987,городской округ город Гусь-Хрустальный,Владимирская область,3,0.583,8,2,2,2,3,1-2-3-2-3-3-3-3,other
988,городской округ город Ковров,Владимирская область,3,1.0,0,0,0,3,3,3-3-3-3-3-3-3-3,stable
989,городской округ округ Муром,Владимирская область,3,1.0,0,0,0,3,3,3-3-3-3-3-3-3-3,stable
991,Александровский муниципальный район,Владимирская область,3,1.0,0,0,0,3,3,3-3-3-3-3-3-3-3,stable
992,Вязниковский муниципальный район,Владимирская область,2,0.792,7,1,0,2,2,1-1-2-2-2-2-2-2,moved
993,Гороховецкий муниципальный район,Владимирская область,1,1.0,0,0,0,1,1,1-1-1-1-1-1-1-1,stable
994,Гусь-Хрустальный муниципальный район,Владимирская область,1,0.875,6,0,0,1,1,1-1-1-1-1-1-1-1,stable
995,Камешковский муниципальный район,Владимирская область,1,1.0,0,0,0,1,1,1-1-1-1-1-1-1-1,stable
996,Киржачский муниципальный район,Владимирская область,3,0.667,6,1,1,3,3,1-1-3-3-3-3-3-3,moved
998,Кольчугинский муниципальный район,Владимирская область,3,0.583,2,2,2,1,3,1-1-2-3-3-3-3-3,other
999,Меленковский муниципальный район,Владимирская область,1,0.958,2,0,0,1,1,1-1-1-1-1-1-1-1,stable
1001,Петушинский муниципальный район,Владимирская область,3,0.625,6,2,1,1,3,1-1-2-3-3-3-3-3,other
1002,Селивановский муниципальный район,Владимирская область,1,1.0,0,0,0,1,1,1-1-1-1-1-1-1-1,stable
1003,Собинский муниципальный район,Владимирская область,1,1.0,0,0,0,1,1,1-1-1-1-1-1-1-1,stable
1004,Судогодский муниципальный район,Владимирская область,1,1.0,0,0,0,1,1,1-1-1-1-1-1-1-1,stable
1005,Суздальский муниципальный район,Владимирская область,2,0.625,14,1,0,2,2,1-1-2-2-2-2-2-2,moved
1006,Юрьев-Польский муниципальный район,Владимирская область,1,1.0,0,0,0,1,1,1-1-1-1-1-1-1-1,stable
1007,городской округ город-герой Волгоград,Волгоградская область,5,1.0,0,0,0,5,5,5-5-5-5-5-5-5-5,stable
1008,городской округ город Волжский,Волгоградская область,5,1.0,0,0,0,5,5,5-5-5-5-5-5-5-5,stable
1009,городской округ город Камышин,Волгоградская область,3,0.542,9,5,3,5,3,5-3-5-3-3-3-5-3,other
1010,городской округ город Михайловка,Волгоградская область,5,0.667,9,1,1,5,5,2-5-5-5-2-5-5-5,other
1011,городской округ город Урюпинск,Волгоградская область,2,0.958,2,0,0,2,2,2-2-2-2-2-2-2-2,stable
1012,городской округ город Фролово,Волгоградская область,2,1.0,0,0,0,2,2,2-2-2-2-2-2-2-2,stable
1013,Алексеевский муниципальный район,Волгоградская область,2,1.0,0,0,0,2,2,2-2-2-2-2-2-2-2,stable
1014,Быковский муниципальный район,Волгоградская область,2,0.542,12,8,1,2,2,2-0-2-0-0-2-2-2,other
1015,Городищенский муниципальный район,Волгоградская область,2,0.583,11,4,2,2,2,2-2-1-2-2-2-1-2,other
1016,Даниловский муниципальный район,Волгоградская область,2,0.958,2,0,0,2,2,2-2-2-2-2-2-2-2,stable
1017,Дубовский муниципальный район,Волгоградская область,2,0.833,7,0,0,2,2,2-2-2-2-2-2-2-2,stable
1018,Еланский муниципальный район,Волгоградская область,2,1.0,0,0,0,2,2,2-2-2-2-2-2-2-2,stable
1019,Жирновский муниципальный район,Волгоградская область,2,0.708,7,3,1,2,2,1-2-2-2-2-2-1-2,other
1020,Иловлинский муниципальный район,Волгоградская область,1,0.625,8,3,3,2,1,2-1-1-2-2-1-1-1,other
1021,Калачевский муниципальный район,Волгоградская область,2,1.0,0,0,0,2,2,2-2-2-2-2-2-2-2,stable
1023,Киквидзенский муниципальный район,Волгоградская область,2,1.0,0,0,0,2,2,2-2-2-2-2-2-2-2,stable
1024,Клетский муниципальный район,Волгоградская область,2,0.708,9,4,0,2,2,2-2-1-2-2-2-2-2,other
1025,Котельниковский муниципальный район,Волгоградская область,2,0.875,3,1,0,2,2,1-2-2-2-2-2-2-2,other
1026,Котовский муниципальный район,Волгоградская область,2,0.958,2,0,0,2,2,2-2-2-2-2-2-2-2,stable
1027,Кумылженский муниципальный район,Волгоградская область,2,0.958,2,0,0,2,2,2-2-2-2-2-2-2-2,stable
1028,Ленинский муниципальный район,Волгоградская область,2,0.833,6,2,0,2,2,2-2-2-2-0-2-2-2,other
1029,Нехаевский муниципальный район,Волгоградская область,2,0.958,2,0,0,2,2,2-2-2-2-2-2-2-2,stable
1030,Николаевский муниципальный район,Волгоградская область,2,0.958,2,0,0,2,2,2-2-2-2-2-2-2-2,stable
1031,Новоаннинский муниципальный район,Волгоградская область,2,0.958,2,0,0,2,2,2-2-2-2-2-2-2-2,stable
1032,Новониколаевский муниципальный район,Волгоградская область,2,1.0,0,0,0,2,2,2-2-2-2-2-2-2-2,stable
1033,Октябрьский муниципальный район,Волгоградская область,2,0.75,6,2,1,2,2,2-2-2-2-2-2-1-2,other
1034,Ольховский муниципальный район,Волгоградская область,2,0.5,11,3,1,2,1,2-2-2-1-2-1-1-1,other
1035,Палласовский муниципальный район,Волгоградская область,2,1.0,0,0,0,2,2,2-2-2-2-2-2-2-2,stable
1036,Руднянский муниципальный район,Волгоградская область,2,1.0,0,0,0,2,2,2-2-2-2-2-2-2-2,stable
1037,Светлоярский муниципальный район,Волгоградская область,2,0.917,3,0,0,2,2,2-2-2-2-2-2-2-2,stable
1038,Серафимовичский муниципальный район,Волгоградская область,2,1.0,0,0,0,2,2,2-2-2-2-2-2-2-2,stable
1039,Среднеахтубинский муниципальный район,Волгоградская область,5,0.625,5,1,1,2,5,2-2-5-5-5-5-5-5,moved
1040,Старополтавский муниципальный район,Волгоградская область,2,0.917,4,0,0,2,2,2-2-2-2-2-2-1-2,other
1041,Суровикинский муниципальный район,Волгоградская область,2,0.958,1,0,0,2,2,2-2-2-2-2-2-2-2,stable
1044,Чернышковский муниципальный район,Волгоградская область,2,1.0,0,0,0,2,2,2-2-2-2-2-2-2-2,stable
1047,Бабаевский муниципальный округ,Вологодская область,1,1.0,0,0,0,1,1,1-1-1-1-1-1-1-1,stable
1048,Бабушкинский муниципальный округ,Вологодская область,0,0.542,14,5,0,0,0,0-0-1-0-1-0-0-6,other
1049,Белозерский муниципальный округ,Вологодская область,4,0.417,11,4,1,5,4,1-6-5-4-5-4-4-4,other
1051,Великоустюгский муниципальный округ,Вологодская область,4,0.708,4,4,4,4,4,4-4-6-4-4-4-6-4,other
1052,Верховажский муниципальный округ,Вологодская область,1,0.625,15,2,0,1,1,1-0-1-0-1-1-1-1,other
1053,Вожегодский муниципальный округ,Вологодская область,1,1.0,0,0,0,1,1,1-1-1-1-1-1-1-1,stable
1054,Вологодский муниципальный округ,Вологодская область,3,0.958,2,0,0,3,3,3-3-3-3-3-3-3-3,stable
1055,Вытегорский муниципальный район,Вологодская область,1,0.542,8,2,1,1,6,1-1-1-1-1-0-6-6,other
1056,Грязовецкий муниципальный округ,Вологодская область,1,0.958,2,0,0,1,1,1-1-1-1-1-1-1-1,stable
1057,Кадуйский муниципальный округ,Вологодская область,1,1.0,0,0,0,1,1,1-1-1-1-1-1-1-1,stable
1058,Кирилловский муниципальный округ,Вологодская область,1,0.75,5,1,1,1,1,4-4-1-1-1-1-1-1,moved
1059,Кичменгско-Городецкий муниципальный округ,Вологодская область,6,0.708,9,4,0,6,6,6-0-6-0-6-6-6-6,other
1060,Междуреченский муниципальный округ,Вологодская область,1,0.917,4,0,0,1,1,1-1-1-1-1-1-1-1,stable
1061,Никольский муниципальный округ,Вологодская область,6,0.708,5,3,1,6,6,0-6-6-6-6-0-6-6,other
1062,Нюксенский муниципальный округ,Вологодская область,1,0.833,5,2,0,1,1,1-1-1-1-1-1-6-1,other
1063,Сокольский муниципальный округ,Вологодская область,1,0.875,3,1,0,1,1,1-1-1-1-1-1-1-4,other
1064,Сямженский муниципальный округ,Вологодская область,1,0.667,11,4,0,1,1,1-1-1-0-1-1-1-1,other
1065,Тарногский муниципальный округ,Вологодская область,0,0.667,11,3,0,0,0,0-1-6-0-0-0-6-0,other
1066,Тотемский муниципальный округ,Вологодская область,1,1.0,0,0,0,1,1,1-1-1-1-1-1-1-1,stable
1067,Усть-Кубинский муниципальный округ,Вологодская область,1,1.0,0,0,0,1,1,1-1-1-1-1-1-1-1,stable
1068,Устюженский муниципальный округ,Вологодская область,1,1.0,0,0,0,1,1,1-1-1-1-1-1-1-1,stable
1069,Харовский муниципальный округ,Вологодская область,1,0.792,8,0,0,1,1,1-1-1-1-1-1-1-1,stable
1070,Чагодощенский муниципальный округ,Вологодская область,1,0.792,7,1,0,1,1,4-1-1-1-1-1-1-1,other
1071,Череповецкий муниципальный район,Вологодская область,5,0.542,9,3,1,6,5,6-6-6-5-5-5-5-5,moved
1072,Шекснинский муниципальный район,Вологодская область,1,1.0,0,0,0,1,1,1-1-1-1-1-1-1-1,stable
1107,городской округ Иваново,Ивановская область,5,0.958,2,0,0,5,5,5-5-5-5-5-5-5-5,stable
1108,городской округ Вичуга,Ивановская область,1,0.875,6,0,0,1,1,1-1-1-1-1-1-1-1,stable
1109,городской округ Кинешма,Ивановская область,6,0.375,15,3,1,1,6,1-1-6-3-6-2-6-3,other
1110,городской округ Кохма,Ивановская область,4,0.5,11,3,2,4,1,4-4-4-4-1-3-4-4,other
1111,городской округ Тейково,Ивановская область,1,1.0,0,0,0,1,1,1-1-1-1-1-1-1-1,stable
1112,городской округ Шуя,Ивановская область,1,0.792,9,0,0,1,1,1-1-3-1-1-1-1-1,other
1113,Вичугский муниципальный район,Ивановская область,1,1.0,0,0,0,1,1,1-1-1-1-1-1-1-1,stable
1115,Гаврилово-Посадский муниципальный район,Ивановская область,1,0.958,2,0,0,1,1,1-1-1-1-1-1-1-1,stable
1116,Заволжский муниципальный район,Ивановская область,2,0.75,4,1,1,2,2,1-1-2-2-2-2-2-2,moved
1117,Ивановский муниципальный район,Ивановская область,3,0.875,4,1,0,3,3,3-3-3-3-3-3-3-5,other
1118,Ильинский муниципальный район,Ивановская область,1,1.0,0,0,0,1,1,1-1-1-1-1-1-1-1,stable
1119,Кинешемский муниципальный район,Ивановская область,1,1.0,0,0,0,1,1,1-1-1-1-1-1-1-1,stable
1120,Комсомольский муниципальный район,Ивановская область,1,1.0,0,0,0,1,1,1-1-1-1-1-1-1-1,stable
1121,Лежневский муниципальный район,Ивановская область,1,0.875,3,2,0,1,1,1-0-1-1-1-1-1-1,other
1122,Лухский муниципальный район,Ивановская область,0,0.708,6,3,1,0,1,0-0-0-0-1-0-1-1,other
1123,Палехский муниципальный район,Ивановская область,1,1.0,0,0,0,1,1,1-1-1-1-1-1-1-1,stable
1124,Пестяковский муниципальный район,Ивановская область,1,0.5,10,3,1,0,1,0-0-0-0-1-1-1-1,moved
1125,Приволжский муниципальный район,Ивановская область,1,0.917,4,0,0,1,1,1-1-1-1-1-1-1-1,stable
1126,Пучежский муниципальный район,Ивановская область,1,0.542,12,5,2,2,1,2-1-1-2-1-2-1-1,other
1127,Родниковский муниципальный район,Ивановская область,1,1.0,0,0,0,1,1,1-1-1-1-1-1-1-1,stable
1128,Савинский муниципальный район,Ивановская область,1,0.792,5,2,1,1,1,1-0-1-1-1-1-1-1,other
1129,Тейковский муниципальный район,Ивановская область,1,0.875,5,0,0,1,1,1-1-1-1-1-1-1-1,stable
1130,Фурмановский муниципальный район,Ивановская область,1,1.0,0,0,0,1,1,1-1-1-1-1-1-1-1,stable
1131,Шуйский муниципальный район,Ивановская область,1,0.708,9,1,0,1,1,6-1-1-1-1-1-1-1,other
1132,Южский муниципальный район,Ивановская область,1,1.0,0,0,0,1,1,1-1-1-1-1-1-1-1,stable
1133,Юрьевецкий муниципальный район,Ивановская область,1,0.875,6,0,0,1,1,1-1-1-1-1-1-1-1,stable
1134,городской округ город Иркутск,Иркутская область,5,0.958,2,0,0,5,5,5-5-5-5-5-5-5-5,stable
1135,городской округ Ангарский,Иркутская область,5,0.917,4,0,0,5,5,5-5-5-5-5-5-5-5,stable
1136,городской округ город Братск,Иркутская область,4,0.958,2,0,0,4,4,4-4-4-4-4-4-4-4,stable
1137,городской округ Зима,Иркутская область,6,0.833,7,0,0,6,6,6-6-6-6-6-6-6-6,stable
1138,городской округ город Саянск,Иркутская область,4,0.917,4,0,0,4,4,4-4-4-4-4-4-4-4,stable
1139,городской округ город Тулун,Иркутская область,6,0.792,7,2,0,6,6,6-6-6-6-6-4-6-6,other
1140,городской округ город Усолье-Сибирское,Иркутская область,5,0.625,8,3,1,4,5,4-5-4-5-5-5-5-5,other
1141,городской округ город Усть-Илимск,Иркутская область,4,0.958,2,0,0,4,4,4-4-4-4-4-4-4-4,stable
1142,городской округ город Черемхово,Иркутская область,6,0.833,6,2,0,6,6,6-6-6-6-6-4-6-6,other
1143,городской округ город Свирск,Иркутская область,1,0.792,6,1,0,1,1,4-1-1-1-1-1-1-1,other
1144,Балаганский муниципальный район,Иркутская область,1,0.625,8,3,2,1,1,1-1-1-1-2-1-1-6,other
1146,Братский муниципальный район,Иркутская область,1,0.792,7,1,0,1,1,4-1-1-1-1-1-1-1,other
1147,Жигаловский муниципальный район,Иркутская область,6,0.875,5,0,0,6,6,6-6-6-6-6-6-6-6,stable
1148,Заларинский муниципальный район,Иркутская область,6,0.875,6,0,0,6,6,6-6-6-6-6-6-6-6,stable
1149,Зиминский муниципальный район,Иркутская область,6,0.833,7,0,0,6,6,6-6-6-6-6-6-6-6,stable
1150,Иркутский муниципальный район,Иркутская область,5,0.958,2,0,0,5,5,5-5-5-5-5-5-5-5,stable
1151,Казачинско-Ленский муниципальный район,Иркутская область,4,1.0,0,0,0,4,4,4-4-4-4-4-4-4-4,stable
1152,Катангский муниципальный район,Иркутская область,4,1.0,0,0,0,4,4,4-4-4-4-4-4-4-4,stable
1153,Качугский муниципальный район,Иркутская область,6,0.625,9,4,1,6,6,6-6-4-6-6-4-6-6,other
1154,Киренский муниципальный район,Иркутская область,4,0.958,2,0,0,4,4,4-4-4-4-4-4-4-4,stable
1155,Куйтунский муниципальный район,Иркутская область,6,0.833,6,2,0,6,6,6-6-6-6-6-4-6-6,other
1157,Нижнеилимский муниципальный район,Иркутская область,1,0.583,8,4,2,4,1,1-6-4-4-1-1-4-1,other
1158,Нижнеудинский муниципальный район,Иркутская область,6,0.458,10,3,1,1,6,1-1-6-6-6-4-6-6,other
1159,Ольхонский муниципальный район,Иркутская область,6,0.875,6,0,0,6,6,6-2-6-6-6-6-6-6,other
1160,Слюдянский муниципальный район,Иркутская область,4,0.708,9,3,0,4,4,6-4-6-4-4-4-6-4,other
1161,Тайшетский муниципальный район,Иркутская область,4,0.833,6,2,0,4,4,4-4-4-6-4-4-4-4,other
1163,Усольский муниципальный район,Иркутская область,6,0.417,16,2,0,6,6,6-6-4-6-4-4-6-6,other
1164,Усть-Илимский муниципальный район,Иркутская область,4,0.583,14,2,0,4,4,4-4-4-4-4-4-6-4,other
1165,Усть-Кутский муниципальный район,Иркутская область,4,0.958,2,0,0,4,4,4-4-4-4-4-4-4-4,stable
1166,Усть-Удинский муниципальный район,Иркутская область,6,0.625,11,2,2,6,6,6-6-6-6-6-1-6-6,other
1167,Черемховский муниципальный район,Иркутская область,6,0.292,12,3,2,0,6,0-0-0-6-1-1-6-6,other
1168,Чунский муниципальный район,Иркутская область,1,0.667,10,1,0,1,1,1-1-1-1-1-1-6-6,moved
1169,Шелеховский муниципальный район,Иркутская область,5,0.708,8,4,1,5,5,5-5-4-5-5-5-4-5,other
1170,Аларский муниципальный район,Иркутская область,6,0.833,7,0,0,6,6,6-6-6-6-6-6-6-6,stable
1171,Баяндаевский муниципальный район,Иркутская область,6,0.875,6,0,0,6,6,6-6-6-6-6-6-6-6,stable
1172,Боханский муниципальный район,Иркутская область,6,0.833,7,0,0,6,6,6-6-6-6-6-6-6-6,stable
1173,Нукутский муниципальный район,Иркутская область,6,0.708,11,2,0,6,6,6-2-6-6-6-0-6-6,other
1174,Осинский муниципальный район,Иркутская область,6,0.833,6,2,0,6,6,6-6-6-6-6-0-6-6,other
1175,Эхирит-Булагатский муниципальный район,Иркутская область,6,0.875,6,0,0,6,6,6-6-6-6-6-6-6-6,stable
1176,городской округ город Калининград,Калининградская область,5,0.958,2,0,0,5,5,5-5-5-5-5-5-5-5,stable
1178,городской округ Мамоновский,Калининградская область,1,0.375,10,5,4,0,1,6-4-0-1-1-0-0-1,other
1179,городской округ Пионерский,Калининградская область,4,0.458,11,4,2,4,4,5-2-4-4-4-1-4-5,other
1180,городской округ Светловский,Калининградская область,0,0.5,11,4,1,4,0,4-6-0-4-1-0-0-1,other
1181,городской округ Советский,Калининградская область,4,0.917,4,0,0,4,4,4-4-4-4-4-4-4-4,stable
1184,городской округ Балтийский,Калининградская область,4,0.917,3,0,0,4,4,4-4-4-4-4-4-4-3,other
1185,муниципальный округ Гвардейский,Калининградская область,0,0.875,5,0,0,0,0,0-0-0-0-0-0-0-0,stable
1186,муниципальный округ Гурьевский,Калининградская область,5,0.958,2,0,0,5,5,5-5-5-5-5-5-5-5,stable
1187,городской округ Гусевский,Калининградская область,4,0.833,8,0,0,4,4,4-4-4-4-4-4-4-4,stable
1188,муниципальный округ Зеленоградский,Калининградская область,5,0.958,2,0,0,5,5,5-5-5-5-5-5-5-5,stable
1189,муниципальный округ Краснознаменский,Калининградская область,0,0.667,8,3,1,0,0,0-0-0-6-0-0-0-1,other
1190,городской округ Светлогорский,Калининградская область,5,0.958,2,0,0,5,5,5-5-5-5-5-5-5-5,stable
1191,муниципальный округ Неманский,Калининградская область,4,0.542,7,3,3,4,4,4-4-6-6-4-4-6-6,other
1192,муниципальный округ Нестеровский,Калининградская область,0,0.667,5,3,3,0,6,0-0-0-0-6-0-0-6,other
1193,муниципальный округ Озерский,Калининградская область,0,0.75,9,2,0,0,0,0-0-0-0-0-4-0-0,other
1194,муниципальный округ Полесский,Калининградская область,0,0.833,8,0,0,0,0,0-0-0-0-0-0-0-0,stable
1195,муниципальный округ Правдинский,Калининградская область,0,0.833,2,1,1,0,0,0-0-0-0-0-0-0-1,other
1196,муниципальный округ Славский,Калининградская область,0,0.792,8,2,0,0,0,0-6-0-0-0-0-0-0,other
1197,муниципальный округ Черняховский,Калининградская область,4,0.583,6,6,1,4,5,4-4-4-6-4-5-4-5,other
1198,городской округ город Калуга,Калужская область,3,1.0,0,0,0,3,3,3-3-3-3-3-3-3-3,stable
1200,Бабынинский муниципальный район,Калужская область,1,0.917,4,0,0,1,1,1-1-1-1-1-1-1-1,stable
1201,Барятинский муниципальный район,Калужская область,1,0.708,9,3,0,1,1,1-1-1-1-1-2-1-2,other
1203,Дзержинский муниципальный район,Калужская область,1,1.0,0,0,0,1,1,1-1-1-1-1-1-1-1,stable
1204,Думиничский муниципальный район,Калужская область,1,0.833,8,0,0,1,1,1-1-1-1-1-1-1-1,stable
1205,Жиздринский муниципальный район,Калужская область,2,0.5,14,5,1,1,2,1-1-2-1-2-2-1-2,other
1206,Жуковский муниципальный район,Калужская область,2,0.583,16,1,0,2,2,1-1-2-2-2-2-2-2,moved
1207,Кировский муниципальный район,Калужская область,2,0.542,12,3,1,1,2,1-1-2-1-2-2-2-2,other
1208,Износковский муниципальный район,Калужская область,2,0.417,12,2,2,1,2,0-2-1-1-1-2-2-2,other
1209,Козельский муниципальный район,Калужская область,2,0.5,16,1,0,1,2,1-1-1-1-2-2-2-2,moved
1210,Куйбышевский муниципальный район,Калужская область,2,0.958,2,0,0,2,2,2-2-2-2-2-2-2-2,stable
1211,Людиновский муниципальный район,Калужская область,2,0.667,12,1,0,2,2,1-1-2-2-2-2-2-2,moved
1212,Малоярославецкий муниципальный район,Калужская область,3,0.708,8,1,1,3,3,2-2-2-3-3-3-3-3,moved
1213,Медынский муниципальный район,Калужская область,1,0.667,12,4,0,1,1,1-1-1-1-2-1-1-1,other
1214,Мещовский муниципальный район,Калужская область,1,0.958,2,0,0,1,1,1-1-1-1-1-1-1-1,stable
1215,Мосальский муниципальный район,Калужская область,1,0.792,8,2,0,1,1,1-1-1-1-2-1-1-1,other
1217,Спас-Деменский муниципальный район,Калужская область,2,0.625,10,6,1,2,2,2-2-2-1-2-2-1-2,other
1218,Сухиничский муниципальный район,Калужская область,1,0.625,14,2,1,1,1,1-2-2-1-1-2-1-1,other
1219,Тарусский муниципальный район,Калужская область,1,0.583,14,2,1,1,2,1-1-1-1-2-2-2-1,other
1220,Ульяновский муниципальный район,Калужская область,2,0.5,14,5,1,1,2,1-1-2-1-2-2-1-2,other
1221,Ферзиковский муниципальный район,Калужская область,1,0.583,14,3,1,1,1,1-1-1-1-1-3-1-2,other
1222,Хвастовичский муниципальный район,Калужская область,2,0.625,13,3,0,2,2,2-2-1-2-2-2-1-1,other
1223,Юхновский муниципальный район,Калужская область,2,0.833,8,0,0,2,2,2-2-2-2-2-2-2-2,stable
1224,городской округ Кемеровский,Кемеровская область,5,0.958,2,0,0,5,5,5-5-5-5-5-5-5-5,stable
1225,городской округ Анжеро-Судженский,Кемеровская область,6,0.792,7,1,0,6,6,0-6-6-6-6-6-6-6,other
1226,городской округ Беловский,Кемеровская область,4,0.417,11,4,2,4,6,4-5-4-6-6-4-6-5,other
1227,городской округ Березовский,Кемеровская область,4,0.75,2,2,2,4,4,4-4-4-0-0-4-4-4,other
1228,городской округ Калтанский,Кемеровская область,0,0.667,7,2,1,0,0,0-0-0-0-0-0-4-6,other
1229,городской округ Киселевский,Кемеровская область,4,0.833,6,2,0,4,4,4-4-4-4-4-5-4-4,other
1230,городской округ Ленинск-Кузнецкий,Кемеровская область,6,0.542,11,3,1,6,6,6-5-6-6-6-5-6-5,other
1231,городской округ Междуреченский,Кемеровская область,4,0.958,2,0,0,4,4,4-4-4-4-4-4-4-4,stable
1232,городской округ Мысковский,Кемеровская область,4,0.958,2,0,0,4,4,4-4-4-4-4-4-4-4,stable
1233,городской округ Новокузнецкий,Кемеровская область,5,0.958,2,0,0,5,5,5-5-5-5-5-5-5-5,stable
1234,городской округ Осинниковский,Кемеровская область,4,0.917,4,0,0,4,4,4-4-4-4-4-4-4-4,stable
1235,городской округ Полысаевский,Кемеровская область,4,0.458,12,5,1,6,4,0-6-4-6-0-4-4-6,other
1236,городской округ Прокопьевский,Кемеровская область,5,0.708,8,4,1,5,5,5-5-4-5-5-5-4-5,other
1237,городской округ Тайгинский,Кемеровская область,0,0.5,16,1,1,0,0,0-0-4-0-1-0-4-6,other
1238,городской округ Юргинский,Кемеровская область,5,0.75,5,3,1,5,5,4-5-4-5-5-5-5-5,other
1240,Беловский муниципальный округ,Кемеровская область,6,0.708,7,6,0,6,6,6-6-6-6-1-0-6-6,other
1241,Гурьевский муниципальный округ,Кемеровская область,0,0.583,6,4,3,0,0,0-0-4-0-0-0-4-6,other
1242,Ижморский муниципальный округ,Кемеровская область,0,0.792,10,0,0,0,0,0-0-0-0-0-0-0-0,stable
1243,Кемеровский муниципальный округ,Кемеровская область,5,0.917,4,0,0,5,5,5-5-5-5-5-5-5-5,stable
1244,Крапивинский муниципальный округ,Кемеровская область,0,0.708,8,4,2,0,0,0-0-0-0-0-1-1-0,other
1246,Мариинский муниципальный округ,Кемеровская область,6,0.875,6,0,0,6,6,6-6-6-6-6-6-6-6,stable
1249,Промышленновский муниципальный округ,Кемеровская область,6,0.75,9,2,0,6,6,6-6-6-6-6-0-6-6,other
1250,Таштагольский муниципальный район,Кемеровская область,6,0.583,9,5,3,6,6,4-6-6-4-6-4-6-6,other
1251,Тисульский муниципальный округ,Кемеровская область,0,0.458,8,4,1,0,6,0-0-6-6-0-2-6-6,other
1252,Топкинский муниципальный округ,Кемеровская область,4,0.417,7,5,3,0,4,0-0-4-6-0-4-4-6,other
1253,Тяжинский муниципальный округ,Кемеровская область,0,0.792,7,2,0,0,0,0-0-0-0-0-2-0-0,other
1254,Чебулинский муниципальный округ,Кемеровская область,6,0.667,6,6,2,6,6,6-6-6-0-0-0-6-6,other
1256,Яйский муниципальный округ,Кемеровская область,6,0.542,3,3,3,6,6,0-6-6-6-0-0-6-6,other
1257,Яшкинский муниципальный округ,Кемеровская область,0,0.375,10,4,3,0,6,0-6-4-6-1-0-6-6,other
1258,городской округ город Киров,Кировская область,5,0.958,2,0,0,5,5,5-5-5-5-5-5-5-5,stable
1259,городской округ город Вятские Поляны,Кировская область,0,0.583,14,1,1,0,0,4-0-0-0-0-0-0-0,other
1260,городской округ город Кирово-Чепецк,Кировская область,5,0.625,11,1,1,5,5,4-6-5-5-5-5-5-5,other
1261,городской округ город Котельнич,Кировская область,0,0.958,2,0,0,0,0,0-0-0-0-0-0-0-0,stable
1262,городской округ город Слободской,Кировская область,0,0.958,2,0,0,0,0,0-0-0-0-0-0-0-0,stable
1264,муниципальный округ Арбажский,Кировская область,6,0.792,6,4,0,6,6,6-6-6-0-6-6-6-6,other
1265,муниципальный округ Афанасьевский,Кировская область,0,1.0,0,0,0,0,0,0-0-0-0-0-0-0-0,stable
1266,Белохолуницкий муниципальный район,Кировская область,1,0.875,4,0,0,1,1,0-1-1-1-1-1-1-1,other
1267,муниципальный округ Богородский,Кировская область,0,1.0,0,0,0,0,0,0-0-0-0-0-0-0-0,stable
1268,муниципальный округ Верхнекамский,Кировская область,1,0.792,8,0,0,1,1,1-1-1-1-1-1-1-1,stable
1269,Верхошижемский муниципальный район,Кировская область,0,0.875,4,1,0,0,0,0-0-0-0-0-0-0-1,other
1270,Вятскополянский муниципальный район,Кировская область,0,0.583,12,3,1,0,1,4-0-0-0-0-1-1-1,other
1271,Даровской муниципальный район,Кировская область,0,1.0,0,0,0,0,0,0-0-0-0-0-0-0-0,stable
1272,Зуевский муниципальный район,Кировская область,1,0.625,12,3,0,1,1,1-1-1-0-1-1-1-0,other
1273,муниципальный округ Кикнурский,Кировская область,0,0.917,4,0,0,0,0,0-0-0-0-0-0-0-0,stable
1274,Кильмезский муниципальный район,Кировская область,0,0.875,6,0,0,0,0,0-0-0-0-0-0-0-0,stable
1275,Кирово-Чепецкий муниципальный район,Кировская область,0,0.542,10,3,2,0,6,0-0-0-0-6-0-0-6,other
1276,Котельничский муниципальный район,Кировская область,0,0.917,4,0,0,0,0,0-0-0-0-0-0-0-0,stable
1277,Куменский муниципальный район,Кировская область,0,0.875,4,2,0,0,0,0-0-0-0-1-0-0-0,other
1278,муниципальный округ Лебяжский,Кировская область,0,1.0,0,0,0,0,0,0-0-0-0-0-0-0-0,stable
1279,муниципальный округ Лузский,Кировская область,1,0.625,12,3,0,1,1,0-1-1-0-1-1-1-0,other
1280,Малмыжский муниципальный район,Кировская область,0,1.0,0,0,0,0,0,0-0-0-0-0-0-0-0,stable
1281,муниципальный округ Мурашинский,Кировская область,1,1.0,0,0,0,1,1,1-1-1-1-1-1-1-1,stable
1282,Нагорский муниципальный район,Кировская область,0,1.0,0,0,0,0,0,0-0-0-0-0-0-0-0,stable
1284,Нолинский муниципальный район,Кировская область,0,1.0,0,0,0,0,0,0-0-0-0-0-0-0-0,stable
1285,Омутнинский муниципальный район,Кировская область,1,0.917,3,0,0,1,1,1-1-1-1-1-1-1-1,stable
1286,муниципальный округ Опаринский,Кировская область,1,0.667,13,0,0,1,1,4-6-1-1-1-1-1-1,other
1287,Оричевский муниципальный район,Кировская область,0,0.917,4,0,0,0,0,0-0-0-0-0-0-0-0,stable
1288,Орловский муниципальный район,Кировская область,0,0.75,8,3,0,0,0,0-0-0-0-1-0-0-1,other
1289,муниципальный округ Пижанский,Кировская область,0,1.0,0,0,0,0,0,0-0-0-0-0-0-0-0,stable
1290,Подосиновский муниципальный район,Кировская область,0,0.833,2,2,2,0,0,0-0-0-0-1-0-0-0,other
1291,муниципальный округ Санчурский,Кировская область,0,1.0,0,0,0,0,0,0-0-0-0-0-0-0-0,stable
1292,муниципальный округ Свечинский,Кировская область,0,0.958,2,0,0,0,0,0-0-0-0-0-0-0-0,stable
1293,Слободской муниципальный район,Кировская область,0,0.542,14,2,1,0,1,0-0-0-1-1-1-1-0,other
1294,Советский муниципальный район,Кировская область,0,1.0,0,0,0,0,0,0-0-0-0-0-0-0-0,stable
1295,Сунский муниципальный район,Кировская область,1,0.5,13,3,1,0,1,0-0-1-0-1-1-1-1,other
1296,Тужинский муниципальный район,Кировская область,0,1.0,0,0,0,0,0,0-0-0-0-0-0-0-0,stable
1297,муниципальный округ Унинский,Кировская область,0,1.0,0,0,0,0,0,0-0-0-0-0-0-0-0,stable
1298,Уржумский муниципальный район,Кировская область,0,1.0,0,0,0,0,0,0-0-0-0-0-0-0-0,stable
1299,муниципальный округ Фаленский,Кировская область,0,1.0,0,0,0,0,0,0-0-0-0-0-0-0-0,stable
1300,Шабалинский муниципальный район,Кировская область,0,1.0,0,0,0,0,0,0-0-0-0-0-0-0-0,stable
1301,Юрьянский муниципальный район,Кировская область,1,0.75,7,1,1,1,1,0-1-1-1-1-1-1-1,other
1302,Яранский муниципальный район,Кировская область,0,0.833,3,1,1,0,0,4-0-0-0-0-0-0-0,other
1303,городской округ город Кострома,Костромская область,5,0.875,4,2,0,5,5,5-3-5-5-5-5-5-5,other
1304,городской округ город Буй,Костромская область,1,1.0,0,0,0,1,1,1-1-1-1-1-1-1-1,stable
1305,городской округ город Волгореченск,Костромская область,1,0.75,9,1,0,1,1,4-1-1-2-1-1-1-1,other
1306,городской округ город Галич,Костромская область,1,1.0,0,0,0,1,1,1-1-1-1-1-1-1-1,stable
1308,городской округ город Шарья,Костромская область,1,1.0,0,0,0,1,1,1-1-1-1-1-1-1-1,stable
1309,Антроповский муниципальный район,Костромская область,1,0.667,7,3,2,1,1,1-1-1-1-0-1-1-2,other
1310,Буйский муниципальный район,Костромская область,1,1.0,0,0,0,1,1,1-1-1-1-1-1-1-1,stable
1311,Вохомский муниципальный район,Костромская область,0,0.792,4,3,1,0,0,0-0-0-0-0-2-0-2,other
1312,Галичский муниципальный район,Костромская область,1,1.0,0,0,0,1,1,1-1-1-1-1-1-1-1,stable
1313,Кадыйский муниципальный район,Костромская область,0,0.667,6,1,1,0,2,0-0-0-0-0-2-1-2,other
1314,Кологривский муниципальный округ,Костромская область,1,0.542,13,3,1,1,1,1-0-1-1-1-1-1-0,other
1315,Костромской муниципальный район,Костромская область,3,0.833,6,1,0,3,3,3-3-3-3-3-3-3-5,other
1316,Красносельский муниципальный район,Костромская область,1,0.833,8,0,0,1,1,1-1-2-1-1-1-1-1,other
1317,Макарьевский муниципальный район,Костромская область,2,0.417,12,5,1,2,2,0-2-2-2-0-2-1-2,other
1319,Межевской муниципальный округ,Костромская область,0,0.833,4,4,0,0,0,0-0-0-0-0-2-2-0,other
1320,Нейский муниципальный округ,Костромская область,1,0.625,12,2,2,1,1,1-1-1-2-1-2-1-1,other
1321,муниципальный район город Нерехта и Нерехтский район,Костромская область,1,1.0,0,0,0,1,1,1-1-1-1-1-1-1-1,stable
1322,Октябрьский муниципальный район,Костромская область,2,0.583,13,1,0,2,2,1-2-1-2-1-2-2-2,other
1323,Островский муниципальный округ,Костромская область,0,0.75,11,0,0,0,0,0-0-0-0-0-0-2-0,other
1324,Павинский муниципальный округ,Костромская область,0,0.708,7,2,2,0,0,0-0-6-0-0-0-6-0,other
1325,Парфеньевский муниципальный округ,Костромская область,1,0.625,10,1,1,1,1,0-0-1-1-1-1-1-1,moved
1326,Поназыревский муниципальный округ,Костромская область,0,0.792,8,2,0,0,0,0-0-0-0-1-0-0-0,other
1327,Пыщугский муниципальный округ,Костромская область,0,0.833,4,2,2,0,0,0-0-0-0-0-2-0-0,other
1328,Солигаличский муниципальный округ,Костромская область,1,0.583,11,2,1,2,1,2-2-1-1-1-1-1-2,other
1329,Судиславский муниципальный район,Костромская область,1,1.0,0,0,0,1,1,1-1-1-1-1-1-1-1,stable
1330,Сусанинский муниципальный район,Костромская область,1,0.667,9,4,0,1,1,1-2-1-1-0-1-1-2,other
1331,Чухломский муниципальный район,Костромская область,2,0.542,12,3,1,1,2,1-1-2-2-2-2-1-2,other
1333,городской округ город Курган,Курганская область,5,0.667,8,4,0,6,5,4-5-6-6-5-5-5-5,other
1334,городской округ город Шадринск,Курганская область,0,0.708,5,1,1,0,5,0-0-0-0-0-5-5-5,moved
1335,Альменевский муниципальный округ,Курганская область,0,1.0,0,0,0,0,0,0-0-0-0-0-0-0-0,stable
1336,Белозерский муниципальный округ,Курганская область,0,1.0,0,0,0,0,0,0-0-0-0-0-0-0-0,stable
1337,Варгашинский муниципальный округ,Курганская область,0,0.875,4,2,0,0,0,0-0-0-0-1-0-0-0,other
1338,Далматовский муниципальный округ,Курганская область,0,1.0,0,0,0,0,0,0-0-0-0-0-0-0-0,stable
1339,Звериноголовский муниципальный округ,Курганская область,0,0.958,2,0,0,0,0,0-0-0-0-0-0-0-0,stable
1340,Каргапольский муниципальный округ,Курганская область,0,0.667,6,4,3,0,0,0-0-1-0-0-0-1-0,other
1341,Катайский муниципальный округ,Курганская область,0,1.0,0,0,0,0,0,0-0-0-0-0-0-0-0,stable
1343,Куртамышский муниципальный округ,Курганская область,0,1.0,0,0,0,0,0,0-0-0-0-0-0-0-0,stable
1344,Лебяжьевский муниципальный округ,Курганская область,0,0.542,14,3,1,0,0,2-0-0-1-0-2-2-0,other
1345,муниципальный округ Макушинский,Курганская область,0,1.0,0,0,0,0,0,0-0-0-0-0-0-0-0,stable
1346,Мишкинский муниципальный округ,Курганская область,0,0.958,2,0,0,0,0,0-0-0-0-0-0-0-0,stable
1347,Мокроусовский муниципальный округ,Курганская область,0,0.958,2,0,0,0,0,0-0-0-0-0-0-0-0,stable
1348,Петуховский муниципальный округ,Курганская область,2,0.75,6,4,2,2,2,2-2-2-1-2-2-2-2,other
1349,Половинский муниципальный округ,Курганская область,0,0.958,2,0,0,0,0,0-0-0-0-0-0-0-0,stable
1350,Притобольный муниципальный округ,Курганская область,0,1.0,0,0,0,0,0,0-0-0-0-0-0-0-0,stable
1351,Сафакулевский муниципальный округ,Курганская область,0,0.958,2,0,0,0,0,0-0-0-0-0-0-0-0,stable
1352,Целинный муниципальный округ,Курганская область,0,1.0,0,0,0,0,0,0-0-0-0-0-0-0-0,stable
1353,Частоозерский муниципальный округ,Курганская область,2,0.667,9,3,1,2,2,2-2-2-2-2-2-2-0,other
1355,Шатровский муниципальный округ,Курганская область,0,1.0,0,0,0,0,0,0-0-0-0-0-0-0-0,stable
1356,муниципальный округ Шумихинский,Курганская область,0,1.0,0,0,0,0,0,0-0-0-0-0-0-0-0,stable
1357,Щучанский муниципальный округ,Курганская область,0,0.958,2,0,0,0,0,0-0-0-0-0-0-0-0,stable
1358,Юргамышский муниципальный округ,Курганская область,0,1.0,0,0,0,0,0,0-0-0-0-0-0-0-0,stable
1392,Бокситогорский муниципальный район,Ленинградская область,1,1.0,0,0,0,1,1,1-1-1-1-1-1-1-1,stable
1393,Волосовский муниципальный район,Ленинградская область,1,0.958,2,0,0,1,1,1-1-1-1-1-1-1-1,stable
1394,Волховский муниципальный район,Ленинградская область,4,0.458,10,1,1,1,4,1-1-1-4-4-4-4-4,moved
1395,Всеволожский муниципальный район,Ленинградская область,5,0.75,8,3,0,5,5,5-3-5-5-5-5-5-3,other
1396,Выборгский муниципальный район,Ленинградская область,5,0.708,8,3,2,5,5,5-3-5-5-5-5-5-3,other
1397,Гатчинский муниципальный район,Ленинградская область,5,0.708,8,3,2,5,5,5-3-5-5-5-5-5-3,other
1398,Кингисеппский муниципальный район,Ленинградская область,3,0.417,7,3,3,3,5,4-3-3-5-5-5-5-3,other
1399,Киришский муниципальный район,Ленинградская область,5,0.417,12,4,1,4,5,4-3-4-5-5-5-5-3,other
1400,Кировский муниципальный район,Ленинградская область,3,0.958,2,0,0,3,3,3-3-3-3-3-3-3-3,stable
1401,Лодейнопольский муниципальный район,Ленинградская область,1,0.708,2,2,1,1,4,1-1-1-1-1-4-4-1,other
1402,Ломоносовский муниципальный район,Ленинградская область,3,0.958,2,0,0,3,3,3-3-3-3-3-3-3-3,stable
1403,Лужский муниципальный район,Ленинградская область,3,0.917,4,0,0,3,3,3-3-3-3-3-3-3-3,stable
1404,Подпорожский муниципальный район,Ленинградская область,1,1.0,0,0,0,1,1,1-1-1-1-1-1-1-1,stable
1405,Приозерский муниципальный район,Ленинградская область,1,0.417,14,2,1,1,3,1-1-2-2-1-2-3-3,other
1406,Сланцевский муниципальный район,Ленинградская область,1,0.833,8,0,0,1,1,1-1-1-1-1-1-1-1,stable
1407,Тихвинский муниципальный район,Ленинградская область,5,0.583,3,1,1,4,5,4-4-4-5-5-5-5-5,moved
1408,Тосненский муниципальный район,Ленинградская область,3,0.875,6,0,0,3,3,3-3-3-3-3-3-3-3,stable
1409,городской округ Сосновоборский,Ленинградская область,5,0.75,8,3,0,5,5,5-3-5-5-5-5-5-3,other
1410,городской округ город Липецк,Липецкая область,5,0.958,2,0,0,5,5,5-5-5-5-5-5-5-5,stable
1411,городской округ город Елец,Липецкая область,5,0.708,8,1,1,5,5,3-5-5-5-5-6-5-5,other
1412,Воловский муниципальный район,Липецкая область,2,1.0,0,0,0,2,2,2-2-2-2-2-2-2-2,stable
1413,Грязинский муниципальный район,Липецкая область,2,0.708,10,1,0,2,2,2-2-2-2-2-2-2-1,other
1414,Данковский муниципальный район,Липецкая область,2,0.833,7,0,0,2,2,2-2-2-2-2-2-2-2,stable
1415,Добринский муниципальный район,Липецкая область,2,0.875,5,0,0,2,2,2-2-2-2-2-2-2-2,stable
1416,Добровский муниципальный район,Липецкая область,2,0.708,6,4,3,2,2,2-2-2-1-2-2-1-2,other
1417,Долгоруковский муниципальный район,Липецкая область,2,0.917,4,0,0,2,2,2-2-2-2-2-2-2-2,stable
1419,Задонский муниципальный район,Липецкая область,2,0.917,4,0,0,2,2,2-2-2-2-2-2-2-2,stable
1420,Измалковский муниципальный район,Липецкая область,2,0.833,6,2,0,2,2,2-2-2-2-2-2-2-2,stable
1421,Краснинский муниципальный район,Липецкая область,2,0.708,9,4,0,2,2,2-0-2-0-2-2-2-2,other
1422,Лебедянский муниципальный район,Липецкая область,2,0.875,5,0,0,2,2,2-2-2-2-2-2-2-2,stable
1423,Лев-Толстовский муниципальный район,Липецкая область,2,0.875,6,0,0,2,2,2-1-2-2-2-2-2-2,other
1425,Становлянский муниципальный район,Липецкая область,1,0.833,7,0,0,1,1,2-1-1-1-1-1-1-1,other
1426,Тербунский муниципальный район,Липецкая область,2,1.0,0,0,0,2,2,2-2-2-2-2-2-2-2,stable
1427,Усманский муниципальный район,Липецкая область,2,0.917,4,0,0,2,2,2-2-2-2-2-2-2-2,stable
1428,Хлевенский муниципальный район,Липецкая область,2,1.0,0,0,0,2,2,2-2-2-2-2-2-2-2,stable
1429,Чаплыгинский муниципальный район,Липецкая область,2,0.833,5,2,0,2,2,2-2-2-1-2-2-2-2,other
1430,городской округ город Магадан,Магаданская область,4,0.958,2,0,0,4,4,4-4-4-4-4-4-4-4,stable
1431,муниципальный округ Ольский,Магаданская область,4,1.0,0,0,0,4,4,4-4-4-4-4-4-4-4,stable
1438,муниципальный округ Ягоднинский,Магаданская область,4,1.0,0,0,0,4,4,4-4-4-4-4-4-4-4,stable
1439,городской округ Балашиха,Московская область,3,1.0,0,0,0,3,3,3-3-3-3-3-3-3-3,stable
1440,городской округ Бронницы,Московская область,3,1.0,0,0,0,3,3,3-3-3-3-3-3-3-3,stable
1443,городской округ Дзержинский,Московская область,3,1.0,0,0,0,3,3,3-3-3-3-3-3-3-3,stable
1444,городской округ Долгопрудный,Московская область,3,1.0,0,0,0,3,3,3-3-3-3-3-3-3-3,stable
1445,городской округ Домодедово,Московская область,3,1.0,0,0,0,3,3,3-3-3-3-3-3-3-3,stable
1446,городской округ Дубна,Московская область,3,1.0,0,0,0,3,3,3-3-3-3-3-3-3-3,stable
1447,городской округ Егорьевск,Московская область,3,1.0,0,0,0,3,3,3-3-3-3-3-3-3-3,stable
1448,городской округ Жуковский,Московская область,3,1.0,0,0,0,3,3,3-3-3-3-3-3-3-3,stable
1449,городской округ Зарайск,Московская область,1,0.75,9,2,0,1,1,1-1-1-3-2-1-1-1,other
1453,городской округ Истра,Московская область,3,1.0,0,0,0,3,3,3-3-3-3-3-3-3-3,stable
1454,городской округ Кашира,Московская область,3,0.958,1,0,0,3,3,3-3-3-3-3-3-3-3,stable
1456,городской округ Королёв,Московская область,3,1.0,0,0,0,3,3,3-3-3-3-3-3-3-3,stable
1457,городской округ Котельники,Московская область,3,1.0,0,0,0,3,3,3-3-3-3-3-3-3-3,stable
1459,городской округ Красногорск,Московская область,3,1.0,0,0,0,3,3,3-3-3-3-3-3-3-3,stable
1461,городской округ Лобня,Московская область,3,1.0,0,0,0,3,3,3-3-3-3-3-3-3-3,stable
1463,городской округ Луховицы,Московская область,3,0.958,1,0,0,3,3,3-3-3-3-3-3-3-3,stable
1464,городской округ Лыткарино,Московская область,3,1.0,0,0,0,3,3,3-3-3-3-3-3-3-3,stable
1465,городской округ Люберцы,Московская область,3,1.0,0,0,0,3,3,3-3-3-3-3-3-3-3,stable
1467,городской округ Мытищи,Московская область,3,1.0,0,0,0,3,3,3-3-3-3-3-3-3-3,stable
1468,городской округ Наро-Фоминский,Московская область,3,1.0,0,0,0,3,3,3-3-3-3-3-3-3-3,stable
1472,городской округ Подольск,Московская область,3,1.0,0,0,0,3,3,3-3-3-3-3-3-3-3,stable
1473,городской округ Протвино,Московская область,3,1.0,0,0,0,3,3,3-3-3-3-3-3-3-3,stable
1474,городской округ Пущино,Московская область,1,0.5,12,4,2,1,1,3-6-2-1-1-1-2-1,other
1475,городской округ Реутов,Московская область,3,1.0,0,0,0,3,3,3-3-3-3-3-3-3-3,stable
1477,городской округ Рузский,Московская область,3,0.958,2,0,0,3,3,3-3-3-3-3-3-3-3,stable
1478,городской округ Серебряные Пруды,Московская область,1,0.625,14,2,0,1,2,1-1-1-1-2-2-1-1,other
1480,городской округ Ступино,Московская область,3,1.0,0,0,0,3,3,3-3-3-3-3-3-3-3,stable
1481,городской округ Фрязино,Московская область,3,1.0,0,0,0,3,3,3-3-3-3-3-3-3-3,stable
1483,городской округ Черноголовка,Московская область,3,0.5,10,2,1,2,3,3-2-2-2-2-2-3-3,other
1484,городской округ Чехов,Московская область,3,1.0,0,0,0,3,3,3-3-3-3-3-3-3-3,stable
1486,городской округ Шаховская,Московская область,2,0.625,14,1,0,2,2,1-1-2-2-2-2-2-2,moved
1488,городской округ Электросталь,Московская область,3,1.0,0,0,0,3,3,3-3-3-3-3-3-3-3,stable
1489,городской округ Волоколамский,Московская область,3,0.917,1,1,0,3,3,1-3-3-3-3-3-3-3,other
1490,городской округ Воскресенск,Московская область,3,1.0,0,0,0,3,3,3-3-3-3-3-3-3-3,stable
1491,городской округ Дмитровский,Московская область,3,1.0,0,0,0,3,3,3-3-3-3-3-3-3-3,stable
1492,городской округ Клин,Московская область,3,1.0,0,0,0,3,3,3-3-3-3-3-3-3-3,stable
1493,городской округ Ленинский,Московская область,3,1.0,0,0,0,3,3,3-3-3-3-3-3-3-3,stable
1494,городской округ Лотошино,Московская область,1,0.875,6,0,0,1,1,1-1-1-1-1-1-1-1,stable
1495,городской округ Можайский,Московская область,3,1.0,0,0,0,3,3,3-3-3-3-3-3-3-3,stable
1496,городской округ Богородский,Московская область,3,1.0,0,0,0,3,3,3-3-3-3-3-3-3-3,stable
1500,городской округ Раменский,Московская область,3,1.0,0,0,0,3,3,3-3-3-3-3-3-3-3,stable
1501,городской округ Сергиево-Посадский,Московская область,3,1.0,0,0,0,3,3,3-3-3-3-3-3-3-3,stable
1504,городской округ Талдомский,Московская область,2,0.5,16,2,1,2,2,1-1-2-2-2-2-1-3,other
1506,городской округ город Мурманск,Мурманская область,4,0.792,7,2,0,4,4,4-4-4-4-4-5-4-4,other
1507,муниципальный округ город Апатиты,Мурманская область,4,0.917,4,0,0,4,4,4-4-4-4-4-4-4-4,stable
1508,муниципальный округ город Кировск,Мурманская область,4,0.958,2,0,0,4,4,4-4-4-4-4-4-4-4,stable
1509,муниципальный округ город Мончегорск,Мурманская область,4,0.958,2,0,0,4,4,4-4-4-4-4-4-4-4,stable
1510,муниципальный округ город Оленегорск,Мурманская область,4,0.833,7,0,0,4,4,4-4-4-4-4-4-4-4,stable
1511,муниципальный округ город Полярные Зори,Мурманская область,4,0.958,2,0,0,4,4,4-4-4-4-4-4-4-4,stable
1512,Ковдорский муниципальный округ,Мурманская область,4,0.958,2,0,0,4,4,4-4-4-4-4-4-4-4,stable
1518,Кандалакшский муниципальный район,Мурманская область,4,0.958,2,0,0,4,4,4-4-4-4-4-4-4-4,stable
1519,Кольский муниципальный район,Мурманская область,4,0.875,5,0,0,4,4,4-4-4-4-4-4-4-4,stable
1520,Ловозерский муниципальный район,Мурманская область,1,0.708,8,4,2,1,1,1-6-4-1-1-1-1-1,other
1521,Печенгский муниципальный округ,Мурманская область,4,0.958,2,0,0,4,4,4-4-4-4-4-4-4-4,stable
1522,Терский муниципальный район,Мурманская область,1,0.958,2,0,0,1,1,1-1-1-1-1-1-1-1,stable
1523,городской округ город Нижний Новгород,Нижегородская область,5,0.75,8,3,0,5,5,5-3-5-5-5-5-5-3,other
1525,городской округ город Бор,Нижегородская область,5,0.667,5,3,1,5,5,3-3-5-5-5-3-5-5,other
1526,городской округ город Выкса,Нижегородская область,3,0.875,2,1,0,3,3,1-3-3-3-3-3-3-3,other
1527,городской округ город Дзержинск,Нижегородская область,5,0.75,8,3,0,5,5,5-3-5-5-5-5-5-3,other
1528,городской округ город Кулебаки,Нижегородская область,2,1.0,0,0,0,2,2,2-2-2-2-2-2-2-2,stable
1529,городской округ Навашинский,Нижегородская область,1,1.0,0,0,0,1,1,1-1-1-1-1-1-1-1,stable
1530,городской округ Перевозский,Нижегородская область,1,0.542,7,5,5,2,1,2-1-2-1-2-2-1-1,other
1532,городской округ Семеновский,Нижегородская область,2,1.0,0,0,0,2,2,2-2-2-2-2-2-2-2,stable
1533,городской округ город Шахунья,Нижегородская область,0,0.917,4,0,0,0,0,0-0-0-0-0-0-0-0,stable
1534,городской округ город Первомайск,Нижегородская область,2,0.792,6,2,2,2,2,2-2-2-2-2-2-1-2,other
1535,городской округ Сокольский,Нижегородская область,1,1.0,0,0,0,1,1,1-1-1-1-1-1-1-1,stable
1536,городской округ город Чкаловск,Нижегородская область,2,0.542,7,4,2,1,2,2-1-1-2-2-2-1-2,other
1537,Ардатовский муниципальный округ,Нижегородская область,0,0.708,6,2,2,0,2,0-0-0-0-0-2-2-0,other
1539,Балахнинский муниципальный округ,Нижегородская область,3,0.875,1,1,1,3,3,2-3-3-3-3-3-3-3,other
1540,Богородский муниципальный округ,Нижегородская область,3,1.0,0,0,0,3,3,3-3-3-3-3-3-3-3,stable
1541,Большеболдинский муниципальный округ,Нижегородская область,2,1.0,0,0,0,2,2,2-2-2-2-2-2-2-2,stable
1542,Большемурашкинский муниципальный округ,Нижегородская область,1,0.625,9,4,2,1,1,1-2-1-1-2-1-1-2,other
1543,Бутурлинский муниципальный округ,Нижегородская область,2,0.5,8,6,2,2,2,1-2-2-2-0-2-1-1,other
1544,Вадский муниципальный округ,Нижегородская область,1,0.708,8,3,1,1,1,2-1-1-1-1-2-1-1,other
1545,Варнавинский муниципальный округ,Нижегородская область,2,0.833,6,0,0,2,2,2-2-2-2-2-2-2-6,other
1546,Вачский муниципальный округ,Нижегородская область,1,0.583,7,2,2,1,2,1-1-1-1-2-2-2-1,other
1547,Ветлужский муниципальный округ,Нижегородская область,2,0.792,7,1,0,2,2,1-2-2-2-2-2-2-2,other
1548,Вознесенский муниципальный округ,Нижегородская область,2,1.0,0,0,0,2,2,2-2-2-2-2-2-2-2,stable
1549,Володарский муниципальный округ,Нижегородская область,1,1.0,0,0,0,1,1,1-1-1-1-1-1-1-1,stable
1550,городской округ Воротынский,Нижегородская область,2,0.625,8,1,1,2,2,2-2-2-2-2-2-1-1,moved
1551,Воскресенский муниципальный округ,Нижегородская область,2,0.958,2,0,0,2,2,2-2-2-2-2-2-2-2,stable
1552,Гагинский муниципальный округ,Нижегородская область,2,0.875,4,2,0,2,2,2-2-2-2-0-2-2-2,other
1553,Городецкий муниципальный округ,Нижегородская область,2,0.75,6,1,0,2,2,2-2-2-2-2-2-5-5,moved
1554,Дальнеконстантиновский муниципальный округ,Нижегородская область,2,0.583,9,3,2,2,2,2-2-1-1-2-2-2-1,other
1555,Дивеевский муниципальный округ,Нижегородская область,2,0.792,10,0,0,2,2,2-2-2-2-2-2-2-2,stable
1556,Княгининский муниципальный округ,Нижегородская область,2,0.833,7,0,0,2,2,2-2-2-2-2-2-2-1,other
1557,Ковернинский муниципальный округ,Нижегородская область,0,0.375,13,3,1,0,2,0-0-1-1-0-2-1-2,other
1558,Краснобаковский муниципальный округ,Нижегородская область,1,0.625,4,3,1,0,1,0-0-1-0-1-1-1-1,other
1559,Краснооктябрьский муниципальный округ,Нижегородская область,2,0.917,4,0,0,2,2,2-2-2-2-2-2-2-2,stable
1560,Кстовский муниципальный округ,Нижегородская область,5,0.542,9,4,1,5,5,3-3-5-5-5-3-5-3,other
1561,Лукояновский муниципальный округ,Нижегородская область,2,0.958,2,0,0,2,2,2-2-2-2-2-2-2-2,stable
1562,Лысковский муниципальный округ,Нижегородская область,2,0.958,2,0,0,2,2,2-2-2-2-2-2-2-2,stable
1563,Павловский муниципальный округ,Нижегородская область,3,0.708,9,2,0,3,3,3-3-3-3-2-3-3-3,other
1564,Пильнинский муниципальный округ,Нижегородская область,2,1.0,0,0,0,2,2,2-2-2-2-2-2-2-2,stable
1565,Починковский муниципальный округ,Нижегородская область,2,0.542,13,1,1,2,0,2-0-2-2-2-0-2-0,other
1566,Сергачский муниципальный округ,Нижегородская область,2,0.875,5,0,0,2,2,2-2-2-2-2-2-2-2,stable
1567,Сеченовский муниципальный округ,Нижегородская область,2,1.0,0,0,0,2,2,2-2-2-2-2-2-2-2,stable
1568,Сосновский муниципальный округ,Нижегородская область,2,0.542,11,1,1,2,1,2-2-2-2-2-1-1-2,other
1569,Спасский муниципальный округ,Нижегородская область,2,0.958,2,0,0,2,2,2-2-2-2-2-2-2-2,stable
1570,Тонкинский муниципальный округ,Нижегородская область,2,0.417,14,2,1,1,2,1-1-1-2-2-2-1-2,other
1571,Тоншаевский муниципальный округ,Нижегородская область,1,0.458,14,3,2,1,0,0-1-1-2-2-2-1-0,other
1572,Уренский муниципальный округ,Нижегородская область,6,0.458,10,3,1,1,6,1-1-1-2-6-1-6-6,other
1573,Шарангский муниципальный округ,Нижегородская область,2,0.458,13,4,2,2,2,2-2-1-2-0-2-2-0,other
1574,Шатковский муниципальный округ,Нижегородская область,0,0.875,6,0,0,0,0,0-0-0-0-0-0-0-0,stable
1575,городской округ Великий Новгород,Новгородская область,3,0.875,4,2,0,3,3,3-3-3-3-3-3-5-3,other
1577,Боровичский муниципальный район,Новгородская область,3,0.583,6,5,1,2,3,1-3-2-3-3-3-2-3,other
1578,Валдайский муниципальный район,Новгородская область,1,0.75,6,1,1,1,1,1-1-1-1-1-1-2-2,moved
1579,муниципальный округ Волотовский,Новгородская область,1,0.958,2,0,0,1,1,1-1-1-1-1-1-1-1,stable
1580,муниципальный округ Демянский,Новгородская область,1,0.708,8,1,1,1,1,0-1-1-1-1-1-1-1,other
1581,муниципальный округ Крестецкий,Новгородская область,1,0.917,4,0,0,1,1,1-1-1-1-1-1-1-1,stable
1582,Любытинский муниципальный район,Новгородская область,1,0.875,4,0,0,1,1,1-1-1-1-1-1-1-2,other
1583,Маловишерский муниципальный район,Новгородская область,1,0.917,4,0,0,1,1,1-1-1-1-1-1-1-1,stable
1584,муниципальный округ Марёвский,Новгородская область,1,0.792,6,1,1,1,1,2-1-1-1-1-1-1-1,other
1585,муниципальный округ Мошенской,Новгородская область,1,0.667,9,3,0,1,1,1-1-1-1-0-2-1-1,other
1586,Новгородский муниципальный район,Новгородская область,3,0.958,2,0,0,3,3,3-3-3-3-3-3-3-3,stable
1587,Окуловский муниципальный район,Новгородская область,1,0.917,4,0,0,1,1,1-1-1-1-1-1-1-1,stable
1588,Парфинский муниципальный район,Новгородская область,1,0.958,2,0,0,1,1,1-1-1-1-1-1-1-1,stable
1589,муниципальный округ Пестовский,Новгородская область,2,0.5,14,3,1,1,2,1-1-2-1-2-2-2-2,other
1590,Поддорский муниципальный район,Новгородская область,1,0.833,8,0,0,1,1,1-1-1-1-1-1-1-1,stable
1591,муниципальный округ Солецкий,Новгородская область,1,0.833,8,0,0,1,1,1-1-1-1-1-2-1-1,other
1592,Старорусский муниципальный район,Новгородская область,2,0.75,6,1,0,2,2,1-1-2-2-2-2-2-2,moved
1593,муниципальный округ Хвойнинский,Новгородская область,2,0.542,11,3,1,2,2,1-2-2-2-2-2-1-2,other
1594,Холмский муниципальный район,Новгородская область,1,0.583,7,2,2,1,2,1-1-1-1-2-2-1-2,other
1595,Чудовский муниципальный район,Новгородская область,1,1.0,0,0,0,1,1,1-1-1-1-1-1-1-1,stable
1596,Шимский муниципальный район,Новгородская область,1,0.5,7,3,1,0,1,0-0-1-1-0-1-1-1,other
1597,городской округ город Новосибирск,Новосибирская область,5,0.958,2,0,0,5,5,5-5-5-5-5-5-5-5,stable
1598,городской округ город Бердск,Новосибирская область,5,0.958,2,0,0,5,5,5-5-5-5-5-5-5-5,stable
1599,городской округ город Искитим,Новосибирская область,5,0.833,3,1,1,5,5,6-5-5-5-5-5-5-5,other
1600,городской округ город Обь,Новосибирская область,5,0.792,7,1,0,5,5,6-5-6-5-5-5-5-5,other
1601,городской округ рабочий поселок Кольцово,Новосибирская область,5,0.75,8,3,0,5,5,5-3-5-5-5-5-5-3,other
1602,Баганский муниципальный район,Новосибирская область,6,0.542,5,5,1,0,6,0-0-6-0-6-0-6-6,other
1603,Барабинский муниципальный район,Новосибирская область,6,0.708,6,1,1,6,6,0-6-6-6-6-6-6-6,other
1604,Болотнинский муниципальный район,Новосибирская область,6,0.708,5,3,1,6,6,1-6-6-6-6-4-6-6,other
1605,Венгеровский муниципальный район,Новосибирская область,0,0.708,10,3,0,0,0,1-0-1-0-0-0-0-0,other
1606,Доволенский муниципальный район,Новосибирская область,0,0.875,6,0,0,0,0,0-0-0-0-0-0-0-0,stable
1607,Здвинский муниципальный район,Новосибирская область,0,0.667,10,3,0,0,0,1-0-1-0-0-0-0-0,other
1608,Искитимский муниципальный район,Новосибирская область,0,0.875,6,0,0,0,0,0-0-0-0-0-0-0-0,stable
1609,Карасукский муниципальный район,Новосибирская область,6,0.833,6,2,0,6,6,6-6-6-6-6-6-6-6,stable
1610,Каргатский муниципальный район,Новосибирская область,1,0.708,7,1,1,1,1,1-1-1-1-1-1-0-0,moved
1611,Колыванский муниципальный район,Новосибирская область,0,0.792,4,2,2,0,0,0-0-1-1-0-0-0-0,other
1612,Коченевский муниципальный район,Новосибирская область,1,0.917,4,0,0,1,1,1-1-1-1-1-1-1-1,stable
1613,Кочковский муниципальный район,Новосибирская область,2,0.458,10,3,3,1,2,1-2-1-1-2-2-2-2,other
1614,Краснозерский муниципальный район,Новосибирская область,0,0.958,2,0,0,0,0,0-0-0-0-0-0-0-0,stable
1615,Куйбышевский муниципальный район,Новосибирская область,6,0.917,4,0,0,6,6,6-6-6-6-6-6-6-6,stable
1616,Купинский муниципальный район,Новосибирская область,2,0.458,9,5,2,1,2,1-2-6-2-2-2-6-6,other
1617,Кыштовский муниципальный район,Новосибирская область,2,0.542,7,1,1,1,2,1-1-1-1-2-2-2-2,moved
1618,Маслянинский муниципальный район,Новосибирская область,1,0.5,10,3,1,2,1,2-2-1-1-2-2-1-2,other
1619,Мошковский муниципальный район,Новосибирская область,1,0.667,13,1,0,1,1,0-1-1-1-1-1-1-6,other
1620,Новосибирский муниципальный район,Новосибирская область,3,1.0,0,0,0,3,3,3-3-3-3-3-3-3-3,stable
1621,Ордынский муниципальный район,Новосибирская область,0,0.792,3,1,1,0,0,0-0-0-0-0-0-0-6,other
1622,Северный муниципальный район,Новосибирская область,2,0.375,15,5,1,0,2,1-2-2-0-2-2-1-2,other
1623,Сузунский муниципальный район,Новосибирская область,6,0.625,8,3,3,6,6,1-6-6-6-6-1-6-6,other
1624,Татарский муниципальный район,Новосибирская область,0,0.542,15,5,0,0,0,0-1-4-0-1-4-0-6,other
1625,Тогучинский муниципальный район,Новосибирская область,0,0.833,4,1,1,0,0,0-0-0-0-0-0-6-6,moved
1626,Убинский муниципальный район,Новосибирская область,2,0.708,10,2,0,2,2,2-2-2-2-2-1-2-2,other
1627,Усть-Таркский муниципальный район,Новосибирская область,1,0.875,5,0,0,1,1,1-1-1-1-1-1-1-1,stable
1628,Чановский муниципальный район,Новосибирская область,0,0.667,7,1,1,0,6,0-0-0-0-0-2-6-6,other
1629,Черепановский муниципальный район,Новосибирская область,0,0.917,4,0,0,0,0,0-0-0-0-0-0-0-0,stable
1630,Чистоозерный муниципальный район,Новосибирская область,0,0.542,10,1,1,0,6,0-0-0-0-0-2-6-6,other
1631,Чулымский муниципальный район,Новосибирская область,1,0.875,4,0,0,1,1,1-1-1-1-1-1-1-6,other
1632,городской округ город Омск,Омская область,5,0.958,2,0,0,5,5,5-5-5-5-5-5-5-5,stable
1633,Азовский немецкий национальный муниципальный район,Омская область,0,0.833,7,0,0,0,0,6-0-0-0-0-0-0-0,other
1634,Большереченский муниципальный район,Омская область,0,0.792,10,0,0,0,0,0-0-0-0-0-0-0-0,stable
1635,Большеуковский муниципальный район,Омская область,0,0.917,4,0,0,0,0,0-0-0-0-0-0-0-0,stable
1636,Горьковский муниципальный район,Омская область,0,0.958,2,0,0,0,0,0-0-0-0-0-0-0-0,stable
1637,Знаменский муниципальный район,Омская область,0,0.917,4,0,0,0,0,0-0-0-0-0-0-0-0,stable
1638,Исилькульский муниципальный район,Омская область,0,0.583,9,4,2,6,0,6-0-0-6-0-0-0-0,other
1639,Калачинский муниципальный район,Омская область,0,0.958,2,0,0,0,0,0-0-0-0-0-0-0-0,stable
1640,Колосовский муниципальный район,Омская область,0,1.0,0,0,0,0,0,0-0-0-0-0-0-0-0,stable
1641,Кормиловский муниципальный район,Омская область,0,0.875,6,0,0,0,0,0-0-0-0-0-0-0-0,stable
1642,Крутинский муниципальный район,Омская область,2,0.667,10,1,1,2,2,2-2-2-1-2-2-0-0,other
1643,Любинский муниципальный район,Омская область,1,0.875,5,0,0,1,1,1-1-1-1-1-1-1-1,stable
1644,Марьяновский муниципальный район,Омская область,0,0.917,3,0,0,0,0,0-0-0-0-0-0-0-0,stable
1645,Москаленский муниципальный район,Омская область,0,1.0,0,0,0,0,0,0-0-0-0-0-0-0-0,stable
1646,Муромцевский муниципальный район,Омская область,0,0.958,2,0,0,0,0,0-0-0-0-0-0-0-0,stable
1647,Называевский муниципальный район,Омская область,0,0.792,4,3,1,0,0,0-0-0-0-0-0-0-6,other
1648,Нижнеомский муниципальный район,Омская область,0,1.0,0,0,0,0,0,0-0-0-0-0-0-0-0,stable
1649,Нововаршавский муниципальный район,Омская область,0,0.958,2,0,0,0,0,0-0-0-0-0-0-0-0,stable
1650,Одесский муниципальный район,Омская область,0,0.583,9,3,1,0,1,0-0-0-0-1-0-1-1,other
1651,Оконешниковский муниципальный район,Омская область,0,0.833,5,2,0,0,0,0-0-0-6-0-0-0-6,other
1652,Омский муниципальный район,Омская область,5,0.75,7,1,1,5,5,6-5-5-5-5-5-5-5,other
1653,Павлоградский муниципальный район,Омская область,0,0.917,4,0,0,0,0,0-0-0-0-0-0-0-0,stable
1654,Полтавский муниципальный район,Омская область,0,0.917,4,0,0,0,0,0-0-0-0-0-0-0-0,stable
1655,Русско-Полянский муниципальный район,Омская область,1,0.75,8,4,0,1,1,1-0-1-1-1-1-1-1,other
1656,Саргатский муниципальный район,Омская область,0,0.917,4,0,0,0,0,0-0-0-0-0-0-0-0,stable
1657,Седельниковский муниципальный район,Омская область,0,1.0,0,0,0,0,0,0-0-0-0-0-0-0-0,stable
1658,Таврический муниципальный район,Омская область,0,0.917,3,0,0,0,0,0-0-0-0-0-0-0-0,stable
1659,Тарский муниципальный район,Омская область,6,0.583,13,3,0,4,6,4-4-4-6-6-0-6-6,other
1660,Тевризский муниципальный район,Омская область,0,0.458,12,3,1,0,6,0-0-1-1-0-1-6-6,other
1661,Тюкалинский муниципальный район,Омская область,0,0.958,2,0,0,0,0,0-0-0-0-0-0-0-0,stable
1662,Усть-Ишимский муниципальный район,Омская область,6,0.458,13,3,1,6,0,6-5-0-6-0-0-6-6,other
1663,Черлакский муниципальный район,Омская область,0,0.792,6,2,2,0,0,0-0-1-1-0-0-0-0,other
1664,Шербакульский муниципальный район,Омская область,0,0.958,2,0,0,0,0,0-0-0-0-0-0-0-0,stable
1665,городской округ город Оренбург,Оренбургская область,5,0.958,2,0,0,5,5,5-5-5-5-5-5-5-5,stable
1666,городской округ Абдулинский,Оренбургская область,2,0.958,2,0,0,2,2,2-2-2-2-2-2-2-2,stable
1667,городской округ город Бугуруслан,Оренбургская область,2,0.5,9,1,1,2,5,2-2-2-2-5-5-5-5,moved
1668,городской округ город Бузулук,Оренбургская область,5,0.958,2,0,0,5,5,5-5-5-5-5-5-5-5,stable
1669,городской округ Гайский,Оренбургская область,4,0.625,7,3,2,4,1,4-4-4-4-1-4-4-1,other
1670,городской округ Кувандыкский,Оренбургская область,2,0.458,13,5,0,2,2,2-6-5-2-2-1-2-1,other
1671,городской округ город Медногорск,Оренбургская область,1,0.875,6,0,0,1,1,1-1-1-2-1-1-1-1,other
1672,городской округ город Новотроицк,Оренбургская область,4,0.958,2,0,0,4,4,4-4-4-4-4-4-4-4,stable
1673,городской округ город Орск,Оренбургская область,4,0.625,11,3,1,4,5,4-4-4-4-5-4-4-5,other
1674,городской округ Соль-Илецкий,Оренбургская область,4,0.75,6,2,0,4,4,4-4-4-6-4-4-4-6,other
1675,городской округ Сорочинский,Оренбургская область,6,0.542,10,4,2,6,6,6-6-6-0-6-0-0-6,other
1676,городской округ Ясненский,Оренбургская область,1,0.667,11,3,0,1,1,4-6-1-1-1-4-1-1,other
1678,Адамовский муниципальный район,Оренбургская область,2,0.375,11,3,2,0,1,0-0-2-2-1-1-2-2,other
1679,Акбулакский муниципальный район,Оренбургская область,2,0.5,15,6,0,2,2,2-1-2-1-2-0-2-2,other
1680,Александровский муниципальный район,Оренбургская область,2,0.75,7,3,0,2,2,2-2-2-2-2-2-2-2,stable
1681,Асекеевский муниципальный район,Оренбургская область,2,0.542,5,3,1,0,2,0-0-0-2-0-2-2-2,other
1682,Беляевский муниципальный район,Оренбургская область,0,0.708,6,2,1,0,0,4-0-0-0-0-0-0-1,other
1683,Бугурусланский муниципальный район,Оренбургская область,2,0.5,11,3,1,2,2,3-2-2-2-3-2-2-2,other
1685,Грачёвский муниципальный район,Оренбургская область,0,0.5,11,3,1,2,0,0-0-2-2-0-2-2-0,other
1686,Домбаровский муниципальный район,Оренбургская область,1,1.0,0,0,0,1,1,1-1-1-1-1-1-1-1,stable
1687,Илекский муниципальный район,Оренбургская область,0,0.833,6,2,0,0,0,0-0-0-0-1-0-0-0,other
1688,Кваркенский муниципальный район,Оренбургская область,1,0.625,9,3,1,1,1,4-6-1-1-1-1-2-1,other
1689,Красногвардейский муниципальный район,Оренбургская область,2,0.667,10,5,0,2,2,2-0-2-2-0-2-2-2,other
1690,Курманаевский муниципальный район,Оренбургская область,2,0.667,8,2,2,2,2,2-0-0-2-2-2-2-2,other
1691,Матвеевский муниципальный район,Оренбургская область,0,0.542,13,3,1,0,2,0-0-2-2-0-0-2-2,other
1692,Новоорский муниципальный район,Оренбургская область,1,0.792,5,3,0,1,1,2-1-1-1-1-1-1-1,other
1693,Новосергиевский муниципальный район,Оренбургская область,0,1.0,0,0,0,0,0,0-0-0-0-0-0-0-0,stable
1694,Октябрьский муниципальный район,Оренбургская область,0,0.833,6,2,0,0,0,0-0-0-0-0-2-0-0,other
1696,Первомайский муниципальный район,Оренбургская область,1,0.583,15,2,0,1,1,1-0-1-1-2-0-1-1,other
1697,Переволоцкий муниципальный район,Оренбургская область,0,0.958,2,0,0,0,0,0-0-0-0-0-0-0-0,stable
1698,Пономарёвский муниципальный район,Оренбургская область,2,0.875,6,0,0,2,2,2-2-2-2-2-2-2-2,stable
1699,Сакмарский муниципальный район,Оренбургская область,0,0.833,4,2,2,0,0,0-0-0-0-1-0-0-0,other
1700,Саракташский муниципальный район,Оренбургская область,0,0.5,15,1,1,4,0,4-4-0-0-0-0-0-0,moved
1701,Светлинский муниципальный район,Оренбургская область,1,0.792,8,2,0,1,1,1-1-1-1-1-1-1-1,stable
1702,Северный муниципальный район,Оренбургская область,2,0.875,4,0,0,2,2,2-2-2-2-2-2-2-2,stable
1703,Ташлинский муниципальный район,Оренбургская область,0,0.917,4,0,0,0,0,0-0-0-0-0-0-0-0,stable
1704,Тоцкий муниципальный район,Оренбургская область,4,0.708,8,2,2,4,4,4-4-4-4-5-4-4-4,other
1705,Тюльганский муниципальный район,Оренбургская область,1,0.625,7,4,1,1,2,2-1-1-1-2-1-2-2,other
1706,Шарлыкский муниципальный район,Оренбургская область,2,0.792,10,0,0,2,2,2-2-2-2-2-2-2-2,stable
1707,городской округ город Орёл,Орловская область,3,0.958,2,0,0,3,3,3-3-3-3-3-3-3-3,stable
1708,городской округ город Ливны,Орловская область,2,0.792,7,1,0,2,2,1-2-2-2-2-2-2-2,other
1709,городской округ город Мценск,Орловская область,1,0.75,11,0,0,1,1,1-1-1-3-3-1-1-1,other
1710,Болховский муниципальный район,Орловская область,2,0.792,4,2,1,2,2,2-2-2-2-2-2-1-2,other
1711,Верховский муниципальный район,Орловская область,2,0.542,8,4,1,2,1,2-2-1-2-2-1-1-2,other
1712,Глазуновский муниципальный район,Орловская область,1,0.792,5,1,1,1,1,2-1-1-1-1-1-1-1,other
1714,Должанский муниципальный район,Орловская область,2,0.875,6,0,0,2,2,2-2-2-2-2-2-2-2,stable
1715,Залегощенский муниципальный район,Орловская область,1,0.833,1,1,1,1,1,2-1-1-1-1-1-1-1,other
1717,Колпнянский муниципальный район,Орловская область,1,0.583,9,5,2,1,1,1-2-1-1-1-1-2-2,other
1718,Краснозоренский муниципальный район,Орловская область,2,0.583,6,4,2,1,2,2-1-1-1-2-2-1-2,other
1719,Кромской муниципальный район,Орловская область,2,0.958,2,0,0,2,2,2-2-2-2-2-2-2-2,stable
1722,Малоархангельский муниципальный район,Орловская область,2,0.75,7,2,0,2,2,2-2-2-2-2-1-1-2,other
1724,Новодеревеньковский муниципальный район,Орловская область,1,0.5,11,3,1,2,1,2-2-1-1-1-2-1-2,other
1725,Новосильский муниципальный район,Орловская область,2,0.875,6,0,0,2,2,2-2-2-2-2-2-1-2,other
1726,муниципальный округ Орловский,Орловская область,3,1.0,0,0,0,3,3,3-3-3-3-3-3-3-3,stable
1727,Покровский муниципальный район,Орловская область,2,0.708,8,4,1,2,2,2-2-2-1-2-2-1-2,other
1728,Свердловский муниципальный район,Орловская область,1,0.542,7,3,3,2,1,2-2-1-1-2-2-1-1,other
1730,Троснянский муниципальный район,Орловская область,0,0.75,9,2,0,0,0,0-0-0-0-1-0-0-2,other
1731,Урицкий муниципальный район,Орловская область,1,0.958,2,0,0,1,1,1-1-1-1-1-1-1-1,stable
1732,Хотынецкий муниципальный район,Орловская область,2,0.875,5,0,0,2,2,2-2-2-2-2-2-2-1,other
1733,Шаблыкинский муниципальный район,Орловская область,1,0.958,2,0,0,1,1,1-1-1-1-1-1-1-1,stable
1737,Башмаковский муниципальный район,Пензенская область,2,0.958,2,0,0,2,2,2-2-2-2-2-2-2-2,stable
1738,Бековский муниципальный район,Пензенская область,2,1.0,0,0,0,2,2,2-2-2-2-2-2-2-2,stable
1739,Белинский муниципальный район,Пензенская область,2,1.0,0,0,0,2,2,2-2-2-2-2-2-2-2,stable
1740,Бессоновский муниципальный район,Пензенская область,2,0.667,5,3,1,2,6,2-2-2-2-6-6-2-5,other
1741,Вадинский муниципальный район,Пензенская область,2,0.917,2,0,0,2,2,2-2-2-2-2-2-2-2,stable
1742,Городищенский муниципальный район,Пензенская область,2,1.0,0,0,0,2,2,2-2-2-2-2-2-2-2,stable
1743,Земетчинский муниципальный район,Пензенская область,2,1.0,0,0,0,2,2,2-2-2-2-2-2-2-2,stable
1744,Иссинский муниципальный район,Пензенская область,2,1.0,0,0,0,2,2,2-2-2-2-2-2-2-2,stable
1745,Каменский муниципальный район,Пензенская область,2,1.0,0,0,0,2,2,2-2-2-2-2-2-2-2,stable
1746,Камешкирский муниципальный район,Пензенская область,2,0.917,4,0,0,2,2,2-2-2-2-2-2-2-2,stable
1747,Колышлейский муниципальный район,Пензенская область,2,1.0,0,0,0,2,2,2-2-2-2-2-2-2-2,stable
1749,Лопатинский муниципальный район,Пензенская область,2,0.833,6,2,0,2,2,2-0-2-2-2-2-2-2,other
1750,Лунинский муниципальный район,Пензенская область,2,0.875,4,2,0,2,2,2-2-2-2-2-2-2-2,stable
1751,Малосердобинский муниципальный район,Пензенская область,2,0.75,8,1,0,2,2,0-2-2-2-2-2-2-2,other
1752,Мокшанский муниципальный район,Пензенская область,2,0.958,2,0,0,2,2,2-2-2-2-2-2-2-2,stable
1753,Наровчатский муниципальный район,Пензенская область,2,1.0,0,0,0,2,2,2-2-2-2-2-2-2-2,stable
1754,Неверкинский муниципальный район,Пензенская область,0,0.542,10,6,1,0,0,6-0-0-2-0-0-0-2,other
1755,Нижнеломовский муниципальный район,Пензенская область,2,1.0,0,0,0,2,2,2-2-2-2-2-2-2-2,stable
1756,Никольский муниципальный район,Пензенская область,2,1.0,0,0,0,2,2,2-2-2-2-2-2-2-2,stable
1757,Пачелмский муниципальный район,Пензенская область,2,0.958,2,0,0,2,2,2-2-2-2-2-2-2-2,stable
1758,Пензенский муниципальный район,Пензенская область,5,1.0,0,0,0,5,5,5-5-5-5-5-5-5-5,stable
1759,Сердобский муниципальный район,Пензенская область,2,1.0,0,0,0,2,2,2-2-2-2-2-2-2-2,stable
1760,Сосновоборский муниципальный район,Пензенская область,2,0.917,3,0,0,2,2,2-2-2-2-2-2-2-2,stable
1761,Спасский муниципальный район,Пензенская область,2,0.958,1,0,0,2,2,2-2-2-2-2-2-2-2,stable
1762,Тамалинский муниципальный район,Пензенская область,2,1.0,0,0,0,2,2,2-2-2-2-2-2-2-2,stable
1764,городской округ город Псков,Псковская область,5,0.833,6,2,0,5,5,5-3-5-5-5-5-5-5,other
1765,городской округ город Великие Луки,Псковская область,3,0.583,11,3,1,3,3,2-3-3-3-3-3-5-3,other
1766,Бежаницкий муниципальный район,Псковская область,1,0.792,7,1,0,1,1,1-1-1-1-1-1-1-0,other
1768,Гдовский муниципальный район,Псковская область,1,0.792,3,1,1,1,1,0-0-1-1-1-1-1-1,moved
1769,Дедовичский муниципальный район,Псковская область,1,0.792,4,1,1,1,1,1-1-1-1-1-1-1-2,other
1770,Дновский муниципальный район,Псковская область,1,1.0,0,0,0,1,1,1-1-1-1-1-1-1-1,stable
1771,муниципальный округ Красногородский,Псковская область,2,0.625,9,3,1,1,2,1-1-2-1-1-2-2-2,other
1773,муниципальный округ Локнянский,Псковская область,1,0.625,9,5,1,1,2,1-2-1-1-1-2-1-2,other
1774,муниципальный округ Невельский,Псковская область,2,0.75,8,2,2,2,2,2-2-2-2-2-1-1-2,other
1775,муниципальный округ Новоржевский,Псковская область,1,0.875,4,2,0,1,1,1-1-1-1-1-2-1-1,other
1776,Новосокольнический муниципальный район,Псковская область,1,1.0,0,0,0,1,1,1-1-1-1-1-1-1-1,stable
1777,муниципальный округ Опочецкий,Псковская область,1,0.583,6,1,1,1,2,1-1-1-1-1-2-2-2,moved
1778,Островский муниципальный район,Псковская область,1,0.875,4,1,0,1,1,1-1-1-1-1-1-2-1,other
1780,муниципальный округ Печорский,Псковская область,1,0.917,4,0,0,1,1,1-1-1-1-1-1-1-1,stable
1781,Плюсский муниципальный район,Псковская область,1,0.958,1,0,0,1,1,1-1-1-1-1-1-1-1,stable
1782,Порховский муниципальный район,Псковская область,1,0.958,2,0,0,1,1,1-1-1-1-1-1-1-1,stable
1783,Псковский муниципальный район,Псковская область,3,1.0,0,0,0,3,3,3-3-3-3-3-3-3-3,stable
1784,Пустошкинский муниципальный район,Псковская область,2,0.667,12,4,0,2,2,2-2-1-2-2-2-1-2,other
1785,Пушкиногорский муниципальный район,Псковская область,1,0.917,3,0,0,1,1,1-1-1-1-1-1-1-1,stable
1786,муниципальный округ Пыталовский,Псковская область,1,1.0,0,0,0,1,1,1-1-1-1-1-1-1-1,stable
1787,Себежский муниципальный район,Псковская область,1,0.833,8,0,0,1,1,1-1-1-1-1-1-1-1,stable
1788,муниципальный округ Струго-Красненский,Псковская область,1,0.958,2,0,0,1,1,1-1-1-1-1-1-1-1,stable
1845,городской округ город Рязань,Рязанская область,3,1.0,0,0,0,3,3,3-3-3-3-3-3-3-3,stable
1846,городской округ город Касимов,Рязанская область,2,0.875,3,1,0,2,2,1-2-2-2-2-2-2-2,other
1848,городской округ город Скопин,Рязанская область,2,0.958,2,0,0,2,2,2-2-2-2-2-2-2-2,stable
1849,Ермишинский муниципальный район,Рязанская область,2,0.875,4,2,0,2,2,2-2-2-2-0-2-2-2,other
1850,Захаровский муниципальный район,Рязанская область,1,0.958,2,0,0,1,1,1-1-1-1-1-1-1-1,stable
1851,Кадомский муниципальный район,Рязанская область,2,0.875,5,0,0,2,2,2-2-2-2-2-2-2-2,stable
1852,Касимовский муниципальный район,Рязанская область,2,0.583,9,1,1,2,1,2-2-2-2-2-1-1-1,moved
1853,Клепиковский муниципальный район,Рязанская область,2,0.75,10,2,0,2,2,2-2-2-1-2-2-2-2,other
1854,Кораблинский муниципальный район,Рязанская область,1,0.542,12,4,1,1,2,1-2-2-1-2-2-2-1,other
1855,Милославский муниципальный район,Рязанская область,1,0.542,10,5,3,2,1,2-2-1-1-1-2-1-1,other
1856,Михайловский муниципальный район,Рязанская область,2,0.875,4,2,0,2,2,2-2-2-2-2-2-2-2,stable
1857,Александро-Невский муниципальный район,Рязанская область,1,0.583,14,2,1,1,2,1-1-1-1-2-2-1-1,other
1858,Пителинский муниципальный район,Рязанская область,2,0.792,8,0,0,2,2,2-2-2-2-2-2-2-2,stable
1859,Пронский муниципальный район,Рязанская область,2,0.667,7,1,1,1,2,1-1-1-2-2-2-2-2,moved
1860,Путятинский муниципальный округ,Рязанская область,1,0.625,12,6,0,1,1,1-1-1-1-2-2-1-1,other
1861,Рыбновский муниципальный район,Рязанская область,2,0.5,18,1,0,1,2,1-1-1-2-1-2-2-2,other
1862,Ряжский муниципальный округ,Рязанская область,2,0.708,10,2,0,2,2,2-2-2-1-2-2-2-2,other
1863,Рязанский муниципальный район,Рязанская область,3,1.0,0,0,0,3,3,3-3-3-3-3-3-3-3,stable
1864,Сапожковский муниципальный район,Рязанская область,2,0.958,2,0,0,2,2,2-2-2-2-2-2-2-2,stable
1865,Сараевский муниципальный район,Рязанская область,2,0.833,5,1,0,2,2,1-1-2-2-2-2-2-2,moved
1868,Спасский муниципальный район,Рязанская область,2,0.583,13,3,0,2,2,2-1-1-1-2-2-2-1,other
1869,Старожиловский муниципальный район,Рязанская область,1,1.0,0,0,0,1,1,1-1-1-1-1-1-1-1,stable
1870,Ухоловский муниципальный район,Рязанская область,2,1.0,0,0,0,2,2,2-2-2-2-2-2-2-2,stable
1871,Чучковский муниципальный район,Рязанская область,2,0.917,4,0,0,2,2,2-2-2-2-2-2-2-2,stable
1872,Шацкий муниципальный район,Рязанская область,2,0.958,2,0,0,2,2,2-2-2-2-2-2-2-2,stable
1873,Шиловский муниципальный район,Рязанская область,2,0.542,8,4,3,2,2,2-2-1-1-2-2-1-2,other
1874,городской округ Самара,Самарская область,5,1.0,0,0,0,5,5,5-5-5-5-5-5-5-5,stable
1875,городской округ Жигулевск,Самарская область,5,0.625,7,2,1,5,5,4-6-3-5-5-5-5-5,other
1876,городской округ Кинель,Самарская область,3,0.792,2,1,1,3,3,1-3-3-3-3-3-3-3,other
1877,городской округ Новокуйбышевск,Самарская область,3,0.625,8,4,3,3,5,3-3-3-5-5-3-5-3,other
1878,городской округ Октябрьск,Самарская область,1,0.917,2,2,0,1,1,1-1-1-1-2-1-1-1,other
1879,городской округ Отрадный,Самарская область,3,0.792,6,0,0,3,3,1-3-3-3-3-3-3-3,other
1880,городской округ Похвистнево,Самарская область,2,0.958,2,0,0,2,2,2-2-2-2-2-2-2-2,stable
1881,городской округ Сызрань,Самарская область,5,1.0,0,0,0,5,5,5-5-5-5-5-5-5-5,stable
1883,городской округ Чапаевск,Самарская область,2,0.792,5,1,1,2,2,1-2-2-2-2-2-2-2,other
1884,Алексеевский муниципальный район,Самарская область,2,0.583,12,4,0,2,2,2-2-2-2-0-1-2-1,other
1885,Безенчукский муниципальный район,Самарская область,1,0.75,8,2,2,1,1,1-1-1-2-2-1-1-1,other
1886,Богатовский муниципальный район,Самарская область,2,0.542,10,2,1,2,1,1-2-2-2-2-1-1-1,other
1887,Большеглушицкий муниципальный район,Самарская область,2,1.0,0,0,0,2,2,2-2-2-2-2-2-2-2,stable
1888,Большечерниговский муниципальный район,Самарская область,2,0.625,7,1,1,2,1,2-2-2-2-2-1-1-1,moved
1889,Борский муниципальный район,Самарская область,2,0.708,7,2,1,2,2,2-2-2-2-2-2-1-2,other
1890,Волжский муниципальный район,Самарская область,3,1.0,0,0,0,3,3,3-3-3-3-3-3-3-3,stable
1891,Елховский муниципальный район,Самарская область,2,0.792,8,2,0,2,2,2-1-2-2-2-2-2-2,other
1892,Исаклинский муниципальный район,Самарская область,0,0.708,10,2,0,0,0,0-0-0-0-0-0-1-0,other
1893,Камышлинский муниципальный район,Самарская область,2,0.875,4,0,0,2,2,6-2-2-2-2-2-2-2,other
1894,Кинельский муниципальный район,Самарская область,1,0.75,10,2,0,1,1,1-1-1-1-2-1-1-1,other
1895,Кинель-Черкасский муниципальный район,Самарская область,2,0.625,12,1,1,2,2,2-2-2-2-2-2-1-1,moved
1896,Клявлинский муниципальный район,Самарская область,2,0.833,8,0,0,2,2,2-2-2-2-2-2-2-2,stable
1897,Кошкинский муниципальный район,Самарская область,0,0.708,11,2,0,0,0,0-0-0-0-0-2-0-2,other
1898,Красноармейский муниципальный район,Самарская область,2,0.5,9,3,1,2,1,2-2-1-2-2-2-1-1,other
1899,Красноярский муниципальный район,Самарская область,2,0.75,9,2,0,2,2,2-2-2-2-2-1-2-2,other
1900,Нефтегорский муниципальный район,Самарская область,1,0.542,9,3,1,2,1,2-1-2-2-2-1-1-1,other
1901,Пестравский муниципальный район,Самарская область,1,0.583,10,2,2,1,1,1-1-1-2-2-1-1-1,other
1902,Похвистневский муниципальный район,Самарская область,1,0.375,10,4,2,2,1,2-0-2-2-0-1-1-1,other
1903,Приволжский муниципальный район,Самарская область,1,0.75,9,2,0,1,1,1-1-1-1-2-1-1-1,other
1904,Сергиевский муниципальный район,Самарская область,2,0.5,9,5,4,0,2,0-0-2-0-2-2-1-2,other
1905,Ставропольский муниципальный район,Самарская область,3,0.958,2,0,0,3,3,3-3-3-3-3-3-3-3,stable
1906,Сызранский муниципальный район,Самарская область,3,0.708,8,2,0,3,3,2-1-2-3-3-3-3-3,other
1907,Хворостянский муниципальный район,Самарская область,2,0.542,11,1,1,2,1,2-1-2-2-2-1-1-1,other
1908,Челно-Вершинский муниципальный район,Самарская область,2,0.542,11,4,1,0,2,2-0-2-0-0-2-2-2,other
1909,Шенталинский муниципальный район,Самарская область,2,0.958,2,0,0,2,2,2-2-2-2-2-2-2-2,stable
1910,Шигонский муниципальный район,Самарская область,1,0.5,14,1,1,1,2,0-1-1-1-2-2-1-2,other
1912,городской округ город Шиханы,Саратовская область,2,0.667,6,1,1,2,2,1-1-2-2-2-2-2-2,moved
1915,Александрово-Гайский муниципальный район,Саратовская область,2,1.0,0,0,0,2,2,2-2-2-2-2-2-2-2,stable
1916,Аркадакский муниципальный район,Саратовская область,2,1.0,0,0,0,2,2,2-2-2-2-2-2-2-2,stable
1917,Аткарский муниципальный район,Саратовская область,2,1.0,0,0,0,2,2,2-2-2-2-2-2-2-2,stable
1918,Базарно-Карабулакский муниципальный район,Саратовская область,2,0.792,7,2,0,2,2,2-2-2-2-0-2-2-2,other
1919,Балаковский муниципальный район,Саратовская область,5,0.958,2,0,0,5,5,5-5-5-5-5-5-5-5,stable
1920,Балашовский муниципальный район,Саратовская область,2,0.917,3,0,0,2,2,2-2-2-2-2-2-2-2,stable
1921,Балтайский муниципальный район,Саратовская область,2,0.917,4,0,0,2,2,2-2-2-2-2-2-2-2,stable
1922,Вольский муниципальный район,Саратовская область,2,0.75,4,1,1,2,2,1-2-2-2-2-2-2-2,other
1923,Воскресенский муниципальный район,Саратовская область,1,0.667,8,4,2,1,1,1-1-1-1-2-2-1-1,other
1924,Дергачевский муниципальный район,Саратовская область,2,1.0,0,0,0,2,2,2-2-2-2-2-2-2-2,stable
1925,Духовницкий муниципальный район,Саратовская область,0,0.708,6,4,2,0,0,0-0-0-2-0-2-2-0,other
1926,Екатериновский муниципальный район,Саратовская область,2,0.958,2,0,0,2,2,2-2-2-2-2-2-2-2,stable
1927,Ершовский муниципальный район,Саратовская область,2,1.0,0,0,0,2,2,2-2-2-2-2-2-2-2,stable
1928,Ивантеевский муниципальный район,Саратовская область,2,0.875,5,0,0,2,2,2-2-2-2-2-2-2-2,stable
1929,Калининский муниципальный район,Саратовская область,2,1.0,0,0,0,2,2,2-2-2-2-2-2-2-2,stable
1930,Красноармейский муниципальный район,Саратовская область,2,0.833,6,2,0,2,2,2-2-2-1-2-2-2-2,other
1931,Краснокутский муниципальный район,Саратовская область,2,1.0,0,0,0,2,2,2-2-2-2-2-2-2-2,stable
1932,Краснопартизанский муниципальный район,Саратовская область,2,1.0,0,0,0,2,2,2-2-2-2-2-2-2-2,stable
1933,Лысогорский муниципальный район,Саратовская область,2,1.0,0,0,0,2,2,2-2-2-2-2-2-2-2,stable
1934,Марксовский муниципальный район,Саратовская область,2,1.0,0,0,0,2,2,2-2-2-2-2-2-2-2,stable
1935,Новобурасский муниципальный район,Саратовская область,2,0.833,6,2,0,2,2,2-2-2-0-2-2-2-2,other
1936,Новоузенский муниципальный район,Саратовская область,2,0.958,2,0,0,2,2,2-2-2-2-2-2-2-2,stable
1937,Озинский муниципальный район,Саратовская область,2,0.75,5,1,1,2,2,1-1-2-2-2-2-2-2,moved
1938,Перелюбский муниципальный район,Саратовская область,2,0.625,5,1,1,0,2,0-0-2-2-2-2-2-2,moved
1939,Петровский муниципальный район,Саратовская область,2,0.875,5,0,0,2,2,2-2-2-2-2-2-2-2,stable
1940,Питерский муниципальный район,Саратовская область,2,1.0,0,0,0,2,2,2-2-2-2-2-2-2-2,stable
1941,Пугачевский муниципальный район,Саратовская область,2,1.0,0,0,0,2,2,2-2-2-2-2-2-2-2,stable
1942,Ровенский муниципальный район,Саратовская область,2,0.833,6,2,0,2,2,2-2-2-1-2-2-1-2,other
1943,Романовский муниципальный район,Саратовская область,2,0.917,4,0,0,2,2,2-2-2-2-2-2-2-2,stable
1944,Ртищевский муниципальный район,Саратовская область,2,0.958,2,0,0,2,2,2-2-2-2-2-2-2-2,stable
1945,Самойловский муниципальный район,Саратовская область,2,1.0,0,0,0,2,2,2-2-2-2-2-2-2-2,stable
1947,Советский муниципальный район,Саратовская область,1,0.833,8,0,0,1,1,1-1-1-1-1-1-1-1,stable
1948,Татищевский муниципальный район,Саратовская область,0,0.958,2,0,0,0,0,0-0-0-0-0-0-0-0,stable
1949,Турковский муниципальный район,Саратовская область,2,1.0,0,0,0,2,2,2-2-2-2-2-2-2-2,stable
1950,Федоровский муниципальный район,Саратовская область,2,0.417,19,1,0,1,2,1-0-2-2-2-2-2-2,other
1951,Хвалынский муниципальный район,Саратовская область,2,0.708,11,1,0,2,2,1-1-2-2-2-2-2-2,moved
1952,Энгельсский муниципальный район,Саратовская область,5,1.0,0,0,0,5,5,5-5-5-5-5-5-5-5,stable
1954,городской округ Александровск-Сахалинский район,Сахалинская область,4,0.917,4,0,0,4,4,4-4-4-4-4-4-4-4,stable
1955,городской округ Анивский,Сахалинская область,4,0.875,4,2,0,4,4,4-4-4-6-4-4-4-4,other
1956,городской округ Долинский,Сахалинская область,4,0.875,4,2,0,4,4,4-4-4-6-4-4-4-4,other
1957,городской округ Корсаковский,Сахалинская область,4,1.0,0,0,0,4,4,4-4-4-4-4-4-4-4,stable
1958,городской округ Курильский,Сахалинская область,4,1.0,0,0,0,4,4,4-4-4-4-4-4-4-4,stable
1959,городской округ Макаровский,Сахалинская область,4,0.875,4,2,0,4,4,4-4-4-6-4-4-4-4,other
1960,городской округ Невельский,Сахалинская область,4,0.875,4,2,0,4,4,4-4-4-6-4-4-4-4,other
1961,городской округ Ногликский,Сахалинская область,4,1.0,0,0,0,4,4,4-4-4-4-4-4-4-4,stable
1962,городской округ Охинский,Сахалинская область,4,1.0,0,0,0,4,4,4-4-4-4-4-4-4-4,stable
1963,городской округ Поронайский,Сахалинская область,4,0.875,4,2,0,4,4,4-4-4-6-4-4-4-4,other
1965,городской округ Смирныховский,Сахалинская область,4,0.5,10,4,2,0,4,4-0-0-6-4-0-6-4,other
1966,городской округ Томаринский,Сахалинская область,0,0.5,11,4,1,0,4,4-0-0-0-4-0-4-4,other
1967,городской округ Тымовский,Сахалинская область,4,0.875,4,2,0,4,4,4-4-4-6-4-4-4-4,other
1968,городской округ Углегорский,Сахалинская область,4,1.0,0,0,0,4,4,4-4-4-4-4-4-4-4,stable
1969,городской округ Холмский,Сахалинская область,4,0.875,4,2,0,4,4,4-4-4-6-4-4-4-4,other
1970,городской округ Южно-Курильский,Сахалинская область,4,1.0,0,0,0,4,4,4-4-4-4-4-4-4-4,stable
1971,городской округ город Екатеринбург,Свердловская область,5,0.958,2,0,0,5,5,5-5-5-5-5-5-5-5,stable
1972,городской округ город Алапаевск,Свердловская область,4,0.958,2,0,0,4,4,4-4-4-4-4-4-4-4,stable
1973,городской округ Артемовский,Свердловская область,4,0.667,9,4,0,4,4,4-4-0-4-4-4-0-4,other
1974,городской округ Асбестовский,Свердловская область,5,0.625,7,1,1,4,5,4-4-4-6-5-5-5-5,other
1975,городской округ Малышевский,Свердловская область,1,0.708,8,1,0,1,1,4-4-1-1-1-1-1-1,moved
1976,городской округ Рефтинский,Свердловская область,1,0.917,1,1,0,1,1,4-1-1-1-1-1-1-1,other
1977,городской округ Березовский,Свердловская область,5,0.958,2,0,0,5,5,5-5-5-5-5-5-5-5,stable
1978,городской округ Богданович,Свердловская область,4,0.958,2,0,0,4,4,4-4-4-4-4-4-4-4,stable
1979,городской округ Верхняя Пышма,Свердловская область,5,0.958,2,0,0,5,5,5-5-5-5-5-5-5-5,stable
1980,городской округ Среднеуральск,Свердловская область,5,0.417,14,3,0,5,4,5-3-5-5-5-2-4-4,other
1981,городской округ Верхнесалдинский,Свердловская область,4,0.958,2,0,0,4,4,4-4-4-4-4-4-4-4,stable
1982,городской округ Заречный,Свердловская область,5,0.458,10,3,3,5,2,5-6-5-2-5-5-2-2,other
1983,городской округ Ивдельский,Свердловская область,1,0.958,2,0,0,1,1,1-1-1-1-1-1-1-1,stable
1984,городской округ Пелым,Свердловская область,1,1.0,0,0,0,1,1,1-1-1-1-1-1-1-1,stable
1985,городской округ город Ирбит,Свердловская область,4,0.667,6,6,4,4,4,4-4-4-6-4-4-6-4,other
1986,городской округ город Каменск-Уральский,Свердловская область,5,0.958,2,0,0,5,5,5-5-5-5-5-5-5-5,stable
1987,городской округ Камышловский,Свердловская область,4,0.667,9,5,0,6,4,6-4-4-6-4-4-4-4,other
1988,городской округ Карпинск,Свердловская область,1,0.917,4,0,0,1,1,1-1-1-1-1-1-1-1,stable
1989,городской округ Волчанский,Свердловская область,1,0.958,2,0,0,1,1,1-1-1-1-1-1-1-1,stable
1990,городской округ Качканарский,Свердловская область,4,0.958,2,0,0,4,4,4-4-4-4-4-4-4-4,stable
1991,городской округ Кировградский,Свердловская область,4,0.75,8,2,1,4,4,4-4-4-4-4-4-1-4,other
1992,городской округ Верхний Тагил,Свердловская область,4,0.458,11,3,3,4,1,4-6-1-4-4-4-1-1,other
1993,городской округ Краснотурьинск,Свердловская область,4,0.792,6,4,0,4,4,4-4-4-4-4-5-5-4,other
1994,городской округ Красноуральск,Свердловская область,1,0.917,4,0,0,1,1,1-1-1-1-1-1-1-1,stable
1995,городской округ Красноуфимск,Свердловская область,5,0.625,9,5,0,6,5,6-5-6-6-5-5-5-5,other
1996,городской округ Кушвинский,Свердловская область,1,0.667,7,1,1,4,1,4-4-1-1-1-1-1-1,moved
1997,городской округ Верхняя Тура,Свердловская область,1,1.0,0,0,0,1,1,1-1-1-1-1-1-1-1,stable
1999,городской округ Невьянский,Свердловская область,4,0.833,2,1,1,4,4,5-4-4-4-4-4-4-4,other
2000,городской округ город Нижний Тагил,Свердловская область,5,0.958,2,0,0,5,5,5-5-5-5-5-5-5-5,stable
2001,городской округ Нижняя Салда,Свердловская область,1,0.708,6,1,1,1,1,4-6-1-1-1-1-1-1,other
2002,городской округ Нижнетуринский,Свердловская область,4,0.625,7,3,1,4,1,4-4-4-4-1-4-1-1,other
2004,городской округ Первоуральск,Свердловская область,5,0.958,2,0,0,5,5,5-5-5-5-5-5-5-5,stable
2005,городской округ Полевской,Свердловская область,4,0.458,12,4,1,4,5,4-6-4-4-5-5-5-3,other
2006,городской округ Ревда,Свердловская область,5,0.833,6,2,0,5,5,5-5-4-5-5-5-5-5,other
2007,городской округ Дегтярск,Свердловская область,1,1.0,0,0,0,1,1,1-1-1-1-1-1-1-1,stable
2008,городской округ Режевской,Свердловская область,4,1.0,0,0,0,4,4,4-4-4-4-4-4-4-4,stable
2009,городской округ Североуральский,Свердловская область,1,0.833,5,1,0,1,1,4-6-1-1-1-1-1-1,other
2010,городской округ Серовский,Свердловская область,5,0.5,7,1,1,4,5,4-4-4-6-5-5-5-5,other
2011,городской округ Сухой Лог,Свердловская область,4,0.958,2,0,0,4,4,4-4-4-4-4-4-4-4,stable
2012,городской округ Тавдинский,Свердловская область,4,0.375,11,4,2,4,1,4-4-0-0-1-4-1-1,other
2015,городской округ Алапаевское,Свердловская область,1,0.625,14,1,0,1,1,0-0-1-1-1-1-1-1,moved
2017,городской округ Артинский,Свердловская область,0,1.0,0,0,0,0,0,0-0-0-0-0-0-0-0,stable
2018,городской округ Ачитский,Свердловская область,1,0.542,13,1,1,0,1,0-4-0-1-1-1-1-1,other
2019,городской округ Белоярский,Свердловская область,1,0.625,11,1,1,1,1,6-1-1-6-6-1-1-1,other
2021,городской округ Верхотурский,Свердловская область,1,0.792,9,0,0,1,1,0-1-1-1-1-1-1-1,other
2022,городской округ Гаринский,Свердловская область,0,0.958,2,0,0,0,0,0-0-0-0-0-0-0-0,stable
2023,городской округ Ирбитское,Свердловская область,1,0.625,9,4,2,1,1,1-1-1-0-1-0-1-6,other
2024,городской округ Каменский,Свердловская область,5,0.667,14,0,0,5,5,5-5-6-5-5-5-5-5,other
2025,городской округ Красноуфимский округ,Свердловская область,6,0.792,7,2,0,6,6,6-6-6-6-6-6-6-6,stable
2027,городской округ Бисертский,Свердловская область,1,1.0,0,0,0,1,1,1-1-1-1-1-1-1-1,stable
2028,городской округ Новолялинский,Свердловская область,1,0.75,10,0,0,1,1,4-1-1-1-1-1-1-1,other
2030,городской округ Пышминский,Свердловская область,0,0.625,10,3,1,0,0,4-0-0-0-1-0-0-0,other
2031,городской округ Сосьвинский,Свердловская область,1,1.0,0,0,0,1,1,1-1-1-1-1-1-1-1,stable
2032,городской округ Сысертский,Свердловская область,5,0.917,4,0,0,5,5,5-5-5-5-5-5-5-5,stable
2033,городской округ Арамильский,Свердловская область,5,0.958,2,0,0,5,5,5-5-5-5-5-5-5-5,stable
2034,городской округ Талицкий,Свердловская область,0,0.458,10,4,1,4,0,4-4-0-6-4-0-0-0,other
2035,городской округ Тугулымский,Свердловская область,0,0.583,14,4,0,0,1,0-0-1-0-1-1-0-0,other
2036,городской округ Туринский,Свердловская область,0,0.542,14,3,1,0,0,0-1-1-0-0-0-1-0,other
2037,городской округ Шалинский,Свердловская область,0,0.958,2,0,0,0,0,0-0-0-0-0-0-0-0,stable
2039,Байкаловский муниципальный район,Свердловская область,1,0.958,2,0,0,1,1,1-1-1-1-1-1-1-1,stable
2040,Камышловский муниципальный район,Свердловская область,4,0.917,4,0,0,4,4,4-4-4-4-4-4-4-4,stable
2041,Слободо-Туринский муниципальный район,Свердловская область,1,0.625,10,3,2,1,1,6-1-1-0-1-1-1-1,other
2042,Нижнесергинский муниципальный район,Свердловская область,1,0.917,3,0,0,1,1,0-1-1-1-1-1-1-1,other
2043,Таборинский муниципальный район,Свердловская область,0,0.75,6,2,2,0,0,0-0-0-0-0-2-2-0,other
2044,городской округ город Смоленск,Смоленская область,3,0.75,6,4,2,3,3,3-3-5-3-3-3-5-3,other
2045,городской округ город Десногорск,Смоленская область,1,0.833,3,3,0,1,1,1-1-1-1-1-1-4-1,other
2046,Велижский муниципальный район,Смоленская область,1,0.792,10,0,0,1,1,1-1-1-1-1-1-1-1,stable
2047,Вяземский муниципальный район,Смоленская область,3,0.5,7,2,2,1,3,1-1-2-3-3-3-3-3,other
2048,Гагаринский муниципальный район,Смоленская область,2,0.583,12,1,1,2,2,1-1-2-2-2-2-2-2,moved
2049,Глинковский муниципальный район,Смоленская область,1,0.542,17,2,0,1,1,1-1-1-2-1-2-1-0,other
2050,Демидовский муниципальный район,Смоленская область,1,0.625,12,3,0,1,1,0-2-1-1-2-2-1-1,other
2051,Дорогобужский муниципальный район,Смоленская область,1,1.0,0,0,0,1,1,1-1-1-1-1-1-1-1,stable
2052,Духовщинский муниципальный район,Смоленская область,1,0.708,10,4,0,1,1,1-1-2-1-1-1-2-1,other
2053,Ельнинский муниципальный район,Смоленская область,1,0.708,12,2,0,1,1,1-2-1-1-1-1-1-1,other
2054,Ершичский муниципальный район,Смоленская область,0,0.958,2,0,0,0,0,0-0-0-0-0-0-0-0,stable
2055,Кардымовский муниципальный район,Смоленская область,1,0.958,2,0,0,1,1,1-1-1-1-1-1-1-1,stable
2056,Краснинский муниципальный район,Смоленская область,2,0.583,12,6,0,2,2,2-1-2-0-2-2-1-2,other
2057,Монастырщинский муниципальный район,Смоленская область,0,0.958,2,0,0,0,0,0-0-0-0-0-0-0-0,stable
2058,Новодугинский муниципальный район,Смоленская область,1,0.667,12,2,2,1,1,1-1-1-2-1-2-1-1,other
2059,Починковский муниципальный район,Смоленская область,1,0.917,4,0,0,1,1,1-1-1-1-1-1-1-1,stable
2060,Рославльский муниципальный район,Смоленская область,1,0.667,4,2,1,1,0,1-1-1-1-1-0-0-1,other
2061,Руднянский муниципальный район,Смоленская область,2,0.792,5,2,2,2,2,2-2-2-2-2-1-2-2,other
2062,Сафоновский муниципальный район,Смоленская область,1,0.875,5,0,0,1,1,1-6-1-1-1-1-1-1,other
2063,Смоленский муниципальный район,Смоленская область,3,1.0,0,0,0,3,3,3-3-3-3-3-3-3-3,stable
2064,Сычевский муниципальный район,Смоленская область,1,0.917,4,0,0,1,1,1-1-1-1-1-1-1-1,stable
2065,Темкинский муниципальный район,Смоленская область,2,0.667,10,2,0,2,2,1-2-2-2-2-2-2-1,other
2066,Угранский муниципальный район,Смоленская область,1,0.917,4,0,0,1,1,1-1-1-1-1-1-1-1,stable
2067,Хиславичский муниципальный район,Смоленская область,2,0.708,4,4,4,2,2,2-2-1-1-2-2-1-2,other
2068,Холм-Жирковский муниципальный район,Смоленская область,2,0.542,11,1,1,1,2,1-1-1-1-2-2-2-2,moved
2069,Шумячский муниципальный район,Смоленская область,0,0.583,12,3,1,0,0,2-0-2-0-1-0-0-0,other
2070,Ярцевский муниципальный район,Смоленская область,1,0.958,2,0,0,1,1,1-1-1-1-1-1-1-1,stable
2072,городской округ город Кирсанов,Тамбовская область,2,1.0,0,0,0,2,2,2-2-2-2-2-2-2-2,stable
2073,городской округ город Котовск,Тамбовская область,2,0.542,12,4,2,2,2,1-1-2-2-2-1-2-1,other
2074,городской округ город Мичуринск,Тамбовская область,2,0.667,7,5,0,2,3,2-3-2-2-3-3-2-3,other
2075,городской округ город Моршанск,Тамбовская область,2,1.0,0,0,0,2,2,2-2-2-2-2-2-2-2,stable
2076,городской округ город Рассказово,Тамбовская область,2,1.0,0,0,0,2,2,2-2-2-2-2-2-2-2,stable
2077,городской округ город Уварово,Тамбовская область,2,1.0,0,0,0,2,2,2-2-2-2-2-2-2-2,stable
2078,Бондарский муниципальный округ,Тамбовская область,0,0.792,6,4,0,0,0,0-0-0-0-0-2-2-0,other
2079,Гавриловский муниципальный округ,Тамбовская область,2,1.0,0,0,0,2,2,2-2-2-2-2-2-2-2,stable
2080,Жердевский муниципальный округ,Тамбовская область,2,0.958,2,0,0,2,2,2-2-2-2-2-2-2-2,stable
2081,Знаменский муниципальный округ,Тамбовская область,2,0.708,11,1,0,2,2,2-2-2-2-2-2-1-1,moved
2082,Инжавинский муниципальный округ,Тамбовская область,2,1.0,0,0,0,2,2,2-2-2-2-2-2-2-2,stable
2085,Мордовский муниципальный округ,Тамбовская область,2,1.0,0,0,0,2,2,2-2-2-2-2-2-2-2,stable
2087,Мучкапский муниципальный округ,Тамбовская область,2,1.0,0,0,0,2,2,2-2-2-2-2-2-2-2,stable
2088,Никифоровский муниципальный округ,Тамбовская область,2,1.0,0,0,0,2,2,2-2-2-2-2-2-2-2,stable
2089,Первомайский муниципальный округ,Тамбовская область,2,0.875,4,2,0,2,2,2-2-2-1-2-2-2-2,other
2090,Петровский муниципальный округ,Тамбовская область,2,0.917,4,0,0,2,2,2-2-2-2-2-2-2-2,stable
2091,Пичаевский муниципальный округ,Тамбовская область,2,0.958,2,0,0,2,2,2-2-2-2-2-2-2-2,stable
2093,Ржаксинский муниципальный округ,Тамбовская область,2,1.0,0,0,0,2,2,2-2-2-2-2-2-2-2,stable
2094,Сампурский муниципальный округ,Тамбовская область,1,0.583,16,1,0,1,1,2-2-1-1-1-1-1-1,moved
2095,Сосновский муниципальный округ,Тамбовская область,2,0.958,2,0,0,2,2,2-2-2-2-2-2-2-2,stable
2096,Староюрьевский муниципальный округ,Тамбовская область,2,0.958,2,0,0,2,2,2-2-2-2-2-2-2-2,stable
2098,Токарёвский муниципальный округ,Тамбовская область,2,1.0,0,0,0,2,2,2-2-2-2-2-2-2-2,stable
2100,Умётский муниципальный округ,Тамбовская область,2,0.708,9,3,0,2,2,1-2-2-1-2-2-2-2,other
2101,городской округ город Тверь,Тверская область,3,1.0,0,0,0,3,3,3-3-3-3-3-3-3-3,stable
2105,городской округ Осташковский,Тверская область,2,0.542,14,1,1,1,2,1-1-2-2-2-2-2-2,moved
2108,городской округ город Торжок,Тверская область,2,0.667,9,1,1,2,2,1-1-2-2-2-2-2-2,moved
2109,городской округ Удомельский,Тверская область,1,0.833,8,0,0,1,1,1-1-1-1-1-1-1-1,stable
2110,муниципальный округ Андреапольский,Тверская область,1,0.542,14,1,1,1,2,1-1-1-1-2-2-2-2,moved
2111,муниципальный округ Бежецкий,Тверская область,2,0.542,14,1,1,1,2,1-1-2-2-2-2-2-2,moved
2112,муниципальный округ Бельский,Тверская область,1,0.75,8,3,0,1,1,1-1-1-1-2-1-1-2,other
2113,муниципальный округ Бологовский,Тверская область,2,0.625,14,1,0,2,2,1-1-2-2-2-2-2-2,moved
2114,муниципальный округ Весьегонский,Тверская область,1,0.833,8,0,0,1,1,1-1-1-1-1-1-1-1,stable
2116,муниципальный округ Жарковский,Тверская область,2,0.667,13,1,0,2,2,1-1-2-2-2-2-2-2,moved
2117,муниципальный округ Западнодвинский,Тверская область,2,0.5,12,3,1,1,2,1-1-1-2-2-2-1-2,other
2118,муниципальный округ Зубцовский,Тверская область,1,0.667,14,2,0,1,1,1-1-1-1-2-2-1-1,other
2119,муниципальный округ Калининский,Тверская область,3,1.0,0,0,0,3,3,3-3-3-3-3-3-3-3,stable
2120,муниципальный округ Калязинский,Тверская область,1,0.667,14,2,0,1,1,1-1-1-1-2-2-1-1,other
2121,городской округ Кашинский,Тверская область,2,0.75,9,1,0,2,2,1-2-2-2-2-2-2-2,other
2122,муниципальный округ Кесовогорский,Тверская область,1,0.625,14,3,0,1,2,1-1-1-1-2-2-1-2,other
2124,муниципальный округ Конаковский,Тверская область,2,0.75,9,1,0,2,2,1-1-2-2-2-2-2-2,moved
2125,муниципальный округ Краснохолмский,Тверская область,2,0.542,12,4,1,2,2,1-2-1-2-2-2-2-1,other
2126,муниципальный округ Кувшиновский,Тверская область,1,0.75,8,2,2,1,1,1-1-1-2-2-1-1-1,other
2127,муниципальный округ Лесной,Тверская область,0,0.542,6,3,1,0,2,0-0-0-0-0-2-2-2,moved
2128,муниципальный округ Лихославльский,Тверская область,1,0.917,4,0,0,1,1,1-1-1-1-1-1-1-1,stable
2129,муниципальный округ Максатихинский,Тверская область,2,0.542,12,5,2,2,2,1-2-2-1-1-2-1-2,other
2130,муниципальный округ Молоковский,Тверская область,1,0.75,11,0,0,1,1,6-1-1-1-1-1-1-1,other
2131,городской округ Нелидовский,Тверская область,1,1.0,0,0,0,1,1,1-1-1-1-1-1-1-1,stable
2132,муниципальный округ Оленинский,Тверская область,1,0.875,6,0,0,1,1,1-1-1-1-1-1-1-1,stable
2133,муниципальный округ Пеновский,Тверская область,2,0.625,10,1,1,2,2,1-1-2-2-2-2-2-2,moved
2134,муниципальный округ Рамешковский,Тверская область,1,1.0,0,0,0,1,1,1-1-1-1-1-1-1-1,stable
2136,муниципальный округ Сандовский,Тверская область,1,0.792,8,1,0,1,1,1-1-1-1-1-1-6-1,other
2137,муниципальный округ Селижаровский,Тверская область,2,0.542,15,1,0,1,2,1-1-1-1-2-2-2-2,moved
2138,муниципальный округ Сонковский,Тверская область,1,0.917,4,0,0,1,1,1-1-1-1-1-1-1-1,stable
2139,муниципальный округ Спировский,Тверская область,1,0.75,11,0,0,1,1,1-1-1-2-1-1-1-1,other
2140,муниципальный округ Старицкий,Тверская область,1,0.542,12,4,2,1,2,1-2-1-1-2-2-1-1,other
2142,муниципальный округ Торопецкий,Тверская область,2,0.875,2,1,0,2,2,1-2-2-2-2-2-2-2,other
2143,муниципальный округ Фировский,Тверская область,2,0.5,11,5,2,1,2,1-2-1-1-2-2-1-2,other
2144,городской округ город Томск,Томская область,5,0.958,2,0,0,5,5,5-5-5-5-5-5-5-5,stable
2145,городской округ город Кедровый,Томская область,1,1.0,0,0,0,1,1,1-1-1-1-1-1-1-1,stable
2146,городской округ город Стрежевой,Томская область,4,0.958,2,0,0,4,4,4-4-4-4-4-4-4-4,stable
2148,Александровский муниципальный район,Томская область,4,0.958,2,0,0,4,4,4-4-4-4-4-4-4-4,stable
2149,Асиновский муниципальный район,Томская область,0,1.0,0,0,0,0,0,0-0-0-0-0-0-0-0,stable
2150,Бакчарский муниципальный район,Томская область,0,0.792,8,1,0,0,0,0-0-0-0-0-1-0-1,other
2151,Верхнекетский муниципальный район,Томская область,1,0.792,9,0,0,1,1,1-1-1-1-1-1-1-1,stable
2152,Зырянский муниципальный район,Томская область,0,0.708,8,2,1,1,0,0-0-1-0-0-0-0-0,other
2153,Каргасокский муниципальный район,Томская область,2,0.5,17,1,0,2,2,4-6-4-2-4-4-2-2,other
2154,Кожевниковский муниципальный район,Томская область,0,0.958,2,0,0,0,0,0-0-0-0-0-0-0-0,stable
2155,Колпашевский муниципальный район,Томская область,4,0.625,10,3,0,4,4,4-4-4-0-4-1-6-6,other
2156,Кривошеинский муниципальный район,Томская область,0,0.625,10,4,2,0,0,0-0-1-0-0-0-1-0,other
2157,Молчановский муниципальный район,Томская область,0,0.792,6,2,1,0,0,0-0-0-0-0-0-1-0,other
2158,Парабельский муниципальный район,Томская область,1,1.0,0,0,0,1,1,1-1-1-1-1-1-1-1,stable
2159,Первомайский муниципальный район,Томская область,0,1.0,0,0,0,0,0,0-0-0-0-0-0-0-0,stable
2160,Тегульдетский муниципальный район,Томская область,1,0.958,2,0,0,1,1,1-1-1-1-1-1-1-1,stable
2161,Томский муниципальный район,Томская область,5,0.958,2,0,0,5,5,5-5-5-5-5-5-5-5,stable
2162,Чаинский муниципальный район,Томская область,1,0.708,10,2,0,1,1,1-1-1-1-1-2-1-6,other
2163,Шегарский муниципальный район,Томская область,0,1.0,0,0,0,0,0,0-0-0-0-0-0-0-0,stable
2164,городской округ город Тула,Тульская область,3,1.0,0,0,0,3,3,3-3-3-3-3-3-3-3,stable
2165,городской округ город Алексин,Тульская область,3,0.792,2,1,1,3,3,1-3-3-3-3-3-3-3,other
2167,городской округ город Донской,Тульская область,3,0.667,4,2,2,3,3,1-2-3-3-3-3-3-3,other
2168,городской округ город Ефремов,Тульская область,2,0.917,1,1,0,2,2,1-2-2-2-2-2-2-2,other
2169,городской округ город Новомосковск,Тульская область,3,1.0,0,0,0,3,3,3-3-3-3-3-3-3-3,stable
2171,Арсеньевский муниципальный район,Тульская область,2,0.708,12,2,0,2,2,2-2-2-2-2-2-1-2,other
2172,Белевский муниципальный район,Тульская область,2,1.0,0,0,0,2,2,2-2-2-2-2-2-2-2,stable
2173,Богородицкий муниципальный район,Тульская область,2,0.958,2,0,0,2,2,2-2-2-2-2-2-2-2,stable
2174,Веневский муниципальный район,Тульская область,1,0.667,14,2,0,1,1,1-1-1-1-2-1-1-1,other
2175,Воловский муниципальный район,Тульская область,2,0.833,5,1,0,2,2,1-1-2-2-2-2-2-2,moved
2176,Дубенский муниципальный район,Тульская область,1,0.875,4,2,0,1,1,1-1-1-1-2-1-1-1,other
2177,Заокский муниципальный район,Тульская область,2,0.583,10,3,1,2,2,1-1-2-2-2-2-3-2,other
2178,Каменский муниципальный район,Тульская область,2,0.625,11,1,1,1,2,1-1-2-2-2-2-2-2,moved
2179,Кимовский муниципальный район,Тульская область,2,0.792,9,0,0,2,2,2-1-2-2-2-2-2-2,other
2180,Киреевский муниципальный район,Тульская область,1,0.583,14,2,1,1,2,1-1-1-1-2-2-2-1,other
2181,Куркинский муниципальный район,Тульская область,2,0.667,8,1,1,2,2,1-2-2-2-2-2-2-2,other
2182,Одоевский муниципальный район,Тульская область,2,0.583,14,2,0,2,2,1-1-2-2-2-2-2-1,other
2183,Плавский муниципальный район,Тульская область,1,0.708,12,2,0,1,1,1-1-1-1-1-1-1-1,stable
2184,Суворовский муниципальный район,Тульская область,2,0.875,4,0,0,2,2,2-2-2-2-2-2-2-2,stable
2185,Тепло-Огаревский муниципальный район,Тульская область,2,0.833,6,2,0,2,2,2-2-2-2-2-2-2-2,stable
2186,Узловский муниципальный район,Тульская область,3,0.833,1,1,1,3,3,1-3-3-3-3-3-3-3,other
2187,Чернский муниципальный район,Тульская область,1,0.958,2,0,0,1,1,1-1-1-1-1-1-1-1,stable
2188,Щекинский муниципальный район,Тульская область,3,0.833,1,1,1,3,3,1-3-3-3-3-3-3-3,other
2189,Ясногорский муниципальный район,Тульская область,1,0.583,14,1,1,1,2,1-1-1-1-1-2-2-2,moved
2190,городской округ город Тюмень,Тюменская область,5,0.958,2,0,0,5,5,5-5-5-5-5-5-5-5,stable
2191,городской округ Заводоуковский,Тюменская область,6,0.875,4,2,0,6,6,6-6-6-6-6-4-6-6,other
2192,городской округ город Ишим,Тюменская область,6,0.417,13,2,2,6,5,4-6-6-6-6-4-6-5,other
2193,городской округ город Тобольск,Тюменская область,5,0.958,2,0,0,5,5,5-5-5-5-5-5-5-5,stable
2194,городской округ город Ялуторовск,Тюменская область,6,0.708,8,2,0,6,6,6-6-6-6-6-4-6-5,other
2195,Абатский муниципальный район,Тюменская область,6,0.75,8,2,0,6,6,6-6-6-6-6-0-6-6,other
2196,Армизонский муниципальный район,Тюменская область,2,0.917,3,0,0,2,2,2-2-2-2-2-2-2-2,stable
2197,Аромашевский муниципальный район,Тюменская область,0,0.625,11,3,2,0,0,0-0-6-0-0-0-0-6,other
2198,Бердюжский муниципальный район,Тюменская область,1,0.625,9,3,0,1,1,1-1-1-0-6-1-1-6,other
2199,Вагайский муниципальный район,Тюменская область,6,0.417,12,4,3,6,1,6-4-6-6-6-4-6-1,other
2200,Викуловский муниципальный район,Тюменская область,1,0.417,9,2,2,1,6,0-0-1-1-6-1-1-6,other
2201,городской округ Голышмановский,Тюменская область,6,0.75,7,2,2,6,6,6-6-6-6-6-0-6-6,other
2202,Исетский муниципальный район,Тюменская область,6,0.667,11,4,0,6,6,6-4-6-6-6-4-6-6,other
2203,Ишимский муниципальный район,Тюменская область,6,0.917,4,0,0,6,6,6-6-6-6-6-6-6-6,stable
2204,Казанский муниципальный район,Тюменская область,1,0.917,4,0,0,1,1,1-1-1-1-1-1-1-1,stable
2205,Нижнетавдинский муниципальный район,Тюменская область,0,0.875,4,1,0,0,0,0-0-0-0-0-0-0-1,other
2206,Омутинский муниципальный район,Тюменская область,0,0.5,11,5,2,6,0,6-0-6-0-0-0-1-0,other
2207,Сладковский муниципальный район,Тюменская область,1,0.667,7,2,1,1,1,0-2-1-1-1-1-1-1,other
2208,Сорокинский муниципальный район,Тюменская область,6,0.792,8,2,0,6,6,6-6-6-6-6-1-6-6,other
2210,Тюменский муниципальный район,Тюменская область,3,0.583,5,3,3,3,5,3-3-3-5-3-3-5-5,other
2211,Уватский муниципальный район,Тюменская область,1,1.0,0,0,0,1,1,1-1-1-1-1-1-1-1,stable
2212,Упоровский муниципальный район,Тюменская область,0,0.917,4,0,0,0,0,0-0-0-0-0-0-0-0,stable
2213,Юргинский муниципальный район,Тюменская область,1,0.625,6,3,1,1,1,2-2-1-1-0-1-1-1,other
2215,Ярковский муниципальный район,Тюменская область,0,0.583,8,5,1,0,0,6-4-0-0-1-0-0-6,other
2216,городской округ город Ханты-Мансийск,Ханты-Мансийский автономный округ — Югра,5,0.458,13,4,2,5,5,5-6-4-6-5-5-4-3,other
2217,городской округ город Когалым,Ханты-Мансийский автономный округ — Югра,4,0.917,4,0,0,4,4,4-4-4-4-4-4-4-4,stable
2218,городской округ город Лангепас,Ханты-Мансийский автономный округ — Югра,4,0.958,2,0,0,4,4,4-4-4-4-4-4-4-4,stable
2219,городской округ город Мегион,Ханты-Мансийский автономный округ — Югра,4,0.958,2,0,0,4,4,4-4-4-4-4-4-4-4,stable
2220,городской округ город Нефтеюганск,Ханты-Мансийский автономный округ — Югра,4,0.917,4,0,0,4,4,4-4-4-4-4-4-4-4,stable
2221,городской округ город Нижневартовск,Ханты-Мансийский автономный округ — Югра,4,0.875,6,0,0,4,4,4-4-4-4-4-4-4-4,stable
2222,городской округ город Нягань,Ханты-Мансийский автономный округ — Югра,4,0.958,2,0,0,4,4,4-4-4-4-4-4-4-4,stable
2223,городской округ город Покачи,Ханты-Мансийский автономный округ — Югра,4,0.958,2,0,0,4,4,4-4-4-4-4-4-4-4,stable
2224,городской округ город Пыть-Ях,Ханты-Мансийский автономный округ — Югра,4,0.958,2,0,0,4,4,4-4-4-4-4-4-4-4,stable
2225,городской округ город Радужный,Ханты-Мансийский автономный округ — Югра,4,0.958,2,0,0,4,4,4-4-4-4-4-4-4-4,stable
2226,городской округ город Сургут,Ханты-Мансийский автономный округ — Югра,5,0.542,8,3,2,4,5,5-4-4-5-5-5-5-3,other
2227,городской округ город Урай,Ханты-Мансийский автономный округ — Югра,4,0.958,2,0,0,4,4,4-4-4-4-4-4-4-4,stable
2228,городской округ город Югорск,Ханты-Мансийский автономный округ — Югра,4,0.958,2,0,0,4,4,4-4-4-4-4-4-4-4,stable
2229,Белоярский муниципальный район,Ханты-Мансийский автономный округ — Югра,4,0.958,2,0,0,4,4,4-4-4-4-4-4-4-4,stable
2230,Березовский муниципальный район,Ханты-Мансийский автономный округ — Югра,4,1.0,0,0,0,4,4,4-4-4-4-4-4-4-4,stable
2231,Кондинский муниципальный район,Ханты-Мансийский автономный округ — Югра,4,0.792,5,1,1,4,4,4-4-4-4-4-4-4-6,other
2232,Нефтеюганский муниципальный район,Ханты-Мансийский автономный округ — Югра,4,0.958,2,0,0,4,4,4-4-4-4-4-4-4-4,stable
2233,Нижневартовский муниципальный район,Ханты-Мансийский автономный округ — Югра,4,0.958,2,0,0,4,4,4-4-4-4-4-4-4-4,stable
2234,Октябрьский муниципальный район,Ханты-Мансийский автономный округ — Югра,4,0.75,7,4,0,4,4,4-4-4-4-4-1-4-4,other
2235,Советский муниципальный район,Ханты-Мансийский автономный округ — Югра,4,0.958,2,0,0,4,4,4-4-4-4-4-4-4-4,stable
2236,Сургутский муниципальный район,Ханты-Мансийский автономный округ — Югра,4,0.917,4,0,0,4,4,4-4-4-4-4-4-4-4,stable
2237,Ханты-Мансийский муниципальный район,Ханты-Мансийский автономный округ — Югра,6,0.625,10,1,1,6,6,4-6-6-6-6-6-6-6,other
2238,городской округ город Салехард,Ямало-Ненецкий автономный округ,4,0.958,2,0,0,4,4,4-4-4-4-4-4-4-4,stable
2241,городской округ город Муравленко,Ямало-Ненецкий автономный округ,4,0.958,2,0,0,4,4,4-4-4-4-4-4-4-4,stable
2242,городской округ город Новый Уренгой,Ямало-Ненецкий автономный округ,4,0.958,2,0,0,4,4,4-4-4-4-4-4-4-4,stable
2243,городской округ город Ноябрьск,Ямало-Ненецкий автономный округ,4,0.958,2,0,0,4,4,4-4-4-4-4-4-4-4,stable
2244,муниципальный округ Красноселькупский район,Ямало-Ненецкий автономный округ,4,1.0,0,0,0,4,4,4-4-4-4-4-4-4-4,stable
2245,муниципальный округ Надымский район,Ямало-Ненецкий автономный округ,4,0.958,2,0,0,4,4,4-4-4-4-4-4-4-4,stable
2248,муниципальный округ Тазовский район,Ямало-Ненецкий автономный округ,4,0.958,2,0,0,4,4,4-4-4-4-4-4-4-4,stable
2249,муниципальный округ Шурышкарский район,Ямало-Ненецкий автономный округ,4,1.0,0,0,0,4,4,4-4-4-4-4-4-4-4,stable
2250,муниципальный округ Ямальский район,Ямало-Ненецкий автономный округ,4,1.0,0,0,0,4,4,4-4-4-4-4-4-4-4,stable
2251,городской округ город Ульяновск,Ульяновская область,5,1.0,0,0,0,5,5,5-5-5-5-5-5-5-5,stable
2252,городской округ город Димитровград,Ульяновская область,5,1.0,0,0,0,5,5,5-5-5-5-5-5-5-5,stable
2253,городской округ город Новоульяновск,Ульяновская область,1,0.75,8,1,0,1,1,2-1-1-2-1-1-1-1,other
2254,Базарносызганский муниципальный район,Ульяновская область,2,0.833,6,2,0,2,2,2-2-2-1-2-2-2-2,other
2255,Барышский муниципальный район,Ульяновская область,2,0.667,12,2,2,2,2,2-2-2-1-1-2-2-2,other
2256,Вешкаймский муниципальный район,Ульяновская область,2,1.0,0,0,0,2,2,2-2-2-2-2-2-2-2,stable
2257,Инзенский муниципальный район,Ульяновская область,2,0.917,4,0,0,2,2,2-2-2-2-2-2-2-2,stable
2258,Карсунский муниципальный район,Ульяновская область,2,1.0,0,0,0,2,2,2-2-2-2-2-2-2-2,stable
2259,Кузоватовский муниципальный район,Ульяновская область,2,0.917,4,0,0,2,2,2-2-2-2-2-2-2-2,stable
2260,Майнский муниципальный район,Ульяновская область,0,1.0,0,0,0,0,0,0-0-0-0-0-0-0-0,stable
2262,Николаевский муниципальный район,Ульяновская область,2,0.917,4,0,0,2,2,2-2-2-2-2-2-2-2,stable
2264,Новоспасский муниципальный район,Ульяновская область,2,0.625,3,1,1,1,2,1-1-1-2-2-2-2-2,moved
2265,Павловский муниципальный район,Ульяновская область,2,0.958,2,0,0,2,2,2-2-2-2-2-2-2-2,stable
2266,Радищевский муниципальный район,Ульяновская область,2,1.0,0,0,0,2,2,2-2-2-2-2-2-2-2,stable
2267,Сенгилеевский муниципальный район,Ульяновская область,1,0.542,11,1,1,2,1,2-2-2-2-1-1-1-1,moved
2268,Старокулаткинский муниципальный район,Ульяновская область,2,0.625,12,3,0,2,2,2-2-2-2-0-2-2-0,other
2269,Старомайнский муниципальный район,Ульяновская область,1,0.5,14,1,1,0,1,0-0-1-1-1-1-1-1,moved
2270,Сурский муниципальный район,Ульяновская область,2,0.958,2,0,0,2,2,2-2-2-2-2-2-2-2,stable
2271,Тереньгульский муниципальный район,Ульяновская область,2,0.458,13,4,1,2,0,2-2-2-1-0-1-2-0,other
2272,Ульяновский муниципальный район,Ульяновская область,0,0.583,8,4,2,0,0,0-0-2-1-0-0-1-0,other
2274,Чердаклинский муниципальный район,Ульяновская область,0,0.75,7,1,1,0,0,0-0-0-0-0-0-2-2,moved
2275,городской округ Челябинский,Челябинская область,5,0.958,2,0,0,5,5,5-5-5-5-5-5-5-5,stable
2276,городской округ Верхнеуфалейский,Челябинская область,0,0.667,11,1,1,0,0,2-1-1-0-0-0-0-0,other
2278,городской округ Карабашский,Челябинская область,1,1.0,0,0,0,1,1,1-1-1-1-1-1-1-1,stable
2279,городской округ Копейский,Челябинская область,5,0.958,2,0,0,5,5,5-5-5-5-5-5-5-5,stable
2280,городской округ Кыштымский,Челябинская область,5,0.958,2,0,0,5,5,5-5-5-5-5-5-5-5,stable
2281,городской округ Магнитогорский,Челябинская область,5,0.958,2,0,0,5,5,5-5-5-5-5-5-5-5,stable
2282,городской округ Миасский,Челябинская область,5,0.958,2,0,0,5,5,5-5-5-5-5-5-5-5,stable
2286,городской округ Троицкий,Челябинская область,5,0.792,7,0,0,5,5,6-5-5-5-5-5-5-5,other
2287,городской округ Усть-Катавский,Челябинская область,1,0.5,13,4,1,1,2,1-1-2-1-0-2-2-2,other
2288,городской округ Чебаркульский,Челябинская область,5,0.833,3,1,1,5,5,4-5-5-5-5-5-5-5,other
2289,городской округ Южноуральский,Челябинская область,5,0.833,5,0,0,5,5,4-5-5-5-5-5-5-5,other
2292,Аргаяшский муниципальный район,Челябинская область,0,0.958,2,0,0,0,0,0-0-0-0-0-0-0-0,stable
2293,Ашинский муниципальный район,Челябинская область,1,0.75,8,4,0,1,1,1-1-1-1-2-1-1-1,other
2294,Брединский муниципальный район,Челябинская область,0,0.458,16,4,0,0,2,2-0-0-1-2-0-2-1,other
2295,Варненский муниципальный район,Челябинская область,6,0.5,10,4,1,6,6,6-0-6-0-0-6-6-6,other
2296,Верхнеуральский муниципальный район,Челябинская область,0,0.917,4,0,0,0,0,0-0-0-0-0-0-0-0,stable
2297,Еманжелинский муниципальный район,Челябинская область,0,0.75,5,3,2,0,0,0-0-0-0-1-0-0-1,other
2298,Еткульский муниципальный район,Челябинская область,0,0.667,7,3,1,0,1,0-0-0-0-0-1-0-1,other
2299,Карталинский муниципальный район,Челябинская область,0,0.75,8,2,2,0,0,0-0-0-0-1-0-0-0,other
2300,Каслинский муниципальный район,Челябинская область,0,1.0,0,0,0,0,0,0-0-0-0-0-0-0-0,stable
2301,Катав-Ивановский муниципальный район,Челябинская область,2,0.458,10,6,3,2,0,1-2-2-2-0-2-2-0,other
2302,Кизильский муниципальный район,Челябинская область,0,0.958,2,0,0,0,0,0-0-0-0-0-0-0-0,stable
2303,Коркинский муниципальный округ,Челябинская область,4,0.708,6,2,2,4,4,4-0-0-4-4-4-4-4,other
2304,Красноармейский муниципальный район,Челябинская область,0,0.875,4,2,0,0,0,0-0-0-0-1-0-0-0,other
2305,Кунашакский муниципальный район,Челябинская область,0,0.958,2,0,0,0,0,0-0-0-0-0-0-0-0,stable
2307,Нагайбакский муниципальный район,Челябинская область,0,0.958,2,0,0,0,0,0-0-0-0-0-0-0-0,stable
2308,Нязепетровский муниципальный район,Челябинская область,0,0.833,7,0,0,0,0,0-0-0-0-0-0-0-0,stable
2309,Октябрьский муниципальный район,Челябинская область,0,0.833,5,1,0,0,0,0-0-0-0-0-0-0-1,other
2310,Пластовский муниципальный район,Челябинская область,1,0.75,10,0,0,1,1,2-1-1-1-1-1-1-1,other
2311,Саткинский муниципальный район,Челябинская область,4,0.458,10,3,1,1,4,1-1-2-6-4-4-6-4,other
2312,Сосновский муниципальный район,Челябинская область,5,0.958,2,0,0,5,5,5-5-5-5-5-5-5-5,stable
2314,Увельский муниципальный район,Челябинская область,0,0.833,8,0,0,0,0,0-0-0-0-0-1-0-0,other
2315,Уйский муниципальный район,Челябинская область,0,0.917,4,0,0,0,0,0-0-0-0-0-0-0-0,stable
2316,Чебаркульский муниципальный район,Челябинская область,1,0.708,9,1,0,1,1,4-0-1-1-1-1-1-1,other
2317,Чесменский муниципальный район,Челябинская область,0,0.958,2,0,0,0,0,0-0-0-0-0-0-0-0,stable
2318,городской округ город Ярославль,Ярославская область,5,0.75,8,3,0,5,5,5-3-5-5-5-5-5-3,other
2320,городской округ город Рыбинск,Ярославская область,5,0.75,8,3,0,5,5,5-3-5-5-5-5-5-3,other
2321,Большесельский муниципальный район,Ярославская область,1,1.0,0,0,0,1,1,1-1-1-1-1-1-1-1,stable
2322,Борисоглебский муниципальный район,Ярославская область,1,0.792,7,1,0,1,1,1-1-1-1-1-2-1-2,other
2323,Брейтовский муниципальный район,Ярославская область,2,0.625,13,3,0,1,2,1-1-2-1-2-2-2-2,other
2324,Гаврилов-Ямский муниципальный район,Ярославская область,1,1.0,0,0,0,1,1,1-1-1-1-1-1-1-1,stable
2325,Даниловский муниципальный район,Ярославская область,1,1.0,0,0,0,1,1,1-1-1-1-1-1-1-1,stable
2326,Любимский муниципальный район,Ярославская область,1,0.917,4,0,0,1,1,1-1-1-1-1-1-1-1,stable
2327,Мышкинский муниципальный район,Ярославская область,1,1.0,0,0,0,1,1,1-1-1-1-1-1-1-1,stable
2328,Некоузский муниципальный район,Ярославская область,1,1.0,0,0,0,1,1,1-1-1-1-1-1-1-1,stable
2329,Некрасовский муниципальный район,Ярославская область,1,1.0,0,0,0,1,1,1-1-1-1-1-1-1-1,stable
2330,Первомайский муниципальный район,Ярославская область,1,0.958,2,0,0,1,1,1-1-1-1-1-1-1-1,stable
2332,Пошехонский муниципальный район,Ярославская область,1,0.667,13,2,0,1,1,1-1-1-1-1-0-1-1,other
2333,Ростовский муниципальный район,Ярославская область,1,0.625,11,4,1,1,1,1-1-2-3-1-1-2-1,other
2334,Рыбинский муниципальный район,Ярославская область,1,0.75,4,1,1,1,1,1-1-1-1-1-1-1-3,other
2335,Тутаевский муниципальный район,Ярославская область,4,0.458,9,3,2,4,5,4-1-1-4-4-4-5-5,other
2336,Угличский муниципальный район,Ярославская область,1,1.0,0,0,0,1,1,1-1-1-1-1-1-1-1,stable
2337,Ярославский муниципальный район,Ярославская область,3,1.0,0,0,0,3,3,3-3-3-3-3-3-3-3,stable
2338,городской округ город Биробиджан,Еврейская автономная область,4,0.958,2,0,0,4,4,4-4-4-4-4-4-4-4,stable
2339,Биробиджанский муниципальный район,Еврейская автономная область,4,0.917,4,0,0,4,4,4-4-4-4-4-4-4-4,stable
2340,Ленинский муниципальный район,Еврейская автономная область,4,0.625,7,5,1,4,4,4-4-4-6-4-4-6-6,other
2341,Облученский муниципальный район,Еврейская автономная область,4,0.917,2,2,0,4,4,4-4-4-6-4-4-4-4,other
2342,Октябрьский муниципальный район,Еврейская автономная область,4,0.5,8,5,3,4,4,4-0-4-6-4-4-0-0,other
2343,Смидовичский муниципальный район,Еврейская автономная область,4,0.917,2,2,0,4,4,4-4-4-6-4-4-4-4,other
2344,городской округ Анадырь,Чукотский автономный округ,4,0.958,2,0,0,4,4,4-4-4-4-4-4-4-4,stable
2345,городской округ Эгвекинот,Чукотский автономный округ,4,1.0,0,0,0,4,4,4-4-4-4-4-4-4-4,stable
2348,Анадырский муниципальный район,Чукотский автономный округ,4,1.0,0,0,0,4,4,4-4-4-4-4-4-4-4,stable
2349,Билибинский муниципальный район,Чукотский автономный округ,4,1.0,0,0,0,4,4,4-4-4-4-4-4-4-4,stable
2351,внутригородская территория города федерального значения муниципальный округ Коломна,Санкт-Петербург,5,0.75,8,3,0,5,5,5-3-5-5-5-5-5-3,other
2352,внутригородская территория города федерального значения муниципальный округ Сенной округ,Санкт-Петербург,5,0.75,8,3,0,5,5,5-3-5-5-5-5-5-3,other
2353,внутригородская территория города федерального значения муниципальный округ Адмиралтейский округ,Санкт-Петербург,5,0.75,8,3,0,5,5,5-3-5-5-5-5-5-3,other
2354,внутригородская территория города федерального значения муниципальный округ Семеновский,Санкт-Петербург,5,0.75,8,3,0,5,5,5-3-5-5-5-5-5-3,other
2355,внутригородская территория города федерального значения муниципальный округ Измайловское,Санкт-Петербург,5,0.75,8,3,0,5,5,5-3-5-5-5-5-5-3,other
2356,внутригородская территория города федерального значения муниципальный округ Екатерингофский,Санкт-Петербург,5,0.75,8,3,0,5,5,5-3-5-5-5-5-5-3,other
2357,внутригородская территория города федерального значения муниципальный округ № 7,Санкт-Петербург,5,0.75,8,3,0,5,5,5-3-5-5-5-5-5-3,other
2358,внутригородская территория города федерального значения муниципальный округ Васильевский,Санкт-Петербург,5,0.75,8,3,0,5,5,5-3-5-5-5-5-5-3,other
2359,внутригородская территория города федерального значения муниципальный округ Гавань,Санкт-Петербург,5,0.75,8,3,0,5,5,5-3-5-5-5-5-5-3,other
2360,внутригородская территория города федерального значения муниципальный округ Морской,Санкт-Петербург,5,0.75,8,3,0,5,5,5-3-5-5-5-5-5-3,other
2361,внутригородская территория города федерального значения муниципальный округ Остров Декабристов,Санкт-Петербург,5,0.75,8,3,0,5,5,5-3-5-5-5-5-5-3,other
2362,внутригородская территория города федерального значения поселок Левашово,Санкт-Петербург,5,0.75,8,3,0,5,5,5-3-5-5-5-5-5-3,other
2363,внутригородская территория города федерального значения поселок Парголово,Санкт-Петербург,5,0.75,8,3,0,5,5,5-3-5-5-5-5-5-3,other
2364,внутригородская территория города федерального значения муниципальный округ Сампсониевское,Санкт-Петербург,5,0.75,8,3,0,5,5,5-3-5-5-5-5-5-3,other
2365,внутригородская территория города федерального значения муниципальный округ Светлановское,Санкт-Петербург,5,0.75,8,3,0,5,5,5-3-5-5-5-5-5-3,other
2366,внутригородская территория города федерального значения муниципальный округ Сосновское,Санкт-Петербург,5,0.75,8,3,0,5,5,5-3-5-5-5-5-5-3,other
2367,внутригородская территория города федерального значения муниципальный округ № 15,Санкт-Петербург,5,0.75,8,3,0,5,5,5-3-5-5-5-5-5-3,other
2368,внутригородская территория города федерального значения муниципальный округ Сергиевское,Санкт-Петербург,5,0.75,8,3,0,5,5,5-3-5-5-5-5-5-3,other
2369,внутригородская территория города федерального значения муниципальный округ Шувалово-Озерки,Санкт-Петербург,5,0.75,8,3,0,5,5,5-3-5-5-5-5-5-3,other
2370,внутригородская территория города федерального значения поселок Лисий Нос,Санкт-Петербург,3,0.958,2,0,0,3,3,3-3-3-3-3-3-3-3,stable
2371,внутригородская территория города федерального значения муниципальный округ Лахта-Ольгино,Санкт-Петербург,5,0.75,8,3,0,5,5,5-3-5-5-5-5-5-3,other
2372,внутригородская территория города федерального значения муниципальный округ № 65,Санкт-Петербург,5,0.75,8,3,0,5,5,5-3-5-5-5-5-5-3,other
2373,внутригородская территория города федерального значения муниципальный округ Ланское,Санкт-Петербург,5,0.75,8,3,0,5,5,5-3-5-5-5-5-5-3,other
2374,внутригородская территория города федерального значения муниципальный округ Комендантский аэродром,Санкт-Петербург,5,0.75,8,3,0,5,5,5-3-5-5-5-5-5-3,other
2375,внутригородская территория города федерального значения муниципальный округ Озеро Долгое,Санкт-Петербург,5,0.75,8,3,0,5,5,5-3-5-5-5-5-5-3,other
2376,внутригородская территория города федерального значения муниципальный округ Юнтолово,Санкт-Петербург,5,0.75,8,3,0,5,5,5-3-5-5-5-5-5-3,other
2377,внутригородская территория города федерального значения муниципальный округ Коломяги,Санкт-Петербург,5,0.75,8,3,0,5,5,5-3-5-5-5-5-5-3,other
2378,внутригородская территория города федерального значения муниципальный округ Гражданка,Санкт-Петербург,5,0.75,8,3,0,5,5,5-3-5-5-5-5-5-3,other
2379,внутригородская территория города федерального значения муниципальный округ Академическое,Санкт-Петербург,5,0.75,8,3,0,5,5,5-3-5-5-5-5-5-3,other
2380,внутригородская территория города федерального значения муниципальный округ Финляндский округ,Санкт-Петербург,5,0.75,8,3,0,5,5,5-3-5-5-5-5-5-3,other
2381,внутригородская территория города федерального значения муниципальный округ № 21,Санкт-Петербург,5,0.75,8,3,0,5,5,5-3-5-5-5-5-5-3,other
2382,внутригородская территория города федерального значения муниципальный округ Пискаревка,Санкт-Петербург,5,0.75,8,3,0,5,5,5-3-5-5-5-5-5-3,other
2383,внутригородская территория города федерального значения муниципальный округ Северный,Санкт-Петербург,5,0.75,8,3,0,5,5,5-3-5-5-5-5-5-3,other
2384,внутригородская территория города федерального значения муниципальный округ Прометей,Санкт-Петербург,5,0.75,8,3,0,5,5,5-3-5-5-5-5-5-3,other
2385,внутригородская территория города федерального значения муниципальный округ Княжево,Санкт-Петербург,5,0.75,8,3,0,5,5,5-3-5-5-5-5-5-3,other
2386,внутригородская территория города федерального значения муниципальный округ Ульянка,Санкт-Петербург,5,0.75,8,3,0,5,5,5-3-5-5-5-5-5-3,other
2387,внутригородская территория города федерального значения муниципальный округ Дачное,Санкт-Петербург,5,0.75,8,3,0,5,5,5-3-5-5-5-5-5-3,other
2388,внутригородская территория города федерального значения муниципальный округ Автово,Санкт-Петербург,5,0.75,8,3,0,5,5,5-3-5-5-5-5-5-3,other
2389,внутригородская территория города федерального значения муниципальный округ Нарвский округ,Санкт-Петербург,5,0.75,8,3,0,5,5,5-3-5-5-5-5-5-3,other
2390,внутригородская территория города федерального значения муниципальный округ Красненькая речка,Санкт-Петербург,5,0.75,8,3,0,5,5,5-3-5-5-5-5-5-3,other
2391,внутригородская территория города федерального значения муниципальный округ Морские ворота,Санкт-Петербург,5,0.75,8,3,0,5,5,5-3-5-5-5-5-5-3,other
2392,внутригородская территория города федерального значения город Колпино,Санкт-Петербург,5,0.75,8,3,0,5,5,5-3-5-5-5-5-5-3,other
2393,внутригородская территория города федерального значения поселок Металлострой,Санкт-Петербург,3,0.875,6,0,0,3,3,3-3-3-3-3-3-3-3,stable
2395,внутригородская территория города федерального значения поселок Понтонный,Санкт-Петербург,5,0.75,8,3,0,5,5,5-3-5-5-5-5-5-3,other
2398,внутригородская территория города федерального значения муниципальный округ Полюстрово,Санкт-Петербург,5,0.75,8,3,0,5,5,5-3-5-5-5-5-5-3,other
2399,внутригородская территория города федерального значения муниципальный округ Большая Охта,Санкт-Петербург,5,0.75,8,3,0,5,5,5-3-5-5-5-5-5-3,other
2400,внутригородская территория города федерального значения муниципальный округ Малая Охта,Санкт-Петербург,5,0.75,8,3,0,5,5,5-3-5-5-5-5-5-3,other
2401,внутригородская территория города федерального значения муниципальный округ Пороховые,Санкт-Петербург,5,0.75,8,3,0,5,5,5-3-5-5-5-5-5-3,other
2402,внутригородская территория города федерального значения муниципальный округ Ржевка,Санкт-Петербург,5,0.75,8,3,0,5,5,5-3-5-5-5-5-5-3,other
2403,внутригородская территория города федерального значения город Красное Село,Санкт-Петербург,5,0.75,8,3,0,5,5,5-3-5-5-5-5-5-3,other
2404,внутригородская территория города федерального значения муниципальный округ Юго-Запад,Санкт-Петербург,5,0.75,8,3,0,5,5,5-3-5-5-5-5-5-3,other
2405,внутригородская территория города федерального значения муниципальный округ Южно-Приморский,Санкт-Петербург,5,0.75,8,3,0,5,5,5-3-5-5-5-5-5-3,other
2406,внутригородская территория города федерального значения муниципальный округ Сосновая поляна,Санкт-Петербург,5,0.75,8,3,0,5,5,5-3-5-5-5-5-5-3,other
2407,внутригородская территория города федерального значения муниципальный округ Урицк,Санкт-Петербург,5,0.75,8,3,0,5,5,5-3-5-5-5-5-5-3,other
2408,внутригородская территория города федерального значения муниципальный округ Константиновское,Санкт-Петербург,5,0.75,8,3,0,5,5,5-3-5-5-5-5-5-3,other
2409,внутригородская территория города федерального значения муниципальный округ Горелово,Санкт-Петербург,5,0.75,8,3,0,5,5,5-3-5-5-5-5-5-3,other
2410,внутригородская территория города федерального значения город Кронштадт,Санкт-Петербург,5,0.75,8,3,0,5,5,5-3-5-5-5-5-5-3,other
2411,внутригородская территория города федерального значения город Зеленогорск,Санкт-Петербург,3,0.917,4,0,0,3,3,3-3-3-3-3-3-3-3,stable
2412,внутригородская территория города федерального значения город Сестрорецк,Санкт-Петербург,5,0.708,8,3,2,5,5,5-3-5-5-5-5-5-3,other
2416,внутригородская территория города федерального значения поселок Песочный,Санкт-Петербург,3,0.833,7,0,0,3,3,3-3-3-3-3-3-3-3,stable
2422,внутригородская территория города федерального значения город Ломоносов,Санкт-Петербург,5,0.75,8,3,0,5,5,5-3-5-5-5-5-5-3,other
2423,внутригородская территория города федерального значения муниципальный округ Московская застава,Санкт-Петербург,5,0.75,8,3,0,5,5,5-3-5-5-5-5-5-3,other
2424,внутригородская территория города федерального значения муниципальный округ Гагаринское,Санкт-Петербург,5,0.75,8,3,0,5,5,5-3-5-5-5-5-5-3,other
2425,внутригородская территория города федерального значения муниципальный округ Новоизмайловское,Санкт-Петербург,5,0.75,8,3,0,5,5,5-3-5-5-5-5-5-3,other
2426,внутригородская территория города федерального значения муниципальный округ Пулковский меридиан,Санкт-Петербург,5,0.75,8,3,0,5,5,5-3-5-5-5-5-5-3,other
2427,внутригородская территория города федерального значения муниципальный округ Звездное,Санкт-Петербург,5,0.75,8,3,0,5,5,5-3-5-5-5-5-5-3,other
2428,внутригородская территория города федерального значения муниципальный округ Невская застава,Санкт-Петербург,5,0.75,8,3,0,5,5,5-3-5-5-5-5-5-3,other
2429,внутригородская территория города федерального значения муниципальный округ Ивановский,Санкт-Петербург,5,0.75,8,3,0,5,5,5-3-5-5-5-5-5-3,other
2430,внутригородская территория города федерального значения муниципальный округ Обуховский,Санкт-Петербург,5,0.75,8,3,0,5,5,5-3-5-5-5-5-5-3,other
2431,внутригородская территория города федерального значения муниципальный округ Рыбацкое,Санкт-Петербург,5,0.75,8,3,0,5,5,5-3-5-5-5-5-5-3,other
2432,внутригородская территория города федерального значения муниципальный округ Народный,Санкт-Петербург,5,0.75,8,3,0,5,5,5-3-5-5-5-5-5-3,other
2433,внутригородская территория города федерального значения муниципальный округ № 54,Санкт-Петербург,5,0.75,8,3,0,5,5,5-3-5-5-5-5-5-3,other
2434,внутригородская территория города федерального значения муниципальный округ Невский округ,Санкт-Петербург,5,0.75,8,3,0,5,5,5-3-5-5-5-5-5-3,other
2435,внутригородская территория города федерального значения муниципальный округ Оккервиль,Санкт-Петербург,5,0.75,8,3,0,5,5,5-3-5-5-5-5-5-3,other
2436,внутригородская территория города федерального значения муниципальный округ Правобережный,Санкт-Петербург,5,0.75,8,3,0,5,5,5-3-5-5-5-5-5-3,other
2437,внутригородская территория города федерального значения город Павловск,Санкт-Петербург,5,0.75,8,3,0,5,5,5-3-5-5-5-5-5-3,other
2439,внутригородская территория города федерального значения муниципальный округ Введенский,Санкт-Петербург,5,0.75,8,3,0,5,5,5-3-5-5-5-5-5-3,other
2440,внутригородская территория города федерального значения муниципальный округ Кронверкское,Санкт-Петербург,5,0.75,8,3,0,5,5,5-3-5-5-5-5-5-3,other
2441,внутригородская территория города федерального значения муниципальный округ Посадский,Санкт-Петербург,5,0.75,8,3,0,5,5,5-3-5-5-5-5-5-3,other
2442,внутригородская территория города федерального значения муниципальный округ Аптекарский остров,Санкт-Петербург,5,0.75,8,3,0,5,5,5-3-5-5-5-5-5-3,other
2443,внутригородская территория города федерального значения муниципальный округ округ Петровский,Санкт-Петербург,5,0.75,8,3,0,5,5,5-3-5-5-5-5-5-3,other
2444,внутригородская территория города федерального значения муниципальный округ Чкаловское,Санкт-Петербург,5,0.75,8,3,0,5,5,5-3-5-5-5-5-5-3,other
2445,внутригородская территория города федерального значения город Петергоф,Санкт-Петербург,5,0.75,8,3,0,5,5,5-3-5-5-5-5-5-3,other
2446,внутригородская территория города федерального значения поселок Стрельна,Санкт-Петербург,5,0.75,8,3,0,5,5,5-3-5-5-5-5-5-3,other
2447,внутригородская территория города федерального значения город Пушкин,Санкт-Петербург,5,0.75,8,3,0,5,5,5-3-5-5-5-5-5-3,other
2449,внутригородская территория города федерального значения поселок Шушары,Санкт-Петербург,5,0.75,8,3,0,5,5,5-3-5-5-5-5-5-3,other
2450,внутригородская территория города федерального значения муниципальный округ Волковское,Санкт-Петербург,5,0.75,8,3,0,5,5,5-3-5-5-5-5-5-3,other
2451,внутригородская территория города федерального значения муниципальный округ № 72,Санкт-Петербург,5,0.75,8,3,0,5,5,5-3-5-5-5-5-5-3,other
2452,внутригородская территория города федерального значения муниципальный округ Купчино,Санкт-Петербург,5,0.75,8,3,0,5,5,5-3-5-5-5-5-5-3,other
2453,внутригородская территория города федерального значения муниципальный округ Георгиевский,Санкт-Петербург,5,0.75,8,3,0,5,5,5-3-5-5-5-5-5-3,other
2454,внутригородская территория города федерального значения муниципальный округ № 75,Санкт-Петербург,5,0.75,8,3,0,5,5,5-3-5-5-5-5-5-3,other
2455,внутригородская территория города федерального значения муниципальный округ Балканский,Санкт-Петербург,5,0.75,8,3,0,5,5,5-3-5-5-5-5-5-3,other
2456,внутригородская территория города федерального значения муниципальный округ Дворцовый округ,Санкт-Петербург,5,0.75,8,3,0,5,5,5-3-5-5-5-5-5-3,other
2457,внутригородская территория города федерального значения муниципальный округ № 78,Санкт-Петербург,5,0.75,8,3,0,5,5,5-3-5-5-5-5-5-3,other
2458,внутригородская территория города федерального значения муниципальный округ Литейный округ,Санкт-Петербург,5,0.75,8,3,0,5,5,5-3-5-5-5-5-5-3,other
2459,внутригородская территория города федерального значения муниципальный округ Смольнинское,Санкт-Петербург,5,0.75,8,3,0,5,5,5-3-5-5-5-5-5-3,other
2460,внутригородская территория города федерального значения муниципальный округ Лиговка-Ямская,Санкт-Петербург,5,0.75,8,3,0,5,5,5-3-5-5-5-5-5-3,other
2461,внутригородская территория города федерального значения муниципальный округ Владимирский округ,Санкт-Петербург,5,0.75,8,3,0,5,5,5-3-5-5-5-5-5-3,other
2462,внутригородская территория города федерального значения муниципальный округ Богородское,Москва,3,1.0,0,0,0,3,3,3-3-3-3-3-3-3-3,stable
2463,внутригородская территория города федерального значения муниципальный округ Вешняки,Москва,3,1.0,0,0,0,3,3,3-3-3-3-3-3-3-3,stable
2464,внутригородская территория города федерального значения муниципальный округ Восточное Измайлово,Москва,3,1.0,0,0,0,3,3,3-3-3-3-3-3-3-3,stable
2465,внутригородская территория города федерального значения муниципальный округ Восточный,Москва,3,1.0,0,0,0,3,3,3-3-3-3-3-3-3-3,stable
2466,внутригородская территория города федерального значения муниципальный округ Гольяново,Москва,3,1.0,0,0,0,3,3,3-3-3-3-3-3-3-3,stable
2467,внутригородская территория города федерального значения муниципальный округ Ивановское,Москва,3,1.0,0,0,0,3,3,3-3-3-3-3-3-3-3,stable
2468,внутригородская территория города федерального значения муниципальный округ Измайлово,Москва,3,1.0,0,0,0,3,3,3-3-3-3-3-3-3-3,stable
2469,внутригородская территория города федерального значения муниципальный округ Косино-Ухтомский,Москва,3,1.0,0,0,0,3,3,3-3-3-3-3-3-3-3,stable
2470,внутригородская территория города федерального значения муниципальный округ Новогиреево,Москва,3,1.0,0,0,0,3,3,3-3-3-3-3-3-3-3,stable
2471,внутригородская территория города федерального значения муниципальный округ Новокосино,Москва,3,1.0,0,0,0,3,3,3-3-3-3-3-3-3-3,stable
2472,внутригородская территория города федерального значения муниципальный округ Метрогородок,Москва,3,1.0,0,0,0,3,3,3-3-3-3-3-3-3-3,stable
2473,внутригородская территория города федерального значения муниципальный округ Перово,Москва,3,1.0,0,0,0,3,3,3-3-3-3-3-3-3-3,stable
2474,внутригородская территория города федерального значения муниципальный округ Северное Измайлово,Москва,3,1.0,0,0,0,3,3,3-3-3-3-3-3-3-3,stable
2475,внутригородская территория города федерального значения муниципальный округ Соколиная гора,Москва,3,1.0,0,0,0,3,3,3-3-3-3-3-3-3-3,stable
2476,внутригородская территория города федерального значения муниципальный округ Сокольники,Москва,3,1.0,0,0,0,3,3,3-3-3-3-3-3-3-3,stable
2477,внутригородская территория города федерального значения муниципальный округ Преображенское,Москва,3,1.0,0,0,0,3,3,3-3-3-3-3-3-3-3,stable
2478,внутригородская территория города федерального значения муниципальный округ Внуково,Москва,3,1.0,0,0,0,3,3,3-3-3-3-3-3-3-3,stable
2479,внутригородская территория города федерального значения муниципальный округ Дорогомилово,Москва,3,1.0,0,0,0,3,3,3-3-3-3-3-3-3-3,stable
2480,внутригородская территория города федерального значения муниципальный округ Крылатское,Москва,3,1.0,0,0,0,3,3,3-3-3-3-3-3-3-3,stable
2481,внутригородская территория города федерального значения муниципальный округ Кунцево,Москва,3,1.0,0,0,0,3,3,3-3-3-3-3-3-3-3,stable
2482,внутригородская территория города федерального значения муниципальный округ Можайский,Москва,3,1.0,0,0,0,3,3,3-3-3-3-3-3-3-3,stable
2483,внутригородская территория города федерального значения муниципальный округ Ново-Переделкино,Москва,3,1.0,0,0,0,3,3,3-3-3-3-3-3-3-3,stable
2484,внутригородская территория города федерального значения муниципальный округ Очаково-Матвеевское,Москва,3,1.0,0,0,0,3,3,3-3-3-3-3-3-3-3,stable
2485,внутригородская территория города федерального значения муниципальный округ Проспект Вернадского,Москва,3,1.0,0,0,0,3,3,3-3-3-3-3-3-3-3,stable
2486,внутригородская территория города федерального значения муниципальный округ Раменки,Москва,3,1.0,0,0,0,3,3,3-3-3-3-3-3-3-3,stable
2487,внутригородская территория города федерального значения муниципальный округ Солнцево,Москва,3,1.0,0,0,0,3,3,3-3-3-3-3-3-3-3,stable
2488,внутригородская территория города федерального значения муниципальный округ Тропарево-Никулино,Москва,3,1.0,0,0,0,3,3,3-3-3-3-3-3-3-3,stable
2489,внутригородская территория города федерального значения муниципальный округ Филевский парк,Москва,3,1.0,0,0,0,3,3,3-3-3-3-3-3-3-3,stable
2490,внутригородская территория города федерального значения муниципальный округ Фили-Давыдково,Москва,3,1.0,0,0,0,3,3,3-3-3-3-3-3-3-3,stable
2491,внутригородская территория города федерального значения муниципальный округ Крюково,Москва,3,1.0,0,0,0,3,3,3-3-3-3-3-3-3-3,stable
2492,внутригородская территория города федерального значения муниципальный округ Матушкино,Москва,3,1.0,0,0,0,3,3,3-3-3-3-3-3-3-3,stable
2493,внутригородская территория города федерального значения муниципальный округ Силино,Москва,3,1.0,0,0,0,3,3,3-3-3-3-3-3-3-3,stable
2494,внутригородская территория города федерального значения муниципальный округ Аэропорт,Москва,3,1.0,0,0,0,3,3,3-3-3-3-3-3-3-3,stable
2495,внутригородская территория города федерального значения муниципальный округ Беговой,Москва,3,1.0,0,0,0,3,3,3-3-3-3-3-3-3-3,stable
2496,внутригородская территория города федерального значения муниципальный округ Бескудниковский,Москва,3,1.0,0,0,0,3,3,3-3-3-3-3-3-3-3,stable
2497,внутригородская территория города федерального значения муниципальный округ Войковский,Москва,3,1.0,0,0,0,3,3,3-3-3-3-3-3-3-3,stable
2498,внутригородская территория города федерального значения муниципальный округ Восточное Дегунино,Москва,3,1.0,0,0,0,3,3,3-3-3-3-3-3-3-3,stable
2499,внутригородская территория города федерального значения муниципальный округ Головинский,Москва,3,1.0,0,0,0,3,3,3-3-3-3-3-3-3-3,stable
2500,внутригородская территория города федерального значения муниципальный округ Дмитровский,Москва,3,1.0,0,0,0,3,3,3-3-3-3-3-3-3-3,stable
2501,внутригородская территория города федерального значения муниципальный округ Западное Дегунино,Москва,3,1.0,0,0,0,3,3,3-3-3-3-3-3-3-3,stable
2502,внутригородская территория города федерального значения муниципальный округ Коптево,Москва,3,1.0,0,0,0,3,3,3-3-3-3-3-3-3-3,stable
2503,внутригородская территория города федерального значения муниципальный округ Левобережный,Москва,3,1.0,0,0,0,3,3,3-3-3-3-3-3-3-3,stable
2504,внутригородская территория города федерального значения муниципальный округ Молжаниновский,Москва,3,1.0,0,0,0,3,3,3-3-3-3-3-3-3-3,stable
2505,внутригородская территория города федерального значения муниципальный округ Савеловский,Москва,3,1.0,0,0,0,3,3,3-3-3-3-3-3-3-3,stable
2506,внутригородская территория города федерального значения муниципальный округ Сокол,Москва,3,1.0,0,0,0,3,3,3-3-3-3-3-3-3-3,stable
2507,внутригородская территория города федерального значения муниципальный округ Тимирязевский,Москва,3,1.0,0,0,0,3,3,3-3-3-3-3-3-3-3,stable
2508,внутригородская территория города федерального значения муниципальный округ Ховрино,Москва,3,1.0,0,0,0,3,3,3-3-3-3-3-3-3-3,stable
2509,внутригородская территория города федерального значения муниципальный округ Хорошевский,Москва,3,1.0,0,0,0,3,3,3-3-3-3-3-3-3-3,stable
2510,внутригородская территория города федерального значения муниципальный округ Алексеевский,Москва,3,1.0,0,0,0,3,3,3-3-3-3-3-3-3-3,stable
2511,внутригородская территория города федерального значения муниципальный округ Алтуфьевский,Москва,3,1.0,0,0,0,3,3,3-3-3-3-3-3-3-3,stable
2512,внутригородская территория города федерального значения муниципальный округ Бабушкинский,Москва,3,1.0,0,0,0,3,3,3-3-3-3-3-3-3-3,stable
2513,внутригородская территория города федерального значения муниципальный округ Бибирево,Москва,3,1.0,0,0,0,3,3,3-3-3-3-3-3-3-3,stable
2514,внутригородская территория города федерального значения муниципальный округ Бутырский,Москва,3,1.0,0,0,0,3,3,3-3-3-3-3-3-3-3,stable
2515,внутригородская территория города федерального значения муниципальный округ Лианозово,Москва,3,1.0,0,0,0,3,3,3-3-3-3-3-3-3-3,stable
2516,внутригородская территория города федерального значения муниципальный округ Лосиноостровский,Москва,3,1.0,0,0,0,3,3,3-3-3-3-3-3-3-3,stable
2517,внутригородская территория города федерального значения муниципальный округ Марфино,Москва,3,1.0,0,0,0,3,3,3-3-3-3-3-3-3-3,stable
2518,внутригородская территория города федерального значения муниципальный округ Марьина роща,Москва,3,1.0,0,0,0,3,3,3-3-3-3-3-3-3-3,stable
2519,внутригородская территория города федерального значения муниципальный округ Останкинский,Москва,3,1.0,0,0,0,3,3,3-3-3-3-3-3-3-3,stable
2520,внутригородская территория города федерального значения муниципальный округ Отрадное,Москва,3,1.0,0,0,0,3,3,3-3-3-3-3-3-3-3,stable
2521,внутригородская территория города федерального значения муниципальный округ Ростокино,Москва,3,1.0,0,0,0,3,3,3-3-3-3-3-3-3-3,stable
2522,внутригородская территория города федерального значения муниципальный округ Свиблово,Москва,3,1.0,0,0,0,3,3,3-3-3-3-3-3-3-3,stable
2523,внутригородская территория города федерального значения муниципальный округ Северное Медведково,Москва,3,1.0,0,0,0,3,3,3-3-3-3-3-3-3-3,stable
2524,внутригородская территория города федерального значения муниципальный округ Северный,Москва,3,1.0,0,0,0,3,3,3-3-3-3-3-3-3-3,stable
2525,внутригородская территория города федерального значения муниципальный округ Южное Медведково,Москва,3,1.0,0,0,0,3,3,3-3-3-3-3-3-3-3,stable
2526,внутригородская территория города федерального значения муниципальный округ Ярославский,Москва,3,1.0,0,0,0,3,3,3-3-3-3-3-3-3-3,stable
2527,внутригородская территория города федерального значения муниципальный округ Куркино,Москва,3,1.0,0,0,0,3,3,3-3-3-3-3-3-3-3,stable
2528,внутригородская территория города федерального значения муниципальный округ Митино,Москва,3,1.0,0,0,0,3,3,3-3-3-3-3-3-3-3,stable
2529,внутригородская территория города федерального значения муниципальный округ Покровское-Стрешнево,Москва,3,1.0,0,0,0,3,3,3-3-3-3-3-3-3-3,stable
2530,внутригородская территория города федерального значения муниципальный округ Северное Тушино,Москва,3,1.0,0,0,0,3,3,3-3-3-3-3-3-3-3,stable
2531,внутригородская территория города федерального значения муниципальный округ Строгино,Москва,3,1.0,0,0,0,3,3,3-3-3-3-3-3-3-3,stable
2532,внутригородская территория города федерального значения муниципальный округ Хорошево-Мневники,Москва,3,1.0,0,0,0,3,3,3-3-3-3-3-3-3-3,stable
2533,внутригородская территория города федерального значения муниципальный округ Щукино,Москва,3,1.0,0,0,0,3,3,3-3-3-3-3-3-3-3,stable
2534,внутригородская территория города федерального значения муниципальный округ Южное Тушино,Москва,3,1.0,0,0,0,3,3,3-3-3-3-3-3-3-3,stable
2535,внутригородская территория города федерального значения муниципальный округ Арбат,Москва,3,1.0,0,0,0,3,3,3-3-3-3-3-3-3-3,stable
2536,внутригородская территория города федерального значения муниципальный округ Басманный,Москва,3,1.0,0,0,0,3,3,3-3-3-3-3-3-3-3,stable
2537,внутригородская территория города федерального значения муниципальный округ Замоскворечье,Москва,3,1.0,0,0,0,3,3,3-3-3-3-3-3-3-3,stable
2538,внутригородская территория города федерального значения муниципальное образование Савелки,Москва,3,1.0,0,0,0,3,3,3-3-3-3-3-3-3-3,stable
2539,внутригородская территория города федерального значения муниципальный округ Красносельский,Москва,3,1.0,0,0,0,3,3,3-3-3-3-3-3-3-3,stable
2540,внутригородская территория города федерального значения муниципальный округ Мещанский,Москва,3,1.0,0,0,0,3,3,3-3-3-3-3-3-3-3,stable
2541,внутригородская территория города федерального значения муниципальный округ Пресненский,Москва,3,1.0,0,0,0,3,3,3-3-3-3-3-3-3-3,stable
2542,внутригородская территория города федерального значения муниципальный округ Таганский,Москва,3,1.0,0,0,0,3,3,3-3-3-3-3-3-3-3,stable
2543,внутригородская территория города федерального значения муниципальный округ Тверской,Москва,3,1.0,0,0,0,3,3,3-3-3-3-3-3-3-3,stable
2544,внутригородская территория города федерального значения муниципальный округ Хамовники,Москва,3,1.0,0,0,0,3,3,3-3-3-3-3-3-3-3,stable
2545,внутригородская территория города федерального значения муниципальный округ Якиманка,Москва,3,1.0,0,0,0,3,3,3-3-3-3-3-3-3-3,stable
2546,внутригородская территория города федерального значения муниципальный округ Выхино-Жулебино,Москва,3,1.0,0,0,0,3,3,3-3-3-3-3-3-3-3,stable
2547,внутригородская территория города федерального значения муниципальный округ Капотня,Москва,3,1.0,0,0,0,3,3,3-3-3-3-3-3-3-3,stable
2548,внутригородская территория города федерального значения муниципальный округ Кузьминки,Москва,3,1.0,0,0,0,3,3,3-3-3-3-3-3-3-3,stable
2549,внутригородская территория города федерального значения муниципальный округ Лефортово,Москва,3,1.0,0,0,0,3,3,3-3-3-3-3-3-3-3,stable
2550,внутригородская территория города федерального значения муниципальный округ Люблино,Москва,3,1.0,0,0,0,3,3,3-3-3-3-3-3-3-3,stable
2551,внутригородская территория города федерального значения муниципальный округ Марьино,Москва,3,1.0,0,0,0,3,3,3-3-3-3-3-3-3-3,stable
2552,внутригородская территория города федерального значения муниципальный округ Некрасовка,Москва,3,1.0,0,0,0,3,3,3-3-3-3-3-3-3-3,stable
2553,внутригородская территория города федерального значения муниципальный округ Нижегородский,Москва,3,1.0,0,0,0,3,3,3-3-3-3-3-3-3-3,stable
2554,внутригородская территория города федерального значения муниципальный округ Печатники,Москва,3,1.0,0,0,0,3,3,3-3-3-3-3-3-3-3,stable
2555,внутригородская территория города федерального значения муниципальный округ Рязанский,Москва,3,1.0,0,0,0,3,3,3-3-3-3-3-3-3-3,stable
2556,внутригородская территория города федерального значения муниципальный округ Текстильщики,Москва,3,1.0,0,0,0,3,3,3-3-3-3-3-3-3-3,stable
2557,внутригородская территория города федерального значения муниципальный округ Южнопортовый,Москва,3,1.0,0,0,0,3,3,3-3-3-3-3-3-3-3,stable
2558,внутригородская территория города федерального значения муниципальный округ Академический,Москва,3,1.0,0,0,0,3,3,3-3-3-3-3-3-3-3,stable
2559,внутригородская территория города федерального значения муниципальный округ Гагаринский,Москва,3,1.0,0,0,0,3,3,3-3-3-3-3-3-3-3,stable
2560,внутригородская территория города федерального значения муниципальный округ Зюзино,Москва,3,1.0,0,0,0,3,3,3-3-3-3-3-3-3-3,stable
2561,внутригородская территория города федерального значения муниципальный округ Коньково,Москва,3,1.0,0,0,0,3,3,3-3-3-3-3-3-3-3,stable
2562,внутригородская территория города федерального значения муниципальный округ Котловка,Москва,3,1.0,0,0,0,3,3,3-3-3-3-3-3-3-3,stable
2563,внутригородская территория города федерального значения муниципальный округ Ломоносовский,Москва,3,1.0,0,0,0,3,3,3-3-3-3-3-3-3-3,stable
2564,внутригородская территория города федерального значения муниципальный округ Обручевский,Москва,3,1.0,0,0,0,3,3,3-3-3-3-3-3-3-3,stable
2565,внутригородская территория города федерального значения муниципальный округ Северное Бутово,Москва,3,1.0,0,0,0,3,3,3-3-3-3-3-3-3-3,stable
2566,внутригородская территория города федерального значения муниципальный округ Теплый Стан,Москва,3,1.0,0,0,0,3,3,3-3-3-3-3-3-3-3,stable
2567,внутригородская территория города федерального значения муниципальный округ Черемушки,Москва,3,1.0,0,0,0,3,3,3-3-3-3-3-3-3-3,stable
2568,внутригородская территория города федерального значения муниципальный округ Южное Бутово,Москва,3,1.0,0,0,0,3,3,3-3-3-3-3-3-3-3,stable
2569,внутригородская территория города федерального значения муниципальный округ Ясенево,Москва,3,1.0,0,0,0,3,3,3-3-3-3-3-3-3-3,stable
2570,внутригородская территория города федерального значения муниципальный округ Бирюлево Восточное,Москва,3,1.0,0,0,0,3,3,3-3-3-3-3-3-3-3,stable
2571,внутригородская территория города федерального значения муниципальный округ Бирюлево Западное,Москва,3,1.0,0,0,0,3,3,3-3-3-3-3-3-3-3,stable
2572,внутригородская территория города федерального значения муниципальный округ Братеево,Москва,3,1.0,0,0,0,3,3,3-3-3-3-3-3-3-3,stable
2573,внутригородская территория города федерального значения муниципальный округ Даниловский,Москва,3,1.0,0,0,0,3,3,3-3-3-3-3-3-3-3,stable
2574,внутригородская территория города федерального значения муниципальный округ Донской,Москва,3,1.0,0,0,0,3,3,3-3-3-3-3-3-3-3,stable
2575,внутригородская территория города федерального значения муниципальный округ Зябликово,Москва,3,1.0,0,0,0,3,3,3-3-3-3-3-3-3-3,stable
2576,внутригородская территория города федерального значения муниципальный округ Москворечье-Сабурово,Москва,3,1.0,0,0,0,3,3,3-3-3-3-3-3-3-3,stable
2577,внутригородская территория города федерального значения муниципальный округ Нагатино-Садовники,Москва,3,1.0,0,0,0,3,3,3-3-3-3-3-3-3-3,stable
2578,внутригородская территория города федерального значения муниципальный округ Нагатинский затон,Москва,3,1.0,0,0,0,3,3,3-3-3-3-3-3-3-3,stable
2579,внутригородская территория города федерального значения муниципальный округ Нагорный,Москва,3,1.0,0,0,0,3,3,3-3-3-3-3-3-3-3,stable
2580,внутригородская территория города федерального значения муниципальный округ Орехово-Борисово Северное,Москва,3,1.0,0,0,0,3,3,3-3-3-3-3-3-3-3,stable
2581,внутригородская территория города федерального значения муниципальный округ Орехово-Борисово Южное,Москва,3,1.0,0,0,0,3,3,3-3-3-3-3-3-3-3,stable
2582,внутригородская территория города федерального значения муниципальный округ Царицыно,Москва,3,1.0,0,0,0,3,3,3-3-3-3-3-3-3-3,stable
2583,внутригородская территория города федерального значения муниципальный округ Чертаново Северное,Москва,3,1.0,0,0,0,3,3,3-3-3-3-3-3-3-3,stable
2584,внутригородская территория города федерального значения муниципальный округ Чертаново Центральное,Москва,3,1.0,0,0,0,3,3,3-3-3-3-3-3-3-3,stable
2585,внутригородская территория города федерального значения муниципальный округ Чертаново Южное,Москва,3,1.0,0,0,0,3,3,3-3-3-3-3-3-3-3,stable
2586,внутригородская территория города федерального значения муниципальный округ Старое Крюково,Москва,3,1.0,0,0,0,3,3,3-3-3-3-3-3-3-3,stable
2587,внутригородская территория города федерального значения городской округ Троицк,Москва,3,1.0,0,0,0,3,3,3-3-3-3-3-3-3-3,stable
2588,внутригородская территория города федерального значения городской округ Щербинка,Москва,3,1.0,0,0,0,3,3,3-3-3-3-3-3-3-3,stable
2589,внутригородская территория города федерального значения поселение Внуковское,Москва,3,1.0,0,0,0,3,3,3-3-3-3-3-3-3-3,stable
2590,внутригородская территория города федерального значения поселение Воскресенское,Москва,3,1.0,0,0,0,3,3,3-3-3-3-3-3-3-3,stable
2591,внутригородская территория города федерального значения поселение Вороновское,Москва,3,1.0,0,0,0,3,3,3-3-3-3-3-3-3-3,stable
2592,внутригородская территория города федерального значения поселение Десеновское,Москва,3,1.0,0,0,0,3,3,3-3-3-3-3-3-3-3,stable
2593,внутригородская территория города федерального значения поселение Киевский,Москва,2,0.417,11,2,1,1,3,3-1-1-2-2-2-3-3,other
2595,внутригородская территория города федерального значения поселение Кокошкино,Москва,3,0.75,5,2,2,3,3,3-3-2-3-3-3-3-3,other
2596,внутригородская территория города федерального значения поселение Краснопахорское,Москва,3,1.0,0,0,0,3,3,3-3-3-3-3-3-3-3,stable
2597,внутригородская территория города федерального значения поселение Марушкинское,Москва,3,1.0,0,0,0,3,3,3-3-3-3-3-3-3-3,stable
2598,внутригородская территория города федерального значения поселение Михайлово-Ярцевское,Москва,2,0.458,15,5,0,1,2,3-1-2-1-2-3-2-3,other
2599,внутригородская территория города федерального значения поселение Московский,Москва,3,1.0,0,0,0,3,3,3-3-3-3-3-3-3-3,stable
2600,"внутригородская территория города федерального значения поселение Мосрентген""""",Москва,3,1.0,0,0,0,3,3,3-3-3-3-3-3-3-3,stable
2601,внутригородская территория города федерального значения поселение Новофедоровское,Москва,3,1.0,0,0,0,3,3,3-3-3-3-3-3-3-3,stable
2602,внутригородская территория города федерального значения поселение Первомайское,Москва,3,1.0,0,0,0,3,3,3-3-3-3-3-3-3-3,stable
2604,внутригородская территория города федерального значения поселение Рязановское,Москва,3,1.0,0,0,0,3,3,3-3-3-3-3-3-3-3,stable
2605,внутригородская территория города федерального значения поселение Сосенское,Москва,3,1.0,0,0,0,3,3,3-3-3-3-3-3-3-3,stable
2606,внутригородская территория города федерального значения поселение Филимонковское,Москва,3,1.0,0,0,0,3,3,3-3-3-3-3-3-3-3,stable
2607,внутригородская территория города федерального значения поселение Щаповское,Москва,3,0.958,2,0,0,3,3,3-3-3-3-3-3-3-3,stable
2618,Мантуровский муниципальный округ,Костромская область,1,0.958,1,0,0,1,1,1-1-1-1-1-1-1-1,stable
2619,городской округ город Переславль-Залесский,Ярославская область,3,0.75,4,1,1,3,3,1-3-3-3-3-3-3-3,other
2620,городской округ Соликамский,Пермский край,4,0.75,11,0,0,4,4,4-4-4-4-4-4-4-4,stable
2621,городской округ город Березники,Пермский край,4,0.625,12,2,0,4,4,4-6-4-4-5-5-4-4,other
2644,городской округ Серпухов,Московская область,3,1.0,0,0,0,3,3,3-3-3-3-3-3-3-3,stable
2646,городской округ город Обнинск,Калужская область,3,1.0,0,0,0,3,3,3-3-3-3-3-3-3-3,stable
2647,Боровский муниципальный район,Калужская область,3,1.0,0,0,0,3,3,3-3-3-3-3-3-3-3,stable
2648,городской округ Лосино-Петровский,Московская область,3,1.0,0,0,0,3,3,3-3-3-3-3-3-3-3,stable
2649,городской округ Щёлково,Московская область,3,1.0,0,0,0,3,3,3-3-3-3-3-3-3-3,stable
2651,городской округ Одинцовский,Московская область,3,1.0,0,0,0,3,3,3-3-3-3-3-3-3-3,stable
2652,городской округ Орехово-Зуевский,Московская область,3,1.0,0,0,0,3,3,3-3-3-3-3-3-3-3,stable
2710,городской округ Вышневолоцкий,Тверская область,2,0.875,3,1,0,2,2,1-2-2-2-2-2-2-2,other
2808,городской округ Коломна,Московская область,3,1.0,0,0,0,3,3,3-3-3-3-3-3-3-3,stable
2809,муниципальный округ Кунгурский,Пермский край,5,0.625,8,5,1,6,5,6-5-6-6-5-5-5-5,other
2813,городской округ Шатура,Московская область,3,0.833,1,1,1,3,3,1-3-3-3-3-3-3-3,other
2814,городской округ Пушкинский,Московская область,3,1.0,0,0,0,3,3,3-3-3-3-3-3-3-3,stable
2872,муниципальный округ Приуральский район,Ямало-Ненецкий автономный округ,4,0.958,2,0,0,4,4,4-4-4-4-4-4-4-4,stable
2876,городской округ город-курорт Кисловодск,Ставропольский край,5,0.958,2,0,0,5,5,5-5-5-5-5-5-5-5,stable
2879,городской округ город Губкинский,Ямало-Ненецкий автономный округ,4,0.958,2,0,0,4,4,4-4-4-4-4-4-4-4,stable
2880,городской округ город Лабытнанги,Ямало-Ненецкий автономный округ,4,0.958,2,0,0,4,4,4-4-4-4-4-4-4-4,stable
2881,Предгорный муниципальный округ,Ставропольский край,5,0.958,2,0,0,5,5,5-5-5-5-5-5-5-5,stable
2882,муниципальный округ Пуровский район,Ямало-Ненецкий автономный округ,4,0.958,2,0,0,4,4,4-4-4-4-4-4-4-4,stable
2883,муниципальный округ Кимрский,Тверская область,2,0.458,10,3,3,2,2,1-1-2-3-3-2-2-2,other
2884,муниципальный округ Ржевский,Тверская область,2,0.5,6,4,2,2,3,1-2-2-3-3-3-2-3,other
2885,муниципальный округ Кудымкарский,Пермский край,6,0.833,7,0,0,6,6,6-6-6-6-6-6-6-6,stable
2886,муниципальный округ Губахинский,Пермский край,1,0.583,9,3,1,4,1,4-4-1-4-1-1-1-1,other
2887,городской округ город Саратов,Саратовская область,5,1.0,0,0,0,5,5,5-5-5-5-5-5-5-5,stable
3005,городской округ город Арзамас,Нижегородская область,3,0.75,1,1,1,3,5,3-3-3-3-3-3-5-5,moved
3007,Прокопьевский муниципальный округ,Кемеровская область,2,0.417,10,6,1,2,6,2-2-6-1-2-1-6-6,other
3009,городской округ город Тамбов,Тамбовская область,3,1.0,0,0,0,3,3,3-3-3-3-3-3-3-3,stable
3011,городской округ Златоустовский,Челябинская область,5,0.75,5,3,1,5,5,4-5-5-5-5-5-5-5,other
3012,Кусинский муниципальный район,Челябинская область,0,1.0,0,0,0,0,0,0-0-0-0-0-0-0-0,stable
3013,городской округ Солнечногорск,Московская область,3,1.0,0,0,0,3,3,3-3-3-3-3-3-3-3,stable
