method,period,K_target,K,min_size,SW,CH,S_Dbw,AVI,AVU,ANUI,Q,z_SW,z_CH,z_S_Dbw,z_AVI,z_AVU,z_ANUI,z_Q,gamma
kmeans,all,4,4,320,0.16383067829736786,491.64625627342554,0.6018374356511496,0.6682732030884531,0.6431157697129952,0.4673967944306322,0.3979354799545054,48.98056563907113,1411.607784369185,-5.313261867960662,147.31201856022145,90.36590956801304,115.84975567502127,140.68296988851057,
leiden,all,4,4,242,0.12588954190422424,357.3471942976144,0.7188328769734842,0.9087889964002581,0.6133597269006976,0.5835241390000543,0.632822529343631,31.86228280471717,828.7847549331464,-4.651144474620931,199.5469108075749,37.65256556815353,145.32295955634925,190.68172985597164,0.35787928411149655
kmeans,all,5,5,187,0.164399707017891,426.8822737531141,0.6025140300694133,0.6292817927354755,0.5782948408034745,0.4613805908413892,0.39397809158054764,35.50433171114673,1474.3542213450376,-53.38663557787907,159.98010953368248,31.72088516627304,128.67049134089206,146.98951365717738,
leiden,all,5,5,201,0.12637701282547778,296.8096959809704,0.7480011314315245,0.8834312565568044,0.5824004460262872,0.5833113115747117,0.673208935102454,31.522234507647518,871.8174624158362,-40.08401159630541,248.3638037226986,33.40423719278486,180.54497150702252,246.76888610366706,0.41777279299962444
kmeans,all,6,6,176,0.15014577605258483,376.96209381943214,0.5918495586639664,0.5696680468952859,0.5554133567922582,0.4327465127201089,0.3921079379048882,33.09938285402529,1303.2676106116257,-70.73448374767308,162.9631879401936,19.20984752193462,134.2948771677532,154.8496197425298,
leiden,all,6,6,294,0.09681851757602028,249.59719849095154,0.6983131563736591,0.8673792546870417,0.5815055144754598,0.5765670237676938,0.7015503773454713,32.80371506672582,873.6432077155648,-188.6281380586323,260.82046245772983,99.91648445312642,188.32621833393367,260.8717256545311,0.48768988404573677
kmeans,all,7,7,168,0.14702046226993307,339.87858472723616,0.577634381067349,0.540970691589934,0.5472005557174097,0.41740938852155796,0.40062066323238554,32.08521746684808,1249.2435724866448,-79.94533766542432,168.3956439056872,18.748060655473783,139.26522216640078,163.92620054652036,
leiden,all,7,7,151,0.04439823070218155,217.10603317938515,0.6615137058971166,0.8592951902247046,0.5735564933715832,0.5756055158624382,0.7074758059033148,12.904182482483138,836.2805361012546,-58.77301946054321,293.92818381918954,42.76202513164418,210.22818597132508,274.70860068297554,0.5693080712433037
kmeans,all,8,8,151,0.12059597121310676,308.91724019827717,0.5317467918692708,0.5334733454446955,0.5631529947954009,0.41022933193896516,0.3959530013866667,26.744630794942594,1304.487343613004,-93.18520595586946,184.36356911306552,43.886209421509925,149.86024888716415,171.49355132356715,
leiden,all,8,8,130,0.034836685357462795,191.30358058668915,0.6579739397589134,0.8441837111785762,0.5600059140896446,0.573203144879203,0.7132148191778482,10.800223054363375,798.9101257902219,-63.52402921053175,324.854019642935,39.82858009999971,233.41291323581834,312.8558334564156,0.6645856118524177
kmeans,all,9,9,152,0.11978077987783756,286.3044250988599,0.5240382175570363,0.49020565200743477,0.5517726813798066,0.3858422381626766,0.38088654358215757,27.123434807555583,1168.2369694120923,-126.70535032524938,187.56009314867953,37.9057366823534,155.56340502585644,182.81696326411924,
leiden,all,9,9,138,0.03817665165240889,176.3013342976254,0.6575481475445509,0.8268872120181983,0.5584234493703688,0.5656818174421052,0.7145544675027711,11.694054120092359,742.8913845240128,-57.523365147819064,335.39079086206993,45.392844787848944,240.7558041129289,320.8813133606768,0.7909608312182289
kmeans,all,10,10,35,0.12256357010813701,267.2102889879219,0.5542343121285794,0.4543222956766867,0.5320607970090078,0.3658793482021708,0.36481070209620425,14.33599360089889,1247.4246961463436,-42.649750109881786,171.7117265792736,36.0605029049884,144.48303370332016,170.40503154482786,
leiden,all,10,10,106,0.031866293950559774,168.01786426242313,0.6415560374005748,0.8185377979577515,0.5515581302858158,0.5639366531676048,0.7157893364208792,10.772672554165215,799.2260786724859,-58.85658531407325,359.0494547688874,41.567301522136496,258.34723921505565,333.74383845036357,0.9056452674745888
kmeans,all,11,11,95,0.11972488828621072,249.37036349617432,0.5440757947474423,0.44347746302911445,0.5402891422289936,0.3577567729134908,0.3772387100613412,24.9566165787135,1288.43190688487,-85.1200299235854,182.89329763414037,33.219174315166285,153.76936990446399,189.72384158790788,
leiden,all,11,11,128,0.02315543803949045,155.7264038014171,0.6364036013513009,0.8100528360260871,0.5553691905695909,0.5587039870429185,0.7182838118365052,10.635558508012084,751.52855194722,-98.7268593701621,379.4516140867009,52.07273376762521,272.69288464506127,366.732102119829,0.978497947145011
kmeans,all,12,12,33,0.12176674562938265,236.91785723889114,0.5448061015485641,0.4519676644731629,0.5023232845243909,0.3683416335991707,0.3751532691113354,15.46885551238908,1266.48090941987,-42.680031252657564,200.89792962246557,22.43353337368161,169.6962263026296,193.53007314744966,
leiden,all,12,12,49,0.028741639065767394,149.03912956206227,0.6521489617113415,0.7989789024024389,0.5479501505512839,0.5556952034405868,0.7188770528998012,8.417906987826226,749.667369753981,-54.057579589751796,399.23548800725683,50.5635862265044,287.91766986676157,387.37555453280163,1.2341425030448252
kmeans,2023-01,4,4,360,0.22337060582369037,690.447301244877,0.8898771892577939,0.8182213072902638,0.570406582044076,0.5578583274129456,0.5585406150983159,54.03366816428812,2317.0228814428046,-40.81136451407019,186.94933288080608,-33.86974620018679,147.74162498123897,175.12633926927055,
leiden,2023-01,4,4,389,0.18091643361000362,551.7447371651057,1.945831850394506,0.9124950237059646,0.5736192324641545,0.5989761270285484,0.6580483129621831,51.32277763636671,1116.1445338468143,0.13602582838291166,209.7847894413276,-101.75261898269406,159.7525805594082,204.9573789764521,0.2626209527531349
kmeans,2023-01,5,5,262,0.20418713781910294,620.5817164114718,0.910740280815802,0.7777263658146076,0.5717270807972217,0.5383503684989236,0.5763258566175502,47.163985574470324,1800.5684061599782,-17.95984062067644,161.94635797152947,24.832487880816807,124.44648754140029,155.19277043797246,
leiden,2023-01,5,5,138,0.1713834933028172,486.902995165884,0.7547574668806611,0.8886886113915116,0.5501976691279562,0.596854148024069,0.6700335346369413,26.93237208874301,1223.3260626592783,-23.09299180025392,196.89695421601252,16.693411197655507,145.6763766824723,199.12071924025275,0.38666811102024695
kmeans,2023-01,6,6,192,0.19538223344431416,561.6840621223639,0.6875126856302372,0.7418416246168803,0.580691127632737,0.5184872476199603,0.5776033666183421,49.379451388121,1759.5138431543849,-13.43173983174263,184.63052757311146,101.10571577577885,139.85736329982467,181.03269426528567,
leiden,2023-01,6,6,207,0.10501875621552074,402.0902534403776,0.697590238771012,0.8827388065106626,0.5847407618295639,0.5822149554327531,0.7058658094250679,25.19455503100592,1319.3296811154332,-18.57273580776532,263.78939679070004,93.58123107880591,187.68909279235814,259.0552548461458,0.41777279299962444
kmeans,2023-01,7,7,157,0.187535214051989,522.5316048774938,0.4687462396874349,0.7043940527466404,0.5875784409634247,0.4981969369859966,0.5669756637205067,25.441756853532898,1741.427811795308,-13.123478518931423,323.61102086585015,109.25935451612214,243.64277536341538,343.22426817808037,
leiden,2023-01,7,7,190,0.12169968782524117,361.3605703368279,0.6226564273291979,0.8665952114305279,0.5580088197414815,0.5841291704348531,0.7095843058537653,25.72357532319483,980.0747293088083,-11.958675794762858,242.64115306135403,50.96747213991752,174.39642503265898,224.23219739234432,0.48768988404573677
kmeans,2023-01,8,8,144,0.18382818514793445,492.2586065643116,0.47706151667571894,0.6907093228903822,0.5528908413371947,0.4998305892886197,0.5578722507505574,21.15891666266515,1292.3725980537647,-12.443637084483159,273.9420848339185,62.369718072059726,209.85172071467898,275.56117680544685,
leiden,2023-01,8,8,140,0.1331039928587857,379.83981946661896,0.5033413493008572,0.8575573165947742,0.5508532541664668,0.5824260844950608,0.7211295847480104,28.01636164465587,1321.8775821571924,-7.685851274838487,345.15841660033453,56.21552028663374,247.77387174397603,303.31528611323165,0.6645856118524177
kmeans,2023-01,9,9,113,0.1835610111983322,465.70697210383656,0.43693844717207586,0.6690364679684729,0.5154853871171494,0.49746981358001036,0.5488195610662756,19.405857346024952,1689.7571675796723,-9.258984978295418,470.494957915537,16.60376156238284,370.10492146731656,368.5639922426603,
leiden,2023-01,9,9,131,0.09807699762943266,325.8678245679168,0.4990270186774837,0.8419697668814545,0.5526412848387485,0.5746028791696889,0.7281685502154968,21.844071902964963,1177.7679177554444,-8.886224376250539,340.8764067131739,57.55431121629887,244.37018620370844,284.13211018951546,0.7180467675970584
kmeans,2023-01,10,10,66,0.1807017807150189,442.23035558861784,0.43509109626705916,0.647345091287948,0.5183096476167182,0.48471199817574656,0.5444296979608058,19.41570582029646,1684.4462582158042,-14.283807158086278,393.90451039118034,43.031762670906225,308.3529082796931,295.6767727041676,
leiden,2023-01,10,10,80,0.1114389210259718,329.0996061714666,0.46294631192227137,0.8394548564062962,0.5445909175702565,0.57608989398477,0.7352305405501208,28.31066541184417,1555.5154980172908,-9.198660068236968,446.64908672703655,64.0584619240377,320.14877325905763,378.8676746826531,0.7758084906765625
kmeans,2023-01,11,11,66,0.18540138640747406,427.0313702345856,0.40297884026971476,0.6132392945965092,0.5087549557430683,0.4674120851584527,0.5232763091527742,18.834903146901212,1597.9378672899077,-15.318029857312247,378.44341650647885,36.88087203375874,300.1570064239186,312.1320837512593,
leiden,2023-01,11,11,72,0.06536492548201925,299.9710556823721,0.41838579333344916,0.8219407164069494,0.5423107770278809,0.5685230825095722,0.7311543181968003,13.837497946040282,1192.7423871609606,-12.355023116291367,446.95197806716146,52.05694841222093,321.16491717687353,423.68540343534823,0.9056452674745888
kmeans,2023-01,12,12,56,0.18121481831365235,410.3960565273685,0.374116774736267,0.6182008737225534,0.5206575020246423,0.4676711342418286,0.5296144343014091,25.2700292095377,2004.729660986827,-12.827764452498393,381.87818309726777,61.67912093266848,298.8835847268624,311.6861052035242,
leiden,2023-01,12,12,72,0.08868252981374321,276.2901066179972,0.4426191207609574,0.8141966434310395,0.5392385946240995,0.5657890712744855,0.7341370849291864,19.863668554092037,1084.2672619000177,-20.05540537394944,364.4260205662647,55.737403884518066,263.0059454730421,380.14764361580524,0.9413671096153081
kmeans,2023-02,4,4,309,0.22368893484309255,705.436930790918,1.5385271046751292,0.7818855911037429,0.5491355209339591,0.5470175192239082,0.5187644642068876,47.17061082866548,2629.132884720312,-9.346589756252174,168.43139569867003,-76.96083103611386,137.01481937048067,173.0568110868654,
leiden,2023-02,4,4,393,0.1891734826413322,605.4362506999464,1.524211011227997,0.9149763587040574,0.5934190472259164,0.5929990084588673,0.6472443495045982,39.191812824039225,1585.441724852581,-12.266540003895752,212.69085841138323,7.038516428216211,158.177814534079,208.36826043872708,0.3065723382237398
kmeans,2023-02,5,5,237,0.20246899313729777,627.8604235363882,0.7235173139655007,0.7561452209181947,0.5445728157493512,0.5355985299234786,0.5584384397878823,38.88747078884709,2079.06984239688,-12.69955359795448,229.27130517183778,-28.18870755580029,180.93932507067228,233.6765154980128,
leiden,2023-02,5,5,253,0.1499003232815924,484.00385680081723,1.1032451138999364,0.8933537001591318,0.5663889100488273,0.5932020088640212,0.6851255441405021,33.015495862354506,1425.7088175671681,-9.36932372700046,258.56493523786446,17.774866516447297,190.3708438671655,249.0372647704068,0.35787928411149655
kmeans,2023-02,6,6,168,0.19597404756818615,574.6945949665198,0.5695417899693392,0.7207938917364921,0.6008527409892169,0.502964500516915,0.5660038921632248,51.80712809190004,2045.563495715549,-8.900333435729337,316.81131461447535,126.22052841561656,237.66664159984475,300.34018352529625,
leiden,2023-02,6,6,249,0.14795538944821862,450.0573515574294,0.5178916125288143,0.8755355902603074,0.5743920161600099,0.582563849822914,0.7063830848273676,33.942405051299914,1550.0985963387243,-10.670465949416066,282.44335776685955,64.58602649848648,203.67537590101193,304.1613818388447,0.48768988404573677
kmeans,2023-02,7,7,141,0.1895992785621785,535.9142345834755,0.47019048633379323,0.7151737823353744,0.6038088093883546,0.499482945888376,0.5835382840696104,34.633382795703824,2367.118903773859,-9.365625808893268,256.94426799038405,163.00692035613534,190.5130186011501,264.6396914087948,
leiden,2023-02,7,7,123,0.14319937515438866,415.6305826769265,0.5121703950325378,0.8621117417594296,0.5595588737824239,0.5815639628512677,0.7189234507633036,33.174989622817094,2156.6604533925765,-9.42308512757759,274.9233981712726,63.4990756574679,197.99957094090234,288.45474814104466,0.5693080712433037
kmeans,2023-02,8,8,71,0.1947148126355326,504.78990095243245,0.4573985522967626,0.6948811056184894,0.5640253925004152,0.4992210900749003,0.579108595833753,28.961804500667085,1982.2235119665852,-10.260007530894853,261.3580673112935,121.26667566345951,197.52783246293586,271.6073298599887,
leiden,2023-02,8,8,167,0.13994869257333603,374.45166636053307,0.5661371484696961,0.848604392042152,0.5615715037450006,0.5747202715877704,0.7237996289217332,34.08392931547711,1948.70085619074,-8.801002279899018,356.0079786098431,82.44335350071806,255.19343141851897,336.9034066373286,0.6091845961241443
kmeans,2023-02,9,9,74,0.18086897837247684,477.5379118623817,0.4295565462538043,0.6737994430528824,0.5676113388014428,0.48739297572341567,0.5710310869976234,31.901183077624204,2002.4169558298192,-13.753483092298223,254.9755302571471,128.2978577691732,193.20409097964688,246.9157819386124,
leiden,2023-02,9,9,72,0.10916820837894442,342.45349226730036,0.49747731448715105,0.8426940033120031,0.5459343889944726,0.57716567961191,0.7246800655368104,21.989761437851502,1591.2540116727598,-10.896203318429732,281.293501421688,61.389061258669656,201.5675746904197,315.25865829168595,0.6645856118524177
kmeans,2023-02,10,10,73,0.18590521375310395,454.80054831980914,0.39575485205954813,0.6419735226133604,0.54798079078011,0.47490654776887387,0.5517557311114923,34.345708419331274,1901.0658793590019,-11.875647526207187,290.44577718663,84.82622757869724,224.26685768223868,299.35830269919353,
leiden,2023-02,10,10,122,0.09858067306491565,323.70993502280504,0.46495806216796065,0.8361782003794678,0.562837766999488,0.5685839957202676,0.7367917093220188,16.286267669282665,1153.7471211369923,-11.574934449732584,316.95445660529697,136.63268302302652,225.44017848833937,317.71698604087163,0.8382167309519851
kmeans,2023-02,11,11,74,0.18671038578428328,439.15655782884375,0.3904494075365527,0.6303467930599675,0.5335060163268218,0.47171272515675483,0.5438107859523716,34.51238451353616,1829.3817133697423,-12.20413567514468,285.14403217429566,72.80382402391133,221.5112952574406,301.7675743554787,
leiden,2023-02,11,11,105,0.07560768483136297,294.9582959684539,0.4507403399347333,0.8173751113201707,0.546172128325468,0.5650992593492606,0.7266130848125495,13.53302427503067,1165.1218622626257,-13.432116629993525,345.1592514141969,73.60152234309858,248.1560983057007,357.81012024944437,0.9056452674745888
kmeans,2023-02,12,12,79,0.18683996099767528,422.92460681131746,0.38629575543028566,0.6207685517066812,0.5200175638163788,0.4692800127191696,0.5376175244998924,30.441984949136213,2169.349897312084,-14.401850632923512,409.07398710391766,54.58169322719909,320.50120035885914,304.96334757521225,
leiden,2023-02,12,12,52,0.06930010483021395,274.5401971735202,0.4236008908254922,0.8089067020125249,0.544416060224854,0.5615918655215769,0.7314636661395756,11.245005080845527,1113.6055712968082,-14.786240562462961,295.50831565160104,68.05121088795195,212.2785746803526,293.4715734877538,1.0572111034565372
kmeans,2023-03,4,4,291,0.2201352488499276,732.1314121501297,1.339908809212582,0.7838724654963912,0.5319662724725481,0.5531940318385874,0.5214152533527483,37.2245473382635,2708.734519569166,-12.740630661931934,205.20736684349748,-89.54797367853432,168.49018771192212,195.26591523429022,
leiden,2023-03,4,4,430,0.16724345492975345,567.8520582049864,2.465069112400736,0.9055490789462353,0.5931176206119388,0.589129385566276,0.6550176166153407,55.19525249197451,1962.1095048805826,13.219211470811757,199.96415980323565,-37.064823208826716,149.6991835253136,200.3815553654164,0.3065723382237398
kmeans,2023-03,5,5,263,0.20114233362368214,653.6861868281502,0.669053048284143,0.7615164251558294,0.6131989136564411,0.5191115523754208,0.5625127465324236,32.80815090853617,2356.0060525760946,-21.41710024635554,173.18905911781098,100.89713497360775,129.03318597693945,162.02000599159774,
leiden,2023-03,5,5,262,0.14236446087313734,485.374088865822,1.1047518767193532,0.8885011633052514,0.589079310499615,0.5832365316797161,0.6771789675113933,48.06035833531324,2183.5370503572753,-13.925745520350858,225.53958763448307,55.340900158502016,162.5210529911403,220.61566906716112,0.35787928411149655
kmeans,2023-03,6,6,166,0.20146858262561956,610.6868966883835,0.6112924701210668,0.732627470312112,0.6032644218116805,0.5080746770848933,0.5755936503696006,34.431904259566785,1893.168903025337,-11.348170366239856,152.9553778085399,115.93172294957202,114.32172409839164,143.5649562984016,
leiden,2023-03,6,6,153,0.15609486300984024,471.2363537207488,0.5027961488620183,0.8759112327465157,0.5598808847818967,0.5876997667862001,0.700847702060254,17.400347984205926,1168.8704816175114,-12.885784980828843,197.06134462437961,48.42467298533829,143.15729406603117,209.3025854234212,0.48768988404573677
kmeans,2023-03,7,7,155,0.19180703343761785,560.2996255504682,0.5953546511346071,0.7070377666267077,0.6120282779315102,0.49349088413281483,0.5743905526854273,30.263917559500218,2402.2340440073754,-8.632309512743102,221.9692883662632,136.62916410559023,164.51386979174893,205.3754433864967,
leiden,2023-03,7,7,138,0.1354613905137524,419.68011432888017,0.7849278049475947,0.8576511325633558,0.5695263434431761,0.5762022919182127,0.7125767898309684,19.486922252979475,1142.0283322932528,-6.093164795257751,215.30972477929805,90.83777653024512,154.28508207362995,226.0303527590147,0.5693080712433037
kmeans,2023-03,8,8,155,0.18438365188688238,522.5771758982219,0.4228482301780018,0.6985758906661286,0.5933258706560616,0.4938736042085978,0.5761244309383662,30.312659099515272,2121.818033146295,-14.329673095165244,207.0739479750377,134.00409806715086,154.53510368996152,201.4540364265768,
leiden,2023-03,8,8,142,0.12560981358015097,388.52591571934244,0.5137394643685294,0.8513378014594242,0.5743372014700624,0.5717686688893431,0.7276990187612367,20.836426350407265,1798.2262142392424,-8.55545506734617,255.4098177578197,111.16079206739417,181.30470287117302,245.26612855050678,0.6393667338258773
kmeans,2023-03,9,9,90,0.1873547387510005,489.317557425994,0.4592189654514268,0.660973983859138,0.546310127543501,0.48561865172226837,0.5563392262544585,21.135289705842755,1945.3333825110064,-12.294638820561877,321.3996398035728,54.536446013160706,248.1116292550656,268.8436690192131,
leiden,2023-03,9,9,134,0.11617298262820822,368.35484757641063,0.5247740203124868,0.8456072777880776,0.5671745016847879,0.5715080712047987,0.7290095544370832,12.294995336671352,1423.5556735613375,-10.173337302375051,253.07968285212988,104.85756679947932,179.46388719448262,250.67988558725676,0.6518542260335147
kmeans,2023-03,10,10,84,0.18932916903134667,468.31030970448916,0.39939232113242257,0.6525579843808701,0.5401277258429129,0.4824954053440539,0.5623140969834485,22.20657173911517,1877.4766280849815,-23.361191408690445,269.49243624077525,52.98395864913981,207.81832974978124,242.18453356171847,
leiden,2023-03,10,10,134,0.10048864706691367,342.93497531181845,0.4481257097885643,0.8379723003023125,0.5700798084374102,0.5670745160282805,0.7379228696621428,15.74384267038741,1495.5385425255135,-19.793456078346747,259.72103790279283,120.24860128354963,183.6307311723958,266.37053343244173,0.9056452674745888
kmeans,2023-03,11,11,77,0.1829150569766435,449.81492323585513,0.39228742067075945,0.6368751297317435,0.5433777036044193,0.4731389073303802,0.5480826005488438,23.073599795364334,1975.045079946751,-17.368191330725224,261.01155529559577,64.00611342361108,201.58620595955662,221.3076822803464,
leiden,2023-03,11,11,80,0.08285783004502464,318.09378279308356,0.42106600171872927,0.8216065611775327,0.5545210243650289,0.5644460201233751,0.7325317231192027,10.664149466715195,1593.493239484163,-21.337690497677798,276.26536473062515,98.54111150205009,197.49015992024962,298.5161779584162,0.978497947145011
kmeans,2023-03,12,12,83,0.18132567950435013,432.25002176377535,0.37151368298790777,0.6340928078589885,0.5297648017654498,0.47464876924893046,0.5497306745473918,24.064433990739683,2199.8135646034766,-17.56678570317893,299.5035208119652,54.816858067524095,232.34566880525554,249.3102859079233,
leiden,2023-03,12,12,133,0.09241970036351976,300.0595289236645,0.41939903252559496,0.8171902521918158,0.5582269803800134,0.5611885706008447,0.7347427839930332,15.425476226831476,1726.3260355555835,-14.54574019722475,339.85557824678665,121.47891066129907,242.25772913936135,342.36224419438014,1.0572111034565372
kmeans,2023-04,4,4,196,0.22668329745745122,794.9498145596901,1.031769568254067,0.7210524020260285,0.516702161279975,0.5253304032736742,0.45940987913186915,37.612521942653764,2223.5617680763635,-15.4602996671441,137.97493560484054,-75.11925425325124,117.1394251224301,143.74697420499794,
leiden,2023-04,4,4,178,0.18746490289152543,612.8909152916884,1.5905650407287912,0.9023133520452009,0.6096848117663134,0.5820900479651254,0.6305091350169932,25.296015321005754,1613.285205646676,-9.687821049147988,219.47816242508597,65.26746125786528,159.16088257096766,233.68978067721412,0.35787928411149655
kmeans,2023-04,5,5,174,0.20225107719954533,716.4722717143246,0.7019826922778565,0.7207777057628088,0.6197637985319223,0.498217849320124,0.5228338181655592,28.02158125919354,2702.0917073380224,-18.997605785260347,137.92500563473772,110.26800174092115,102.89378564093026,155.77155811356914,
leiden,2023-04,5,5,231,0.1127085918717281,466.848542145377,1.4099152088315159,0.8934525881397768,0.5993663054407505,0.5818622335133526,0.6851741672389755,21.91670740997828,1514.7688231243549,-11.868540398334018,287.3604739693177,111.83364075313733,205.8292573741861,267.5714196825563,0.41777279299962444
kmeans,2023-04,6,6,142,0.19997965142968632,664.3707490564535,0.7902391148052534,0.7226825684240413,0.625195642033537,0.49777766375047605,0.5661350279889651,31.938948446100017,2624.2719727053054,-37.428669286114086,163.5079426445088,178.9427554901146,119.81466997660647,183.12953198889778,
leiden,2023-04,6,6,128,0.1077402535254701,446.7285024461329,0.7672792340405588,0.8733774946521603,0.5965930149478704,0.5741934654173539,0.6913936567497032,15.366098119732133,1430.2073163587334,-21.519073588416326,253.3880571987576,110.4959579732637,177.71405535676584,261.05376314455305,0.45137962401447684
kmeans,2023-04,7,7,125,0.19344081290174137,607.9147144864354,0.5203133339393551,0.7149954938608488,0.6139959436467427,0.4968682008010198,0.5790741858609195,38.60047255097898,2969.425985510799,-11.57203693452308,240.3228464129158,166.74969862105257,176.47673831498219,247.5442450128046,
leiden,2023-04,7,7,151,0.109946938989938,416.5067436646382,0.5244131534611759,0.8673297562002044,0.5814107036869364,0.5765766693442728,0.7180756802292528,17.397109254473744,1429.494826052484,-12.653266908418985,300.61610006399997,98.59868965344737,212.8586228826413,275.45741612607736,0.48768988404573677
kmeans,2023-04,8,8,135,0.18975887796936577,566.265557988494,0.433892155865647,0.7024270079660108,0.5940885704465687,0.4956079139233171,0.5834378662923196,28.876816130818852,1961.5417599545056,-10.633838033082187,187.7772043609001,145.83085846415977,139.53160395370756,189.51244323388534,
leiden,2023-04,8,8,143,0.09606027770794107,386.7124478343347,0.4835916945063566,0.8571632751266999,0.574810044436434,0.5742344711688312,0.729860116492124,23.597867528321647,2069.096750406258,-9.273944866308488,288.56610129198816,136.29032235210357,204.32357997361538,279.7401074470227,0.6645856118524177
kmeans,2023-04,9,9,117,0.1836619892129241,530.2433102909685,0.3633455624956625,0.6503820436735037,0.572700721332812,0.47387558367887317,0.5468604556814689,26.000297393552476,1727.942379572162,-8.79726964943315,216.65165832803018,92.18699885260344,165.19226549997222,214.90847478009348,
leiden,2023-04,9,9,159,0.08339633238243042,369.67340357114983,0.495443841735222,0.84141939924543,0.5667185908467063,0.5697400070869362,0.7323563803039747,20.40117277350433,1844.8752436995778,-10.55717124323621,336.6686951512934,116.67504444167288,239.64674295488393,336.94836484027985,0.7758084906765625
kmeans,2023-04,10,10,111,0.18003725869168893,503.71207698286725,0.3477988983532885,0.6499650976581514,0.551965018559358,0.478352362231871,0.5490886311799201,29.118496028085872,2704.637958442911,-9.682760513743464,296.7024019154343,74.40783241223146,228.00092216584284,303.0715014915372,
leiden,2023-04,10,10,134,0.07952640753864638,330.42190593687826,0.47573567805264194,0.828260775327819,0.5652783209466385,0.5641343021107543,0.7272971596079841,16.99807311853936,1380.7227706257404,-10.666571381609963,324.9764902083824,116.13167681106927,231.42295913416044,324.39930117926195,0.9056452674745888
kmeans,2023-04,11,11,108,0.18052357990416945,481.3903365057121,0.34329403193316704,0.6252929005570486,0.5437229147897077,0.4666413409776033,0.527849046577652,30.013893712484602,3088.2914890009324,-11.83255336727052,251.30900269990497,89.09361774923006,194.8702098019898,289.25538658790606,
leiden,2023-04,11,11,112,0.08024213309974323,314.43499839473117,0.42885464005083324,0.8175777150841157,0.5607081410444406,0.5605904501996666,0.7297885584912317,15.26396497032512,1609.9272272049097,-12.485155064139587,287.1695356875103,108.81500837501945,204.91960995624856,284.42421451301993,0.9976090219690733
kmeans,2023-04,12,12,94,0.1847399428588846,465.17442960174304,0.32646312714903364,0.6261405660544765,0.5407860570633564,0.467754955107314,0.5352532041549316,35.543891577561425,2968.1283107095323,-15.223932320954045,260.58196698989633,73.88347187964764,201.4163635667768,284.92931330185866,
leiden,2023-04,12,12,106,0.0663102172362526,298.6490703184332,0.4132603266864827,0.8134175767798243,0.5512998602856438,0.5615829882716425,0.7328080150397688,21.45510187428496,1522.9175575919069,-12.71758119986674,407.3531200263711,57.435185437141925,291.8925924841812,361.1330194784156,1.0170933558091577
kmeans,2023-05,4,4,354,0.2133988747161194,804.6784395185877,1.4953252373400874,0.8211859412758731,0.6251080037064742,0.5426351114029504,0.5672122752213955,78.21391523645057,3628.4195519842046,-15.495924218191357,229.5429740949827,144.00213862057603,171.72846221672228,250.11009296417734,
leiden,2023-05,4,4,424,0.17657495142762705,679.2645402204388,2.0092334435525805,0.9123356606105093,0.597619298107014,0.5904208542134947,0.6592016807767366,55.008467706413064,2474.1003906491815,0.5395705864104422,201.74594543028022,-1.4026473409391247,150.1397199390951,197.40155260363403,0.35787928411149655
kmeans,2023-05,5,5,186,0.21486108331756595,728.0979148979837,0.5862200395806058,0.7380130680107213,0.6184860282684431,0.5067202287793637,0.538166611001027,28.196937313709004,2370.1010238448216,-20.91218377208167,147.60931326707623,134.01039763385327,109.87379539416158,151.21554124111123,
leiden,2023-05,5,5,198,0.1947238934036506,565.645283882686,0.781473931867898,0.8897068974159502,0.5631227507899613,0.5927371640463123,0.6764389682867933,28.723132769397097,1629.6752786075872,-19.459715101723702,212.1400755630897,21.096912112054024,156.39486093668344,205.15950303423227,0.41777279299962444
kmeans,2023-05,6,6,153,0.2002506178201269,663.125254674512,0.4531111049815044,0.723565920228014,0.6215419530410626,0.49910509512593254,0.568776242176354,31.76370583940517,2524.1836393971303,-13.008608527593111,213.61267241280214,185.6847937711878,157.60778853793127,199.59596485461012,
leiden,2023-05,6,6,187,0.15115799659475773,484.68195212155064,0.47515776651689895,0.8803435438790318,0.5395334680936149,0.5968532755204482,0.6972342041657091,24.91047355004806,1558.489069535717,-10.733374975319235,326.1610776589977,18.115404024368473,240.43977364210357,274.9235058211917,0.48768988404573677
kmeans,2023-05,7,7,134,0.19396757592934827,609.7653575248279,0.4194575882311043,0.7126774876573606,0.6024182468828128,0.49860950668927995,0.5754586749633283,33.78400823276159,2360.4474053486697,-11.126887746535864,271.5792769284384,137.25802955172716,201.51261853338158,272.5370413131158,
leiden,2023-05,7,7,200,0.17389375529122175,472.94092540037866,0.5078848991275279,0.868426904691567,0.5483854830989303,0.5882723639587633,0.7188708729544863,22.82217340239402,1546.922963213465,-9.071445950190533,299.20877857850405,39.8677933824148,217.1957005164203,278.8456317410085,0.6645856118524177
kmeans,2023-05,8,8,130,0.1915396834921802,571.2519756110296,0.39328308209152324,0.699491955404162,0.5956135697299131,0.49377288764586286,0.5800006144214229,31.57959491852405,1864.8618639983777,-10.81869983407773,229.92213862687456,159.45599334149165,170.91401230382695,240.01349874048597,
leiden,2023-05,8,8,123,0.10328991685108513,406.0722683134196,0.4549903361048509,0.8542392987714822,0.5746051197158928,0.5729879877018504,0.7272367950882836,20.457367676636736,2270.4264591993647,-11.126921638138226,288.2694040855902,106.48598421568781,204.0774729983782,280.6768795030211,0.6874667861522357
kmeans,2023-05,9,9,111,0.18899228087445039,534.586351106072,0.35714987373139584,0.6717139498760692,0.5661927362892042,0.4866365511943626,0.5721119882030723,28.20244596511874,1857.2228988155994,-12.7372814949652,281.8872468243492,109.37538491050205,214.05486596430964,275.23648367803025,
leiden,2023-05,9,9,121,0.08159151510421248,355.8382018345895,0.49623606806722453,0.8366625828831157,0.5661758471904217,0.5677299552625736,0.7256120813258494,18.893233315067373,2059.6705448171556,-10.565583169095524,265.4797830904655,120.61257456609121,188.81583741028632,262.5209123035661,0.7180467675970584
kmeans,2023-05,10,10,110,0.18424675410377156,506.0888098640444,0.345467905357884,0.6470297200186064,0.5607662969154503,0.4747683511855277,0.5545913764049443,37.25690090223567,2247.1487964385183,-13.497931645071402,277.7403769798087,88.56690712648623,212.85059933989044,264.3237507708258,
leiden,2023-05,10,10,78,0.08225636927958528,365.22244335540694,0.40407350013561966,0.8263117600765257,0.5637487711770279,0.5637150950109145,0.7281013172614963,12.820436016217174,1461.0742762358054,-12.03914971464259,279.7635421869002,107.09542283097136,198.81784053422544,303.2793625182946,0.7758084906765625
kmeans,2023-05,11,11,102,0.18365724831804844,486.0139955398718,0.34102560635013673,0.6352931894126538,0.5361511975380105,0.47388253925820245,0.5384238243083758,28.179824226775775,2242.8566476298233,-12.860108071800704,266.92645897798144,58.82996621193933,207.26371125437376,249.84458031055567,
leiden,2023-05,11,11,99,0.10033897607336312,360.79769977023403,0.38618835759841497,0.8235547310241114,0.5714059133039324,0.5600188134855256,0.736708570872789,18.257780039595442,1392.550646052059,-11.416767411242612,279.68790537746264,150.6340293617604,197.7604158079559,288.31705199891456,0.9056452674745888
kmeans,2023-05,12,12,101,0.1832407120464951,466.3346149600687,0.32720014151670795,0.6183851429001563,0.5263499981331886,0.4665342882458586,0.5266345198383139,33.14328413980054,2233.4805071807696,-13.685121478451734,272.61324582537964,47.651739266759535,213.91626429028696,266.54143114251667,
leiden,2023-05,12,12,65,0.07951564661104725,311.73909569624516,0.41014317946698825,0.8128278951160882,0.5394170127316733,0.5650707982116064,0.7324350757106458,11.900502023061804,1084.1104143748587,-11.982230681854864,348.6557478581462,62.8847894098463,251.06451266376936,333.38631579222204,1.2341425030448252
kmeans,2023-06,4,4,362,0.2181640618356659,840.5573158625316,0.6790379575200668,0.8369542088610913,0.6455801711167586,0.5433634848711909,0.5809577935806955,59.663160576578946,2900.6279075572784,-33.278405796024074,166.9084419512252,168.11186084903034,122.2594185660049,160.63447784367128,
leiden,2023-06,4,4,162,0.19577541671525198,683.4141944990528,1.0782382866903477,0.9167535433679282,0.5798652580529977,0.5985619065459856,0.6371528651384208,32.19154320964605,1804.796388551161,-20.286724005242718,228.719148541726,26.8964537253889,170.64348336509605,198.2769636795174,0.35787928411149655
kmeans,2023-06,5,5,194,0.2214892188378429,769.8624662784451,0.548461923977433,0.7613715008957139,0.6213952482960398,0.5168454087760315,0.5521708294384098,34.60364730376198,2267.4050980148545,-22.16459033026303,198.20972400212344,128.88219828033095,146.07522492572053,192.73475809214733,
leiden,2023-06,5,5,252,0.17006175781466204,577.3133872812934,1.5792746811397587,0.8939071049163386,0.569976939085572,0.5921850241253918,0.6872660629939631,30.7025017687795,2061.9759490543697,-3.258276354062403,217.00382744033362,26.392205969506165,159.0942552954498,230.6381376577458,0.41777279299962444
kmeans,2023-06,6,6,187,0.2090450934996286,699.5386436665189,0.566085004613771,0.7572645629310779,0.5801168744445732,0.5261332149293155,0.5828121275003039,36.775591169602315,2646.7478596621545,-15.67325908797434,222.69139789559583,86.85242800408354,166.79080917685778,232.30984950532175,
leiden,2023-06,6,6,202,0.15280420394559213,493.0348261398309,0.7268013623119942,0.8745380248239711,0.5571988406191514,0.5880071133331913,0.7038790272516623,26.020828206508586,1773.8931980051952,-9.113069053188045,262.02727937690827,35.765652544747326,191.20672263579428,273.22210149835786,0.48768988404573677
kmeans,2023-06,7,7,143,0.1920088577979869,641.9724872725167,0.4540451395635858,0.7167039819472462,0.568156318737181,0.5093121339624259,0.5701193996036897,31.536053182762082,2178.4885953737976,-10.643569469509929,184.66675121065083,69.54327499072974,140.20537717389476,162.72066898329172,
leiden,2023-06,7,7,165,0.10204419130226378,444.37647328412174,0.8314467059150006,0.8736735099840344,0.5923224139322345,0.5757334966919081,0.7219524420346812,22.519184244770628,1769.4605002744213,-9.691891261794858,342.68398381142305,114.73613701341792,240.4829441681896,317.17119583403394,0.5693080712433037
kmeans,2023-06,8,8,144,0.1930013214543088,598.377026749373,0.37955820821381586,0.7145250840882172,0.5617932508515293,0.5098596030010004,0.5869296068743125,28.17330800844561,2656.6621427646746,-9.786619901482322,200.1043435262225,66.56830387775648,151.2463409222594,196.20310842036454,
leiden,2023-06,8,8,184,0.12005366861429266,459.941408938992,0.5066522551375885,0.8613626344969456,0.5785572675440788,0.5748750340011038,0.7328224049090083,22.78083480537036,2570.3101798164,-11.55835583587692,315.1351951712348,104.17645979677383,222.3299323140281,303.9713518703144,0.6645856118524177
kmeans,2023-06,9,9,134,0.18823739459261016,561.595447343246,0.34710542207934014,0.6652755167660902,0.5503552290133663,0.48697538992493017,0.5559489458109528,27.99329315330895,2360.284554460003,-14.151755260087715,212.64000845229043,57.92301679108329,163.69446962003585,192.52285667822332,
leiden,2023-06,9,9,87,0.08006929987925092,398.6423761296691,0.473788345382109,0.841375078338966,0.5572356292529215,0.5728143902715412,0.7254241579823827,10.811331363288494,1799.4607475545722,-13.242193379391182,354.81070107384704,110.8037386009644,252.4043077867028,341.9449022768692,0.7758084906765625
kmeans,2023-06,10,10,87,0.192295587867099,531.7202211044746,0.34804631592104146,0.6447654811214704,0.534254119569756,0.4795690090447973,0.5454047886814894,21.084257899841557,1655.801883600391,-10.110568303325245,218.90839267568478,49.18488752901402,170.10336930727354,179.55715364797936,
leiden,2023-06,10,10,100,0.09339609643938217,377.02337374446387,0.41684654116623693,0.831616891861595,0.5600913959871171,0.5673539413715317,0.7332199616665117,22.893077134231117,1767.116762264164,-12.330546355201838,327.09766427510147,92.96822242836429,233.07377842788856,331.731406809092,0.8221591148807254
kmeans,2023-06,11,11,98,0.18487014855870088,507.0464846101621,0.32682872763245435,0.6254906657771208,0.5598693937237786,0.46326016265507813,0.5357698028114414,31.758722857757697,2616.0536398729,-10.03584732525131,249.16021988318934,110.2212553536049,191.88768890248633,235.64932386947297,
leiden,2023-06,11,11,99,0.10794422520957866,374.6792570879312,0.3833982602217981,0.8311053201021394,0.5556926770103296,0.5685340453981426,0.7404522815516134,20.97818222208132,1796.7940628946026,-10.14227430878856,269.41458093537983,100.6425947376196,191.9086075978474,257.0080121598868,0.8382167309519851
kmeans,2023-06,12,12,66,0.18765445003066705,485.45537318638213,0.3231224696313744,0.6040199586384515,0.5529765258742174,0.4527855680165899,0.5341482767315776,18.57048518282494,2344.0138176553864,-12.633448736603707,223.8065963145238,76.23650128099507,173.82303086919399,201.07989606642067,
leiden,2023-06,12,12,94,0.08730360272833138,333.414605728468,0.3859768159110459,0.814904454090622,0.5551940933483586,0.5610627539997495,0.7390632077222768,12.038121220479315,1295.9486025264275,-8.244302536462135,452.1281581544042,92.21346199278456,323.01005822797185,453.9049644036298,0.9056452674745888
kmeans,2023-07,4,4,346,0.2231639272697231,858.0806757010583,0.7994227004847991,0.8400390767030477,0.6635718222154801,0.539376468609921,0.581946513021763,65.66576885462806,2630.7469611215033,-21.71820245692341,211.21065639541231,230.9872478762132,151.5257633351856,212.44978702424098,
leiden,2023-07,4,4,384,0.1953906939630343,755.8052644752995,1.2365966774099288,0.9252406888389444,0.6297065588704939,0.5846221875392009,0.6618083433693065,70.7621578987582,2358.400715802403,-15.650250282886558,219.54436307418774,105.47355967309595,157.06471781004439,224.88597481159218,0.3065723382237398
kmeans,2023-07,5,5,193,0.22782669622269308,780.2533168683802,0.742787565749679,0.777994161362724,0.5983652192287374,0.5308639216655047,0.5703313144339314,46.76671637345989,2472.524940232484,-21.690053230044846,188.68129012836877,67.48615737819303,140.05909284271183,198.65646481587646,
leiden,2023-07,5,5,210,0.20100508105374812,654.3737371856932,0.7303814635069564,0.9060976551672886,0.5837139960462775,0.5926460456223738,0.6874036055626525,33.52905938517837,1900.3914934372804,-14.516008511267996,246.23115700299064,49.746904397158154,176.78867207469415,246.58477528706862,0.35787928411149655
kmeans,2023-07,6,6,182,0.2150335652658873,711.2671011295115,0.6983632310264265,0.7616018179620124,0.5687196283354465,0.5314225633464512,0.5883579137650823,53.66850038172292,2415.187549983746,-20.34477048570627,229.71582974432846,46.647384214074854,173.12229307951455,232.84481484253635,
leiden,2023-07,6,6,131,0.12771201012854405,513.2874173195319,0.5742378962923789,0.883115878031811,0.5660023200998626,0.5888045122136036,0.7100288497886952,29.337535472222932,1800.405844911811,-13.472010508519602,288.7839357396944,53.005571580129434,207.66613927430586,243.39999167098574,0.48768988404573677
kmeans,2023-07,7,7,173,0.1950547070379502,655.2038610887367,0.5835231971731387,0.7315464960294182,0.5721878624032204,0.5156885415990418,0.5839370836912354,46.642953059904876,2731.0796370209137,-13.271662599299765,237.3194609377371,71.56139647668788,178.41401233980707,223.71094026525023,
leiden,2023-07,7,7,191,0.11459416860881849,508.149342104216,0.48139143350200836,0.8801214202738318,0.5824396174158071,0.5818532258176821,0.7293011416192499,25.675699286525223,1763.719896593669,-12.873282996772092,338.06977639411286,84.56611589639712,237.36368293361983,328.906621156271,0.5693080712433037
kmeans,2023-07,8,8,146,0.1987100560165013,614.1758146844218,0.442694767147234,0.7021640359525145,0.5414446684319459,0.5087470642426342,0.5710787293319862,40.72177024926929,2899.313337309132,-11.588164227339767,291.4183036339217,32.64993631867304,223.64346513925372,282.7915460169536,
leiden,2023-07,8,8,143,0.12716510347265295,478.2077858677193,0.5366325272164805,0.8693412103778517,0.5803521075342387,0.5778181061202202,0.7372900435657948,24.465243085172936,2545.768562993635,-7.6416972825632,338.9457040332812,121.35580417940906,237.63995736510847,311.8671140391285,0.6151048307888265
kmeans,2023-07,9,9,143,0.19234803620309804,575.1281175145156,0.3443804129021351,0.6668021332086034,0.5478145884018707,0.488398138697322,0.5530345480471031,32.3445732136619,2986.1875229326224,-10.34707727902768,242.63824022411757,57.51059065327607,186.77871706319527,240.36632487096628,
leiden,2023-07,9,9,113,0.10862886963842304,444.19752160148676,0.5224148273860008,0.8563264153229295,0.5726534756049819,0.5745698367183156,0.7404211667633421,20.17071303707593,2543.50438333011,-8.618133320055922,372.3921186229341,149.63914576662455,261.79264842415125,365.0517571327978,0.6393667338258773
kmeans,2023-07,10,10,90,0.19615289696335378,547.6398873021803,0.3424459989143516,0.6485912725632068,0.5289291519043696,0.4829209690896618,0.5479915724769697,25.35440797937929,3033.891361669954,-12.967890943496874,282.63109445482365,48.12345695291459,219.74852386202554,272.80079501781614,
leiden,2023-07,10,10,163,0.11864979901993132,428.016331049022,0.39249404093817425,0.8500263224006706,0.5655502379647857,0.5740579553438315,0.7491453471301839,18.13123938595609,1828.833723163389,-8.127613088330508,410.4490907977193,121.04308321042906,290.21920808763815,407.7002329809569,0.6645856118524177
kmeans,2023-07,11,11,86,0.1849091202136445,518.8988159962449,0.33354125308444543,0.6514924632508919,0.5049950361500734,0.49021236850117567,0.5587136843781153,18.90876291663115,2057.564825067952,-12.000623924039784,253.97284259425416,24.877405757232278,199.29846718429488,224.23122208152145,
leiden,2023-07,11,11,108,0.10151383483037593,386.96754882708046,0.3719969742912103,0.8344226435602202,0.5610106692681495,0.5683613330731433,0.7450738403244399,19.235017448275023,2058.4399328234585,-9.220579121886335,429.40134024469006,99.03353122877046,304.3937777228643,403.5616595321193,0.8712789538974793
kmeans,2023-07,12,12,75,0.18924634481110933,498.10418803800195,0.3166822574825421,0.620287432475759,0.5580203610718653,0.4607920797013149,0.5454373695895763,23.52714189642934,2404.3057819177025,-16.28017894071723,236.5010616917096,97.51312760970512,181.77837615281106,224.57130231282824,
leiden,2023-07,12,12,109,0.10149487724534981,369.6240630394478,0.3557216535520636,0.8267031238265973,0.5605622887424921,0.5649122722210798,0.7479619131792188,19.705467021034842,1740.8142526286313,-14.038602118283404,365.5751991282547,111.08799276305768,259.53552967965317,364.51641755360293,0.9056452674745888
kmeans,2023-08,4,4,360,0.2196604441440158,849.9221088564972,0.721529261439031,0.8317376922317999,0.6638276012758214,0.5358684246747089,0.5746403494999603,70.50311767046668,3321.9025131510466,-27.666926817691344,186.41423460525124,271.276243604877,134.30164597321274,182.59606691731187,
leiden,2023-08,4,4,224,0.1852737189401911,704.5847394043302,1.033183137307019,0.9154897916712277,0.6220517182483802,0.5833069718978677,0.6312123412939563,38.39665766311172,2805.2065847602585,-31.100671221257496,183.32513732792913,66.43597449906592,131.71710541032533,163.9150864668145,0.3065723382237398
kmeans,2023-08,5,5,184,0.22601919148790878,772.7659302685751,0.7347814296846875,0.7576350696662697,0.5944183686513108,0.5223800595098644,0.5572603844604269,37.797664206540865,2667.4419383902696,-16.425286467588368,227.91554603798448,80.65977274754742,171.95348295849004,223.56568373845244,
leiden,2023-08,5,5,333,0.16968004711733725,600.6959656696803,1.1300073338664955,0.8989494798637869,0.5683514640410632,0.5949685782950062,0.6964646313880146,38.45227212487653,1517.0866617835154,-14.397418760154157,228.6387008884012,3.697936164643569,168.47859398494353,226.7698502509112,0.35787928411149655
kmeans,2023-08,6,6,182,0.2130808245625775,702.054736470903,0.443684202500994,0.7422505061754324,0.5698379378073034,0.5216233789265825,0.5696614707424776,48.34909521331868,3059.964017846452,-15.675646219351304,220.0378421403491,48.454197535030346,166.79894330711323,218.78457501089807,
leiden,2023-08,6,6,167,0.16211381579325035,528.0984009329077,0.703296934305121,0.8833293719170507,0.5691242450395141,0.5878187057245743,0.7111316393906958,24.01780651982069,1862.5430390875226,-14.541295272778012,260.0816231443711,57.10760780948347,187.1054002529422,249.17325569728737,0.48768988404573677
kmeans,2023-08,7,7,181,0.20596264379523274,643.435038562606,0.4941759234945967,0.7447490822914205,0.5662761901664155,0.5238316405253025,0.5947084646633274,40.41551053947334,3917.8716027232476,-8.707027408777002,242.06111013324588,69.92679346607032,181.70865609486128,215.89740360102584,
leiden,2023-08,7,7,165,0.15736853850311963,466.55302139480153,0.7452470778617213,0.8616488906651876,0.557204827725716,0.5821499925731048,0.7106839077690471,29.2095477704189,1716.0340742361543,-5.644890676241394,258.52374420361394,65.5981183137725,185.91192823538475,268.59271597949686,0.5477046682322284
kmeans,2023-08,8,8,163,0.1939553132112231,603.3096940841306,0.4096539530787717,0.6943026319385416,0.5579141454997604,0.5004483346540906,0.5696736116048156,43.52625625141975,2450.4555242560878,-8.134069883541128,246.7821409484167,81.3005941783303,188.33377351806334,222.74365765452495,
leiden,2023-08,8,8,106,0.10276753085333913,440.1560550225935,0.5061384408653585,0.8614259460376632,0.5696519640276684,0.5778617053885445,0.7265829172870627,14.248756273177804,1472.5203102035275,-6.44562236925478,270.89184894241316,117.01661861423294,191.5517168663693,245.8095406596753,0.6645856118524177
kmeans,2023-08,9,9,142,0.19188684893652466,566.9197959082713,0.34768616594121576,0.6566730409140873,0.5415381850109073,0.4844102157212042,0.5435453406439251,36.89472050044525,3229.4230245624594,-9.729949788326133,209.39428380716745,61.706366474569926,162.4882542952475,205.24128736665267,
leiden,2023-08,9,9,107,0.09754094779061417,407.4238320101637,0.40336761437085467,0.8477994592309547,0.5595263987867239,0.5750263887624056,0.7303488669209094,13.34578022716747,1314.3437700279533,-7.353423672872017,260.68379532101943,81.99398892075307,185.1601813402888,242.87759627619099,0.7758084906765625
kmeans,2023-08,10,10,93,0.19409938305783173,537.5600684625005,0.34092157111602983,0.6349156423230726,0.5309883789175139,0.4748336359605326,0.540254281846628,29.3424116799507,2734.9729543065937,-11.149854274560258,263.2445778817008,59.3527562958756,205.88528779615285,224.58895496841018,
leiden,2023-08,10,10,76,0.07280114875079592,379.18209396781936,0.3875795722121326,0.8351409953692028,0.5594633163819857,0.5691954008242601,0.7360144682490187,11.100301872722973,1863.075308052143,-10.314797974705897,274.1182371236384,69.80356726795756,194.6621584691785,248.04731796251977,0.8382167309519851
kmeans,2023-08,11,11,90,0.19109769672822818,510.86585630661807,0.32960968384755257,0.6175101466049226,0.530513443332102,0.4651335794362736,0.5296870038390219,21.399782431108697,2532.265418116387,-15.240630226392474,262.8226930684908,47.7164667858271,206.07510148359964,239.50808686500017,
leiden,2023-08,11,11,88,0.08510762459631548,365.3422178826168,0.3746350254626015,0.8246260662985114,0.5596030314565207,0.5642468726208592,0.736595869905699,17.498045657490117,2468.8260946539694,-15.127193013288998,313.202444734832,89.03722411781379,222.65836125930377,289.4063075995733,0.9056452674745888
kmeans,2023-08,12,12,51,0.19559050710486872,487.32486288658015,0.33354579878568696,0.6073704428540928,0.5098711208727492,0.46375461343008406,0.5267883401522874,17.237747222476713,2323.696531102101,-17.933687128388073,263.6136145354519,35.39222987626468,208.63864983448335,223.8150307377736,
leiden,2023-08,12,12,66,0.08095840073483296,343.6288169424538,0.3811437493098451,0.819211529421315,0.5432387152289812,0.5669176368525853,0.7361647439807157,12.208027538530684,1611.0959377861504,-13.29062841003232,306.7971212878864,69.7675131153945,220.09756171645685,288.70303928575765,0.9413671096153081
kmeans,2023-09,4,4,367,0.21835069479817285,809.3429956073938,1.214660227744537,0.8271478537772975,0.6475051927576412,0.5386541181270372,0.5761094103938089,86.92741135700068,3075.287144794605,-17.688480007553206,215.04807017926555,182.41110660671745,157.29806771459377,219.01492387426322,
leiden,2023-09,4,4,408,0.18471330297146038,685.1238667201372,1.7187560191870412,0.9145974068150752,0.605058662832986,0.5887769982064702,0.661536418382846,59.16900721980693,2274.701466941922,-4.465218718895046,282.93040332065016,31.67292572296639,209.20334420946037,267.3075337834587,0.3065723382237398
kmeans,2023-09,5,5,207,0.2212257755830792,748.827665503303,0.5304476746638519,0.760198092512056,0.6090536433856953,0.5196154174497077,0.5535854853915614,46.3686088608551,2955.723967553272,-28.551906498147527,171.38693344975198,94.25116277983543,127.60884832407974,164.99403529851153,
leiden,2023-09,5,5,314,0.1873846258879881,594.5321962371519,0.6511809383140903,0.8927164169180737,0.5648736011011731,0.5934541453905394,0.6862593266861787,41.01002409673517,1772.2091459791795,-24.060270224646562,367.9829807938038,4.240865658359808,272.7227429622331,341.3139709554537,0.48768988404573677
kmeans,2023-09,6,6,196,0.20929386354397728,684.4996499263948,0.43047004401930483,0.753484657909265,0.5833980776308582,0.5234053489939663,0.5840854051514789,40.62253583630899,2599.7853020268176,-12.780534467283355,203.7331410091027,72.11071884998002,152.72969092201774,211.04925022666612,
leiden,2023-09,6,6,234,0.12392154733349502,507.29558598250844,0.7084476304795833,0.8840280909279783,0.6035955715341275,0.576441522589028,0.7106612281927157,25.933165953940545,1463.7573383195413,-14.007080268643799,232.20618078541995,114.8947313502236,162.7898345483679,236.36443426351875,0.5269210446081546
kmeans,2023-09,7,7,179,0.1958331348372531,628.6552192743305,0.4518756198545863,0.7283902384254878,0.5927542538819678,0.5087389392228193,0.5837841517581291,39.70951846086902,3876.2101021403264,-11.734077702515922,216.11326713396915,117.61676435890195,160.78515962720076,234.36141239035538,
leiden,2023-09,7,7,165,0.11728954096239261,458.74925071079974,0.4819391468411564,0.8602355319677525,0.5901482878546384,0.5705741401944044,0.7119634731069078,21.010659243079687,1578.8962406590667,-12.75838510727689,313.98532642805975,86.49622564207793,220.61496429960224,306.1728955824399,0.5693080712433037
kmeans,2023-09,8,8,147,0.19405352463473152,590.1744745705626,0.41803302252132163,0.7089271620008564,0.5591765512786273,0.5076763969184696,0.5823246042942007,55.198918805556936,3733.8237464267995,-11.65955862377434,267.9752442937887,66.5279597090577,203.3501309460352,265.42401636833404,
leiden,2023-09,8,8,148,0.1025554977797299,428.1785977769507,0.4421234165296302,0.8532928590644134,0.5736315473530333,0.5728813550257807,0.7290261237811997,21.121374519892058,1649.7143006630824,-10.41653391157269,309.49681860115504,89.88574097207106,219.65427477786045,311.7691194690919,0.6645856118524177
kmeans,2023-09,9,9,149,0.18989688398113627,553.1548401178898,0.357341739729864,0.6573027929260445,0.5329118064934818,0.48678840085732655,0.5366656898202906,47.078467246930195,2647.0161188421644,-8.70184046010492,242.1249788542187,35.36625433231572,189.14440764907826,217.54219779530536,
leiden,2023-09,9,9,145,0.09257458603284155,387.92506273169596,0.4244611435985474,0.8374756057547175,0.5700773877977261,0.5668477874518163,0.7271185665841129,16.16950041423723,1668.5644018126104,-10.20931102996422,379.42299419065006,83.54231162801268,268.915531558875,364.32307147313236,0.7758084906765625
kmeans,2023-09,10,10,134,0.19160523242316824,521.4512196561087,0.3403041143177419,0.6412433905145984,0.5396971059354929,0.47637935590379543,0.5357799115363271,27.878588466766697,2390.3620171262546,-13.498591426857335,267.0804369449822,53.462626414042106,207.64559662551386,246.04130684683489,
leiden,2023-09,10,10,134,0.09691941620536533,369.86458105386015,0.41182477984295834,0.833644828525516,0.5657901452518553,0.5664625529082706,0.7355149094820901,15.513565413459036,1758.1013617287254,-18.907469085603466,317.27267906518415,107.17460246527072,225.07930233521728,334.30894532890886,0.9056452674745888
kmeans,2023-09,11,11,93,0.19306761221999863,496.86276386217656,0.34729201049950964,0.6200583279787028,0.5239522999682656,0.468010586637793,0.524882081125818,26.268916120256318,2647.877131661799,-17.47989803006115,322.6804904453638,41.42225424010654,253.70981846856216,273.419542188192,
leiden,2023-09,11,11,83,0.09154579448470626,338.44790587315833,0.39653133574580346,0.8201906631898283,0.5545625439427265,0.5637641975560406,0.734411840189449,13.618871819347355,1536.537297687225,-21.011951504492913,360.36646426023015,100.75514156040313,257.183115962926,375.74718048256034,0.9233334542727976
kmeans,2023-09,12,12,75,0.18596585818850123,473.7344512038786,0.3349648255727068,0.6109641209668095,0.49947820163729123,0.468113177486341,0.5237853752403182,21.256365238346074,2261.3939087239733,-15.147730723682676,342.1510503278894,29.155696195311197,271.96732392716166,293.982575790747,
leiden,2023-09,12,12,65,0.08720724474318839,325.59755031544614,0.39308649479637636,0.809192127712608,0.5567303612923409,0.5578704648432689,0.7328849779641955,12.095140135399266,1454.9115262864582,-14.59951050342583,436.8417201662307,85.97037798063289,312.32301775038025,436.65427490057215,0.978497947145011
kmeans,2023-10,4,4,367,0.2190687496063377,841.0037413247259,0.7862816574690505,0.8411219413394255,0.668093474082022,0.5385082591123143,0.5880830505367929,110.08385515071917,2949.6595486348456,-32.764192259793795,217.8339664155123,211.04328705242642,155.51389643105665,235.87833651383,
leiden,2023-10,4,4,430,0.18587927466531837,712.5838705244433,1.7840128803894642,0.9206908241344829,0.6089924370065576,0.589924080166296,0.6704441668023615,63.48509517127976,1511.079332110518,-4.564021391012574,231.93410283934696,75.44643332509824,170.059902636733,232.73203442101791,0.3065723382237398
kmeans,2023-10,5,5,177,0.2229555936117526,765.3843910075939,0.6766809450158096,0.751359861539398,0.6180177268345076,0.5130999802361785,0.5512092954653092,37.02827663115705,3300.970584252712,-19.724265415703496,197.7815978892525,81.26772039649813,146.54018053963608,203.3525847370062,
leiden,2023-10,5,5,152,0.14386678399975555,550.7089604458218,1.1308026989207096,0.8931285316108258,0.5618098292018545,0.5947178931629092,0.6838510646778617,22.127468187759746,1626.6927962343896,-16.43832996212529,284.0343154353144,30.04152147377315,208.95891862410852,240.89762119609082,0.35787928411149655
kmeans,2023-10,6,6,161,0.20997652712336826,699.8677160797054,0.822963531330057,0.7486821074725785,0.5832463411955126,0.5211246423394321,0.5812549358724505,34.35882761346453,3039.647719570331,-12.283861034270537,233.24431213609893,63.42811979028648,174.8004721455421,254.70605867705345,
leiden,2023-10,6,6,167,0.15881509644490935,524.1443415716176,0.7999633331707693,0.8764103052564288,0.5572363617433012,0.5888399158396167,0.701582688599949,24.25244702825149,1629.197472635597,-10.104472454619604,339.52624910696983,41.4551331336663,246.7065754670885,330.96447581471284,0.48768988404573677
kmeans,2023-10,7,7,166,0.19772462160338056,640.5971813893402,0.4134043065515335,0.7371172431214331,0.5947834324108386,0.5124474196444361,0.5985893521534376,31.222475848698096,2910.369434883557,-17.004891340726815,246.29728658215365,146.78210327873688,182.20262742962203,253.56903965443868,
leiden,2023-10,7,7,227,0.11885958181082953,474.3999378174139,0.6123572415234413,0.8718089576632665,0.5916335343072401,0.5751510063421524,0.7255124341260516,23.58773229745981,1655.275987417906,-7.559552945109311,459.80604997196696,106.12869527641293,323.1491948592422,467.6265166026859,0.5693080712433037
kmeans,2023-10,8,8,135,0.195258262729685,601.7698578861375,0.44866749877642487,0.7133290998711832,0.5848882341173387,0.5033306109302319,0.5905356238930739,34.37236372241091,2010.6578586802675,-9.884087496843723,245.70095212388676,137.8884976240532,182.98932087545586,259.79669729185827,
leiden,2023-10,8,8,88,0.1086265504022748,458.89338470804176,0.4318845916277956,0.8619631830922232,0.569021038052121,0.5783143467586002,0.7277652419704358,16.55591948164299,1589.5493700253974,-9.80431245817732,446.2368544030752,106.06086495590753,314.81767407784946,459.40527662569355,0.6393667338258773
kmeans,2023-10,9,9,150,0.1899663828553448,564.1593415387334,0.34978605025831155,0.6533260632242537,0.5444120718846446,0.48191810750597874,0.5375811482378998,32.343977809692305,2520.8903975202716,-15.192513248746769,216.650697154412,46.29279463479031,168.48254056104935,226.12765062806992,
leiden,2023-10,9,9,131,0.113984431134249,425.98064250726117,0.41164568524395057,0.8436155307072798,0.5733722510840473,0.568586823047236,0.7293586450590087,13.757385626487384,1895.5385088688658,-9.92724812816664,454.89497779423414,94.49757602021863,320.830376368232,434.86649323341595,0.6645856118524177
kmeans,2023-10,10,10,128,0.18862635449953385,533.15916551563,0.33015233257900567,0.6486116730952436,0.5586320815934464,0.47610282012875377,0.5542080657143205,37.619755716079446,2198.434981830383,-15.865564311579725,223.75907005697144,128.8044064192051,171.60029539699244,221.2466102476341,
leiden,2023-10,10,10,108,0.08968875102849297,398.7648669456087,0.38185737546302007,0.8425495377741882,0.5672576559755508,0.5700826909911839,0.7415735448017085,20.153008278271987,1468.4694906362479,-14.82652805955017,382.6287694125975,112.29438685487678,270.0946505828452,378.75980257222966,0.7758084906765625
kmeans,2023-10,11,11,124,0.19088478359226618,508.12696536670245,0.3228060310531993,0.6346340097162398,0.5583608076370603,0.4685877211010393,0.5477042181672255,50.676689493964645,2955.332888175046,-18.639857557843936,267.9527832212223,97.8123747999533,206.0029001960642,283.3391212614036,
leiden,2023-10,11,11,106,0.1013594289831537,370.15520848893834,0.36449785311045085,0.826299182479341,0.5666671657634784,0.5627833917113372,0.7395243472114131,12.370240617271259,1536.7498846601104,-15.568950224631507,364.5253994100691,98.47161185479372,257.90413220816043,369.8555002680054,0.9056452674745888
kmeans,2023-10,12,12,48,0.19384985567329058,485.26934772063737,0.32556963389924143,0.5993181364170365,0.5287491426002112,0.45510149968546126,0.5275997935581473,27.317571021998187,2322.810996771243,-32.92700207305238,255.64016900498635,59.86600585581806,201.17923261789866,232.34249695261835,
leiden,2023-10,12,12,85,0.08866234901757308,352.4991369021472,0.3628168789933959,0.8209945026517121,0.5564385451976456,0.5635474417200586,0.7417346819331341,11.488450991040914,1556.21863892256,-35.50586826231021,420.0058028254858,82.88550622256193,298.1491540222557,387.59976741716076,1.0674853911886828
kmeans,2023-11,4,4,362,0.21364159743806568,820.5841954567923,0.7252474150629871,0.8295336293575231,0.6632218467923539,0.535126081844653,0.5756357090830722,74.37746919853313,3512.200489054256,-33.2096751451851,182.76738910811952,282.8291090347664,131.6990739481935,189.785276289446,
leiden,2023-11,4,4,187,0.2021169776171112,643.4829252398413,1.2838572177243168,0.906583910881484,0.6101596076416208,0.5837025131109496,0.6374337705971551,23.48981225730031,1657.4401817795858,-13.544169817008038,234.1870181648438,63.75394440264752,170.15930534356073,208.89964811270946,0.2626209527531349
kmeans,2023-11,5,5,168,0.21792440103455704,748.9299298073498,0.7641892077448456,0.7507988767587275,0.6069282738536252,0.5157715478680724,0.5490495913582052,36.229869553665154,2570.528890405589,-22.629131691645746,173.1874800902099,108.06008685534312,129.43114783220034,175.45536382320606,
leiden,2023-11,5,5,217,0.15610769431910687,523.2191604367312,1.0441874308276873,0.8880096796400532,0.5810457971955396,0.5857682971242313,0.6766266015025801,33.462038283968845,1351.6371286850383,-13.444806370935408,233.84764078518782,39.42224903630536,170.87985219006094,224.25488319305006,0.35787928411149655
kmeans,2023-11,6,6,165,0.21095790994710473,688.6254027807881,0.6772059905966834,0.7468245162053826,0.5865460684687508,0.5193324867755232,0.5822290489413242,35.212637443353486,2161.4585678836456,-10.580179671622881,205.86731332116798,78.64108522973325,154.55685941335392,195.87304130390984,
leiden,2023-11,6,6,183,0.15081533985787351,523.8134060766209,0.6697179887778109,0.8719479218645003,0.5819939354026392,0.5784187054345351,0.6998431104678214,28.785461469225204,1691.408559019933,-11.447311544939257,298.21322228596665,60.74307589468278,213.18356728842718,288.8538542177372,0.48768988404573677
kmeans,2023-11,7,7,154,0.20303458398722107,629.6738155821158,0.44069499847163784,0.7324546679848422,0.5885478006453536,0.5118178731134994,0.5944192650893223,38.18666381328474,2185.208242994487,-11.82627297805333,265.9761291149434,105.22916020677863,197.84606806826037,252.70472566913827,
leiden,2023-11,7,7,168,0.12401688039604912,474.1710903505215,0.6120499715902288,0.8673512180041731,0.5733877832562427,0.5792657820900199,0.7124234721446219,24.85538561757842,1910.4706644971538,-8.744488247484217,370.4492577818518,64.98518422341327,263.1627729522324,363.9179258672097,0.5693080712433037
kmeans,2023-11,8,8,147,0.18669813337461902,588.5489846845945,0.42215854923718993,0.6932676832301627,0.5886611962901874,0.49234272402141405,0.5779211363875467,39.555519922177,2306.5143187154463,-11.069859379228468,295.2327580140279,117.69421088990991,221.14665492019336,254.38102758501876,
leiden,2023-11,8,8,170,0.09560723125682452,405.23895036343043,0.5936452032424239,0.8535792874685428,0.574634372274034,0.5726813682094101,0.7265908629718881,16.571730790077353,1740.0421738098773,-10.993548119344636,460.98903593157496,100.38102873640047,327.38939394785683,384.1260862077496,0.6393667338258773
kmeans,2023-11,9,9,121,0.17789058851657577,550.6488638880427,0.3978600912588832,0.670129731238559,0.5615696192937344,0.4868980623308477,0.5602915707081827,37.07010169242677,2658.19396509758,-11.118037851865546,247.2477320045903,91.4139701059928,188.711558649172,229.94583049932575,
leiden,2023-11,9,9,84,0.08280656970216874,363.59787567809,0.49657164661731734,0.8347144997926509,0.5602765997515873,0.5687340683448288,0.7234790573736708,17.84196810585528,1317.0626470286702,-13.924594442900151,404.5766894925229,81.99874338445976,288.34142605110924,502.5062411691317,0.6645856118524177
kmeans,2023-11,10,10,124,0.18075975936000033,519.7799560028321,0.3411306419656244,0.636208799239401,0.5717159488499082,0.4665208396038018,0.543465623387122,32.375579076441255,2162.4819603024007,-14.070475573918257,297.3043522305304,94.9174328103045,227.42982851116713,296.9642574634386,
leiden,2023-11,10,10,57,0.09271800861666668,363.4389686301187,0.4522240621017351,0.8309365155147372,0.5494455146720366,0.5704809576145194,0.732500849307693,18.55715596030638,1389.5287912121914,-17.42436709045487,544.7887852897181,84.91192919922806,389.3548231058,498.00387443406896,0.7758084906765625
kmeans,2023-11,11,11,61,0.18973859102641047,497.30900435899554,0.3476725435985023,0.6302780488838166,0.5415377634338573,0.46989409484506384,0.5429402572770432,28.257154821831485,2679.635816312018,-20.309963470239747,279.5002875941874,71.21520273463804,216.70618781379363,242.77432439208016,
leiden,2023-11,11,11,131,0.09218028587264133,349.27126606308263,0.4040587097705271,0.8224175534904937,0.5654613861012247,0.561359784803411,0.734552855305383,21.383290607663813,1762.2761375830482,-22.748632868098984,471.8911781750084,121.32508635267924,335.65619668102124,435.3053544627015,0.9056452674745888
kmeans,2023-11,12,12,55,0.18233678791068486,475.0354894090841,0.33519656194171576,0.6185075222381813,0.5389171544982587,0.46388377964816796,0.5448237757016722,34.705984038281166,2316.62872584467,-21.8393128280953,242.18668697750147,80.07450402518216,188.69018165026992,240.09325866626517,
leiden,2023-11,12,12,85,0.09253242193061609,342.006256855358,0.38051717376750877,0.8150674985522489,0.5525653499942922,0.5619689944133077,0.7364371596490222,22.959575048412844,1623.9372957402863,-36.36223754098395,374.6072067686671,78.0563975685472,268.3642293741752,366.54030635296056,1.0989112365035527
kmeans,2023-12,4,4,388,0.2204173569497103,856.5153367350186,0.7135104018972767,0.8416445713317542,0.6298877808270688,0.550043573827201,0.5864800619423113,55.75246883231045,3535.561267137291,-28.508617159191925,164.93661930469318,108.22554282906282,122.31212111844347,164.53332853593773,
leiden,2023-12,4,4,459,0.19083891087403979,755.3262658367403,1.8935975064240327,0.9230583940990156,0.6220647623390598,0.5863658762596945,0.67199056289021,78.8058374072427,1966.194763864063,-1.4137786405496977,206.75658774566818,232.57618668666672,149.61779762806196,209.07133734131648,0.2626209527531349
kmeans,2023-12,5,5,164,0.22644598804051164,792.5206311380635,0.7022541771450491,0.760670110243667,0.5931417062687713,0.5241716408699462,0.5597904656380899,34.193855522525695,4139.888640536115,-22.037585561622688,173.79545128638946,60.04942685903732,130.87516442562816,157.90454864945258,
leiden,2023-12,5,5,252,0.18808980347906376,601.6370531500868,1.4750585206452593,0.8968423081039288,0.5664712158491128,0.5947090739618682,0.6931349659557352,35.74578684113665,1503.5928598941482,-7.3724661978801445,211.31848509815293,9.844557633617983,155.65229249933543,210.21230623184226,0.48768988404573677
kmeans,2023-12,6,6,165,0.21086380422765616,711.6565938181047,0.4330892354176169,0.7510796918775675,0.5918580821192032,0.5199465205431015,0.5855054576993537,36.81079422841543,3175.0784082084588,-15.72337454322464,211.75588358206252,82.50143444739486,157.0960643398784,218.50702287122843,
leiden,2023-12,6,6,156,0.17382617199697142,539.5383895764647,0.7217329347689858,0.8799109340009589,0.559247747277688,0.5897177723760173,0.6982136204005099,24.9742189520498,1538.9427038613005,-12.32432317030295,284.96261979612245,44.50244507329641,206.43920741707907,248.08505796492608,0.5193321478172492
kmeans,2023-12,7,7,155,0.18777360415710498,652.2273782087623,0.39542784447356866,0.7012474285296489,0.5866955104832491,0.49683869114005386,0.5588065329060659,40.39640659430261,2251.534720738951,-13.386012577353492,265.17140533430995,93.33823131571644,199.48310837168106,251.55737696150157,
leiden,2023-12,7,7,157,0.15403642394707898,472.04918421680935,0.6248242468692875,0.8617402011241636,0.5529401123272506,0.5836407823946647,0.7104375172943009,18.80436885390953,1483.6418610690628,-12.901419920275046,298.9565959318014,45.2973930005207,215.6623254215388,265.7838363888625,0.5269210446081546
kmeans,2023-12,8,8,135,0.19160225809337678,609.6447164982749,0.4114928447797698,0.702302221099974,0.5852433566889713,0.49772743210644643,0.5817645657681427,38.334320778171524,2523.4871496469486,-13.776867841946087,225.96416933007023,94.53248415746849,168.72837113015868,243.79858882491922,
leiden,2023-12,8,8,152,0.11773622444377209,466.26335993555716,0.49102380868287565,0.8569737844348675,0.5677237881269831,0.5764949317856746,0.7278232878831712,20.53717823198096,2384.472044078246,-14.945880905289755,341.5059598746676,80.01311473825926,243.11047439904502,329.8314894585148,0.5693080712433037
kmeans,2023-12,9,9,141,0.18993077403325956,572.9876215803024,0.3457636100830341,0.6619974946836407,0.5709975260156538,0.48040494042354126,0.5550964342149548,34.73214298958191,2625.998846893345,-13.867411752403209,291.1523943959787,80.96371272943793,221.6157583318247,289.70556772934737,
leiden,2023-12,9,9,148,0.11199807112008,440.0915677382464,0.4105594841797171,0.8498246001096005,0.5732919993956729,0.5714268062906565,0.7356812594375315,18.870263143614807,1913.99809529194,-10.735216964873013,347.73576133589137,105.15592442945568,245.3729087415411,348.6649511388365,0.6645856118524177
kmeans,2023-12,10,10,130,0.1866893558077277,539.8160403803736,0.3330897571612848,0.650126160702948,0.5711869653508775,0.4740797025630754,0.5586756083916904,35.618015459862,4494.027185699699,-15.05153046220947,284.5734989200354,80.55474118708324,216.62211218769613,284.7329750915043,
leiden,2023-12,10,10,132,0.09634434506956102,395.3057957250492,0.3927632578445543,0.8379429022016002,0.5607598080854371,0.5700738987331483,0.7354321843161824,14.446455434451158,1677.408524155997,-8.946394787710576,366.74949499374856,82.83066137592671,260.4695008344145,368.3835919329179,0.8382167309519851
kmeans,2023-12,11,11,63,0.19041868540634901,512.4948871754942,0.33977531449500137,0.6135724940414082,0.5631868160249627,0.45599924619383375,0.545967758981336,22.834182346527488,2949.974258808861,-10.879735815599455,265.37132868016107,74.82725981865012,204.4478692094806,278.8722684736566,
leiden,2023-12,11,11,102,0.1025442951441195,366.0098432205349,0.3723516730869222,0.8236263519095908,0.5623419756208712,0.5629094136816684,0.7331453674301666,19.20604454435323,1845.2790530212708,-10.44669555243349,295.47699916423807,125.83730989893485,209.8465657628399,283.0612928379177,0.9056452674745888
kmeans,2023-12,12,12,65,0.1924084573335912,491.4584694432188,0.3246621543240137,0.6008452455288311,0.558483221609187,0.44988196035997297,0.5375863341301795,22.071054490265908,2968.0808068649935,-11.238041392935674,257.5511869946769,78.85208067948946,199.2289231372454,263.2020826026198,
leiden,2023-12,12,12,98,0.08377214850494281,349.5292603939838,0.37152577265122644,0.81639261542154,0.5582610294663534,0.560801583635138,0.7362813156688295,14.45688212339357,1768.504639284216,-13.86221388908086,428.06953147902664,95.67546652993632,304.72646675316935,426.9744198020782,1.1422561698089586
kmeans,2024-01,4,4,344,0.2089764985968531,797.7943583841379,0.7809104486607004,0.8317800063596044,0.6395650129543633,0.5429453538247216,0.5799001529483095,71.84161962001508,3421.267656619775,-34.020925011952166,262.2386981744616,151.56817552731243,193.21906610057584,268.5522969731241,
leiden,2024-01,4,4,407,0.1772523865002572,641.6678039023891,1.8176129319105994,0.9140919090913487,0.6296096820053307,0.5801838513546484,0.662259080494649,60.06296736353126,1549.9790221679082,-3.561918671494644,279.9523908939543,122.68311873376344,202.1370842295264,279.35222188776714,0.3065723382237398
kmeans,2024-01,5,5,219,0.21011975343333625,721.1218720629674,0.6306208118697402,0.7618836016755559,0.5940670584087027,0.5244928975080764,0.5622727308377496,45.8194568671252,2575.932861903288,-20.05705807358942,225.56793391944234,67.4562433185043,169.86953839362323,234.87920134979944,
leiden,2024-01,5,5,269,0.16096776946893462,551.0781256656716,1.4838273454463367,0.8854053550263146,0.5733131363361907,0.5872889539614344,0.6802603355959852,50.616833889799146,1392.8064098808186,-8.024396690567686,217.61591439741912,21.103893530763802,159.87561586277099,223.92672740623112,0.35787928411149655
kmeans,2024-01,6,6,198,0.2001432206594219,655.6491146198454,0.4762787042500871,0.748194181062396,0.5895364815201642,0.5191871024342181,0.5835995825083807,32.3392336835597,2632.0714683536994,-15.120065253474083,209.3614759963272,90.78151236363486,156.6759027979716,213.57951392892718,
leiden,2024-01,6,6,221,0.10324982197448143,463.14367327826113,0.8755319952943618,0.8823415812149763,0.5974110881312623,0.5777811888028959,0.7116738830788503,23.238787802759223,1548.277408240076,-17.98665336717149,281.83679585848387,96.3264725094659,199.337336303108,265.04644248690846,0.46918362769413474
kmeans,2024-01,7,7,159,0.1979060060335731,602.3173133959388,0.4745993752997372,0.7325978790991202,0.5658569009586014,0.5179033443379735,0.5853270353535371,34.91168288528186,2240.4118766334955,-12.980867782365088,248.39573017381016,67.5506632594095,186.92169767859957,251.86988400085744,
leiden,2024-01,7,7,131,0.13434285284919273,463.0616272212332,0.4735179124730198,0.8764773842177476,0.5537558326967635,0.5900796110393716,0.7186205624928041,24.502566636727042,1478.241772801287,-17.186850537257353,305.1828910820836,56.41050097645949,219.01119313281794,280.71317186013744,0.48768988404573677
kmeans,2024-01,8,8,142,0.19321706739903316,567.2801179518847,0.42029896943218353,0.718614322656919,0.5671417434340464,0.5105404196049771,0.5895444869784046,31.623687169502308,2348.646535237169,-14.283326461958248,276.2134923910899,67.68471740631647,207.4386976475355,274.7227702840521,
leiden,2024-01,8,8,127,0.1064961651953815,417.8701303696264,0.47447044523695275,0.8568359560052681,0.547822678378271,0.5831219249819436,0.725514230316562,22.489563248451134,1573.1154984632242,-14.99966471723854,281.3640609236494,53.70963453362968,203.0300927807493,268.95291477341226,0.5699967363804295
kmeans,2024-01,9,9,133,0.18911207978894512,534.725330495258,0.3720629204370752,0.6451966161199967,0.5467035962449073,0.47695844045215213,0.5294604346545971,37.175834951777595,2546.762324432141,-12.020538512016378,313.8402984228802,44.748536784770934,243.8974382693588,285.4020820872835,
leiden,2024-01,9,9,94,0.06732177899270664,365.9165630253097,0.4233154437675705,0.8438975563965013,0.5429077130087053,0.5787419960312323,0.7236417148539019,16.59611651383102,1188.109028454625,-13.827212833619242,333.9699521550682,69.5152994709354,239.300885298048,324.1363272438829,0.6151048307888265
kmeans,2024-01,10,10,64,0.18854389748203146,509.5875739646098,0.3645450196391176,0.6208154500539564,0.5355675742629357,0.4659067541509862,0.5249302901964288,20.439352233833596,2653.1940083820814,-12.886083784567086,302.051442046953,47.311920324563246,236.62763951322538,267.30545494183,
leiden,2024-01,10,10,72,0.12114551836281719,389.9967908148174,0.4147265773631091,0.8356912636972227,0.5360849748520098,0.5771342407692224,0.7353797408908002,12.372915629692198,1727.528987924099,-14.848426492394722,387.6268807158687,50.63861768655231,280.1042866284831,347.48378024739844,0.6645856118524177
kmeans,2024-01,11,11,64,0.19118104937974972,488.567502631526,0.35904045104192567,0.6206703519994178,0.5082315345279164,0.471833264050869,0.5234773938563649,23.31428195889152,2189.2836838380817,-13.82623317940954,222.12420861244695,23.345637144412695,175.65012204547776,185.73206186494792,
leiden,2024-01,11,11,85,0.11998580974760854,363.42819745874397,0.4452525239379127,0.8257216829765003,0.5327601254343585,0.5734530440646884,0.7302289334377131,16.957517385393356,1671.5273774273226,-13.483666390604437,382.83503601403856,50.72779364229396,276.452046494041,351.5489310628871,0.7320709620706006
kmeans,2024-01,12,12,56,0.19083729169670643,468.87308214591775,0.3479299877521715,0.6171876096055131,0.5081148225053107,0.46984362726316203,0.5278952680848553,25.420403116477036,2338.6747807142647,-17.9653261761514,299.45852278832535,25.968702436398274,236.1634176052958,254.98488587436046,
leiden,2024-01,12,12,74,0.09047417802036126,335.9824395274194,0.39925507903548624,0.8182031446918449,0.5288194274203422,0.5710990334646764,0.7358825948690045,12.386591981773057,1385.8828036112454,-18.63318170640597,271.39351915315183,52.3017492376726,196.6472050499574,252.76973725940178,0.9056452674745888
kmeans,2024-02,4,4,297,0.2618205395796342,838.3331514382774,0.7884996647485645,0.7706405325959587,0.5938681238720858,0.5286837410810621,0.49247329851445376,48.59235570884114,2531.392233135339,-23.9964018936501,159.3652573028307,31.16939486704472,123.89402583616992,185.14702025437413,
leiden,2024-02,4,4,471,0.177105034740529,633.7004906258496,1.8467338782678933,0.9075082931079228,0.5803103599808835,0.5944495067123612,0.6580441339378404,65.450576870028,1183.4549886507227,-2.718043448526433,252.94996824411152,-175.30981966934547,191.89106579039336,250.74223871361184,0.28374692870950136
kmeans,2024-02,5,5,203,0.20951500475818938,748.6804013378492,0.5392504898784531,0.7637837593431696,0.6163716123301606,0.5193071359871857,0.5645310573703208,47.20438072528423,2792.65646259142,-23.307041406840025,179.4016001985216,131.03969556469116,132.2320295928704,187.85127219460492,
leiden,2024-02,5,5,188,0.16415250025562633,560.6161795770773,2.0744533880965066,0.8860471876667754,0.5752034972743661,0.5869193656432977,0.6783643110196727,23.598633675135318,2070.8241341881144,3.5393614098106587,216.93592003215633,40.82593998677114,158.7318223563936,200.9545675471051,0.35787928411149655
kmeans,2024-02,6,6,168,0.2052273188382656,679.5598413644268,0.5084739835733951,0.7505009060055389,0.5974213080672431,0.5181710309807727,0.5860702189343736,37.47607691802925,2875.299375932718,-16.640726303239603,195.73864339375257,125.39187427747596,145.28562349211023,212.36788454741105,
leiden,2024-02,6,6,160,0.14922156163380335,499.7777784668772,1.0006906502268305,0.875266479045806,0.5761708336083621,0.581841869114938,0.700817333608722,18.396965386867468,1606.2912178177355,-10.10618657566562,274.2430979287758,75.82024890811596,196.34982408111978,245.45418076594146,0.48768988404573677
kmeans,2024-02,7,7,150,0.20157094603128167,630.3745518676676,0.422802647512059,0.728111435655352,0.6032448390546595,0.5059036470203527,0.5908041476734678,26.144070755866693,2143.5218350351415,-16.38361727735075,207.57378234591837,153.18180459987977,152.7479176291344,221.77086771347317,
leiden,2024-02,7,7,183,0.10920328811153963,440.28179996955,0.574553893891652,0.8687230080973245,0.5904133536247038,0.5742083121471596,0.7257433231707516,22.69029027292293,1307.8326824806625,-14.165921708348305,321.26435690149555,166.05342997295412,226.285968012749,326.33982207765075,0.5693080712433037
kmeans,2024-02,8,8,128,0.19781532086439488,588.9527039632243,0.39764455776221264,0.719315719100817,0.5684662563166543,0.5105488617381199,0.592330355400338,29.703477876660244,3219.9703773190545,-13.948582664870834,225.39445826251367,87.18436109071476,168.7497468672496,233.84706377338543,
leiden,2024-02,8,8,195,0.09304986896886877,387.0478778220029,0.5223687876181298,0.8547781349350355,0.5681870990939546,0.5753470730277996,0.728737242997317,20.413959056006686,1159.6721652047872,-13.494347308278728,303.31444776787305,83.66185411839002,216.23986240128372,300.42947614696175,0.6645856118524177
kmeans,2024-02,9,9,126,0.19048608053179855,552.0148519392852,0.3619386162594384,0.6447798814862578,0.5577118981185163,0.47424184470402375,0.5399596588813008,31.95257498876798,3124.6833738414434,-12.8210859748329,247.22748966542332,80.63723742882556,190.6211169273779,231.6297804034256,
leiden,2024-02,9,9,109,0.10375459962251278,387.44965446787666,0.4751856899761342,0.8411921060559233,0.5687834283181639,0.5689665651970206,0.7304505372457701,20.143028341230746,1440.055859492729,-11.071008362513865,282.76532497852014,90.83212672964736,200.17389511590525,297.698543433061,0.7758084906765625
kmeans,2024-02,10,10,106,0.18777525625229943,524.0325424853013,0.351613068201105,0.6305564041038937,0.5476441714211582,0.4687034692543205,0.5302173031139257,37.079898072534235,3762.6641776000833,-10.991332451747146,221.15424195764675,65.52125665001672,171.8676907503814,214.69144207487741,
leiden,2024-02,10,10,70,0.10200023926057876,356.84123464752435,0.42284417452607187,0.8292727505149294,0.564053085344344,0.5649944290905352,0.7352208541776296,18.390193717099685,1650.2950177053408,-9.282469874668875,401.6860403819225,126.55023381405844,285.33121844453234,390.2422511617229,0.9056452674745888
kmeans,2024-02,11,11,58,0.18729625412185422,500.47259189044263,0.35730152972488016,0.6150171812570492,0.5237661227646284,0.4651731907001007,0.5269622024562033,31.500571320485438,3261.804085659437,-11.143731974272239,282.5544845741456,43.06750484826613,222.28935042111553,289.21110959093215,
leiden,2024-02,11,11,56,0.09645711214587763,343.3442827697502,0.4425478008417553,0.8245513999331275,0.5565287070722094,0.5651922792314361,0.7393254099571642,15.238154505738335,1580.350911152339,-8.252015809819214,370.8224774854781,75.9872652751801,264.1966667884955,379.27940373625216,0.9413671096153081
kmeans,2024-02,12,12,31,0.19382266488444463,479.01964875184143,0.34926947657877566,0.5984036297387844,0.5113542280211956,0.4581970588934509,0.5223937339308125,29.857463960492982,3260.121167689691,-11.004036644420482,227.55905462148957,59.26414231495008,180.0725977684322,213.1312193414733,
leiden,2024-02,12,12,88,0.11609104203361745,360.87278589654403,0.4131141241999771,0.816616237999669,0.5518888124997816,0.5629190925168234,0.7379251121377248,17.99527948425152,2057.90100445249,-8.778624908377742,369.59977777831404,80.41813381524481,264.05015670211816,352.92393851808316,1.0572111034565372
kmeans,2024-03,4,4,272,0.2588310934238131,866.4256092824578,0.8759912775458915,0.7722201150556962,0.5611837195415192,0.5387491901925601,0.49152315947453074,46.87180299447829,2794.436062401067,-21.865723377103635,150.33726443469394,-18.5677575889619,120.22710180126145,165.45362601736906,
leiden,2024-03,4,4,373,0.17890666138586264,722.599372222985,3.6333535887675867,0.9129312710027948,0.6163500335515762,0.5842067612870798,0.6568148586855374,53.402221575209744,2077.2110188405445,49.27539531741508,200.06731686590334,63.34277109376081,146.16804751720176,202.49054449807227,0.35787928411149655
kmeans,2024-03,5,5,205,0.21427974368509195,784.6288816741812,0.540768397413457,0.7518665113707101,0.620671051141466,0.5126379664925892,0.5436483996415727,34.6463149926318,2976.9154659058145,-18.218385644808134,188.13181962902263,91.36400878177068,138.5454056123748,258.59356937671004,
leiden,2024-03,5,5,346,0.16932642980850698,604.9171024550092,0.7591071743637348,0.8938489224802415,0.5721555485977786,0.5913965379950413,0.6933775937061674,43.3053038572946,1461.615321982889,-15.687341442304179,299.4375217267182,11.079959981158478,221.21246527015967,279.0537477311604,0.38666811102024695
kmeans,2024-03,6,6,176,0.20450782274726073,707.2691198987912,0.49664059040243447,0.7416842837406558,0.6002677463501858,0.5132020385715199,0.5754924203679199,31.605051813691524,3120.1297755380006,-20.56005437651867,210.53717299007278,116.79108358058298,156.3764676198887,248.46879252257582,
leiden,2024-03,6,6,213,0.13908324547657605,496.25783464587954,0.7586832175692674,0.8715716500277256,0.5559720608647215,0.5870871373677964,0.7002271360939114,32.09186153669155,1673.108731432491,-12.846769325198057,279.3574744408094,22.538001502862098,203.96691780286503,282.6224986522475,0.48768988404573677
kmeans,2024-03,7,7,145,0.20169111776239965,656.1884373219194,0.43676178092573514,0.7239067950759689,0.6023639178322393,0.5040939428490447,0.5809315562775218,27.626758522976477,2247.2621744548383,-12.320089342206389,196.2096818705045,165.88023192638397,145.1824267468114,211.59380418768245,
leiden,2024-03,7,7,123,0.11393040576390312,457.45178616295,0.6425445827624214,0.8679584586644601,0.5664758079622586,0.5818673785823584,0.7166637537288614,19.155685834193832,1123.3907283121398,-9.783249984006922,348.0402187764169,77.88191597054559,248.89950833653538,293.14355896138886,0.5477046682322284
kmeans,2024-03,8,8,141,0.19996762173080115,614.0857374272879,0.43411862655485095,0.7204773705802541,0.581658091180853,0.5077104110580253,0.5934603042423514,28.699135100011425,2319.884073037565,-10.352442642736543,242.46339175883534,121.42787805109701,180.00290732603446,259.6596247737159,
leiden,2024-03,8,8,122,0.1032514092759323,426.62075261130326,0.49554266970468114,0.8499617840300824,0.5795943547209979,0.5694378688936212,0.7239383368466762,19.141482742915862,1711.8480120188653,-10.362244745109187,380.6191755939278,119.27970611259313,268.6218242886409,361.70797599269855,0.5693080712433037
kmeans,2024-03,9,9,125,0.19421554693365764,577.0900083814745,0.37415312171255133,0.6602632453932629,0.556176540628355,0.4829228884356165,0.5523034321461525,31.329691379117925,2608.5913236778574,-11.949809658579062,262.8468788848515,74.27383397393184,201.6316532737635,269.2279815098356,
leiden,2024-03,9,9,135,0.08867205443629288,388.0031245869135,0.46804402736617834,0.843722964199663,0.5722152017129806,0.5690099979023356,0.7337663722729195,15.79889272351328,1640.7271668879225,-11.721536241891167,338.9076087315703,135.19667777934743,240.11450422157478,315.53682867841655,0.6645856118524177
kmeans,2024-03,10,10,106,0.19160649627261894,548.7533920706015,0.35559002056013117,0.6399928707496534,0.5422885925333861,0.47510316907661315,0.5405991536161043,31.916922331521373,2675.2176301980903,-12.813926209099455,264.19993318545943,53.613558521981005,204.9679352174853,262.0842349896685,
leiden,2024-03,10,10,90,0.07857134775784873,364.20948695717976,0.4099170273910544,0.829375556801087,0.5544402919046437,0.568128011726856,0.7349688453981228,11.14889564593985,1379.9685989428801,-12.644639510493414,420.86490690561004,87.21254103976968,300.6294058605453,371.7377014629975,0.7758084906765625
kmeans,2024-03,11,11,115,0.18621157201212957,524.0358968094927,0.31937277103302275,0.6320010268502166,0.5574596247541486,0.46734747526938103,0.5455728191544696,34.51185080491226,2664.4902927894664,-13.67458718863651,301.16437677708706,82.84591889472367,231.73876823232942,328.4443087111717,
leiden,2024-03,11,11,82,0.09286324325479742,353.4080569223526,0.38311699968420776,0.8239622095595849,0.5487650070232312,0.5674039265557683,0.7374972547864308,13.860676291483667,1708.768975476237,-15.434433963486708,416.76507965692184,89.26524320102968,298.6780370591232,363.4665928609168,0.8712789538974793
kmeans,2024-03,12,12,71,0.187217072196161,501.76098978296886,0.31778309529211396,0.6235241630425686,0.5389428065286349,0.46669438077965913,0.545606743348103,26.00880725330601,2504.55536646873,-13.875316673805253,299.2140045903385,66.7044776774498,231.94155170706813,286.8240758326688,
leiden,2024-03,12,12,82,0.08461908381548117,326.46319993186404,0.36824956419194665,0.8149649911511432,0.5491160602709263,0.5630115063381534,0.7378014111364156,13.50708240272795,1304.4379914542744,-14.077774224455396,450.3718671450785,82.97500291521817,322.0559238103747,392.4763978984906,0.9056452674745888
kmeans,2024-04,4,4,274,0.2711516887267466,926.5618272023889,0.6334162254607957,0.7583891320872291,0.5871894430778608,0.5247212611736217,0.47761762576597794,37.73563560122035,3275.7274939824765,-30.689718203365803,133.68764815430774,23.951642544099016,105.18244634445864,138.9601504029945,
leiden,2024-04,4,4,413,0.18290055575198624,749.4321364784812,1.2221952572780794,0.9159036261266986,0.6046112948444893,0.5894734576011599,0.6608785903782011,43.15077546035229,1886.0635292787506,-21.593257490516386,264.32658959639207,28.894194964180016,194.7545697941454,267.0705291829325,0.35787928411149655
kmeans,2024-04,5,5,169,0.21062079699580719,834.1516034987679,0.6911031414179867,0.7147416234760359,0.6456324537629001,0.48905986728136636,0.498063047626742,25.402602198035712,3198.3925160054096,-18.443722643233684,161.65863071628308,148.11875904241754,118.54660336909515,155.0352573816137,
leiden,2024-04,5,5,226,0.15680237718369716,608.0924878637693,0.6426387631361821,0.8896193438179768,0.5718977501260758,0.5896316712224824,0.6829775212443847,33.008200459943254,1932.4319100242785,-25.014737048099093,333.5251634466604,29.78571855143171,243.842553057785,330.73557933491196,0.45137962401447684
kmeans,2024-04,6,6,162,0.20117751068212572,754.5554552278184,0.5825717751850178,0.7141035061052986,0.6212895569891691,0.49464625165935255,0.5478918523573119,27.057720421396198,2258.8775002726657,-25.35569694617887,183.07746582390553,158.85193197107367,135.2748566975611,191.7657998715155,
leiden,2024-04,6,6,129,0.13536413392069027,494.0383142514127,0.5996425736378672,0.8683365237043065,0.548504512657248,0.588189706178919,0.6844045659409986,20.15696012018906,1399.0951451164153,-14.662882705513262,295.2461672479896,41.69333893754929,214.42377114463315,269.7382548312064,0.48008527130201495
kmeans,2024-04,7,7,141,0.18831895818885852,684.6573708772435,0.3914686213899762,0.6759436615630351,0.5857657854246988,0.484219522576786,0.5401204013870152,29.727799196360454,2518.2660692502864,-17.7003674111971,223.13337967681736,112.76101015361549,169.77793182741632,229.2068285852087,
leiden,2024-04,7,7,126,0.09009851637926757,440.3700538558059,0.590824240443884,0.8650695314230955,0.5818902220958755,0.5754181376546739,0.7113881363773343,16.331607246902717,1225.54025594178,-13.363858192128038,368.7912293012373,76.3628305299002,258.99049780980226,372.5253718733486,0.48768988404573677
kmeans,2024-04,8,8,137,0.1893219553262521,629.1483241542485,0.36431096846678174,0.6860484249026243,0.5867927966704216,0.4891372760022684,0.5588875785771059,32.36971731573204,3033.03727011498,-21.433775748402287,238.71522514800213,105.47081604996056,179.39064592106163,237.99720256967083,
leiden,2024-04,8,8,105,0.07840970711329204,400.9375746424937,0.7101921783271534,0.8504450691553325,0.5765367051734682,0.5706487055861805,0.7272409802747979,15.74379238089743,1580.2774303781214,-11.66181393199005,500.9556459739836,117.09545751661749,355.6913869977839,423.776204560936,0.6645856118524177
kmeans,2024-04,9,9,130,0.18450351956910604,591.9729795523971,0.36028882658375433,0.6191238941840534,0.5874732554742792,0.4539967668693829,0.5164989803621908,25.525350699190888,2961.960422335526,-19.75478737193964,192.93543725349008,110.24561834371451,147.7569102981938,198.97601891988856,
leiden,2024-04,9,9,138,0.0783833000896671,397.0771564550158,0.5164521931647167,0.8424693419784308,0.5743049843642329,0.5677650920845492,0.7326045891621856,17.27959831643425,1623.8475875958143,-12.21469717542288,437.59229318298696,104.7129081285236,310.1491064423887,406.3144166751161,0.9056452674745888
kmeans,2024-04,10,10,109,0.18386483083382157,558.0939683515053,0.3254533299907375,0.6064573185011228,0.5649411215300538,0.45169938328879433,0.5113970273841636,23.407451341125036,3463.2586160456854,-15.707781258878775,195.34300997268087,99.60168777286765,151.4869846582808,210.55408704567472,
leiden,2024-04,10,10,82,0.07484306132788383,372.1456509785245,0.4135200574546162,0.8308193945438074,0.5667721976604863,0.5648430746300133,0.733495979452076,9.450721839135284,1300.6717803787024,-13.113195850474611,361.0796788929658,98.93020400522292,256.41885442062636,367.9228201043933,0.9413671096153081
kmeans,2024-04,11,11,110,0.17733150724121982,531.694313325689,0.3092722351651366,0.5903437983168904,0.5496200496182214,0.44572253168913395,0.4973476425891971,33.17848042584242,3639.7792813447754,-13.666621150889009,218.8032215881246,82.71638937605441,172.051003527735,202.90633333221155,
leiden,2024-04,11,11,72,0.0815679828407948,344.30976129592295,0.4228707041055102,0.8153062736551709,0.5470580936119732,0.5638278394626246,0.72975884055432,10.080566411398156,1238.9155369510759,-11.97942829783308,550.9318592763756,79.6737054398234,396.44984955638125,476.98186733067735,0.959752980859352
kmeans,2024-04,12,12,110,0.18326215554406838,510.6229655584828,0.2948295693980639,0.590044545486985,0.5572375148468526,0.4440448413387754,0.5126138743259882,25.53133248421654,2135.061666075601,-14.190361605037019,216.4448062189188,90.4543670190056,168.90523529453668,222.04928626788438,
leiden,2024-04,12,12,101,0.03643428082292071,287.1043005655608,0.426146825784367,0.8043446962605184,0.5636024058493806,0.5534492241273077,0.7273358281009696,11.796608458174628,1142.1603271207412,-10.260282907722148,412.57497910137437,82.14300723858811,294.34633066704015,427.14243090437844,1.2341425030448252
kmeans,2024-05,4,4,271,0.2613966436944907,903.9013181509509,0.7808516604440954,0.8018343681689148,0.6745261640313329,0.5203816526790614,0.52244565857287,54.15932449040661,2538.1466738416293,-17.555820596729053,149.94533001717465,162.8235677004524,107.39080886551642,147.748145287979,
leiden,2024-05,4,4,408,0.17654288371864138,660.7644772403665,1.7281110617458264,0.9104407384526177,0.576198869618093,0.5971689423276699,0.6589766415066208,50.683644463540745,1983.8633677714915,-5.8363754953894835,202.26808858376165,-91.04416081207036,153.26445059843672,216.9033639154909,0.3065723382237398
kmeans,2024-05,5,5,159,0.2135991902590189,811.8977336685983,0.5128677732482717,0.7512252413463772,0.6346923022505314,0.5086855562661114,0.5412298475134938,28.090399714971934,3029.775400109268,-23.99522740418741,158.8217527307742,131.16954305604648,115.89754561235331,141.8949472740551,
leiden,2024-05,5,5,195,0.17230670608384838,599.1913838339385,0.7368130586001332,0.8893244481231127,0.5794439006831016,0.5868913419397797,0.6750793179565362,21.700213554104984,1588.8415302010405,-13.736157095318452,210.98176192972295,47.8215305927266,153.23654910178527,198.652341834608,0.35787928411149655
kmeans,2024-05,6,6,155,0.20163986582049045,731.8437201308881,0.5241667984235041,0.7416123603049383,0.6138684542896075,0.5096108024516193,0.5758780157235641,27.037253202836247,2949.674706872094,-15.125856628870293,215.7128166136954,127.91062063044343,158.34582223632768,209.30171919728713,
leiden,2024-05,6,6,246,0.11017732734325046,507.4783616817388,1.2134774083618933,0.8771383591119708,0.6014395896171806,0.5742141391663393,0.6965956687014926,18.989770411636425,1724.8274621451385,-6.977410183551452,303.72453637269354,96.71554540712245,214.10437450759937,284.5287635840931,0.48768988404573677
kmeans,2024-05,7,7,138,0.1983766034048534,673.2339103398067,0.395972043076594,0.7244319769673503,0.5964648845760969,0.5058535504037854,0.5810533150657662,27.9041067252348,2659.160725932655,-13.893019868904435,208.16159693598487,111.25985847981272,154.30024089039216,199.25557656328547,
leiden,2024-05,7,7,183,0.0889448278741518,451.8940213473238,0.6594901455172646,0.8612383143170066,0.598743512528722,0.5682262706483261,0.7161141282853759,16.92116927695204,1695.331135432838,-11.05348575875569,339.7074933298563,108.25126820270133,238.61792112137164,293.6509363591276,0.5917635886304813
kmeans,2024-05,8,8,138,0.19415988901739162,625.4784219844033,0.370782406762909,0.714294713574827,0.5944592187546273,0.5013934776742811,0.5931987487264634,33.54929144419159,2599.937135932769,-16.401113859461983,217.1042376696336,156.32204581978738,160.6386453020806,219.91501118971658,
leiden,2024-05,8,8,130,0.08814585676222539,416.52254654578405,0.4721425007209338,0.8477261090138454,0.5728145124286527,0.5706326866623141,0.7190374398784265,14.559517819692212,2247.7999377410697,-12.665971849587127,310.1178431536483,98.20578351678891,220.43965674137127,275.6962741479063,0.6645856118524177
kmeans,2024-05,9,9,105,0.1904868686744987,584.6159630223266,0.3887083448405031,0.6897205340351008,0.5716731555607323,0.49467341949805554,0.5808428861536226,28.141156277320178,2659.427003362825,-12.504405078367498,232.76439705216447,104.65613732625175,174.56103593003368,226.2329570086384,
leiden,2024-05,9,9,137,0.11114873649557036,449.2263439086672,0.4302123931548997,0.84326294739701,0.5584025524366422,0.5733049894891803,0.7286864860063542,24.153824154422832,1987.6389724973726,-12.85008820561507,346.6738002649184,77.40318237314207,247.82955364969953,367.3040789407363,0.8382167309519851
kmeans,2024-05,10,10,104,0.1869828605543822,556.0738483426564,0.3262192930917477,0.6286429964798961,0.5644723874723252,0.4639939831091911,0.5376189848931455,26.304108843221655,2489.0604961536555,-15.873281231231976,233.12474548264817,96.0834823913422,179.0711240259369,214.69907686577218,
leiden,2024-05,10,10,95,0.06686216502039943,357.78623665267435,0.39247956953660673,0.8183868825131198,0.5593558937206937,0.5613966185143434,0.7236232746613115,11.209306008742537,1825.4894947841042,-12.427769193671217,443.62171684489243,93.72698842420947,317.7888474356935,390.3704063384329,0.9056452674745888
kmeans,2024-05,11,11,88,0.18087724023440627,524.201269421586,0.3227466449605736,0.6137568168258112,0.5116058612666055,0.46708986038374234,0.5189309796591258,31.679579468746354,3078.591065215623,-15.780572679675263,241.69051997597305,26.202008494495058,191.51529607479546,189.8524802405246,
leiden,2024-05,11,11,103,0.05152815640769948,337.91600541454824,0.39896576691453484,0.8123705838649726,0.5603327272701766,0.5582543967658916,0.7259482907263912,13.282980036345654,1906.3917441052333,-12.976303208689462,326.5412190348026,68.70799934383966,233.56377664250522,314.3109420010305,0.978497947145011
kmeans,2024-05,12,12,103,0.1853040695892991,502.5746783128963,0.30607492886408033,0.5766730978284732,0.5490559423917661,0.4379931653257053,0.49982017674068674,28.8856771636204,2387.2028556195287,-22.857486944488038,234.39442978346017,90.38885069848367,184.47289944412216,222.31318764022973,
leiden,2024-05,12,12,123,0.08038223887401157,360.1616566340261,0.3701615774134224,0.813439935916088,0.5574021171897817,0.559675643585099,0.7310006530355719,21.586273441753974,2209.2570243272567,-14.523067306067372,326.489736203755,166.55396564143564,233.42993177892922,335.4462329928669,1.0572111034565372
kmeans,2024-06,4,4,270,0.2645791924678746,948.7692267088931,1.0981397928099605,0.8024127206002984,0.6868997247508912,0.5172927917392471,0.5165333723329624,49.099559536039365,2719.761520434193,-11.9393857963356,192.5613684725223,218.42867351064413,136.30495869469434,189.00283147015764,
leiden,2024-06,4,4,344,0.15977828469470814,704.9872431810993,1.0424367123436415,0.9119632467702234,0.5853253944300212,0.5945795232328058,0.6500393756099321,37.468013760766105,2052.1510002481596,-19.874850295670292,231.69633769109672,-9.021148647917677,173.25660326328997,228.177768273595,0.35787928411149655
kmeans,2024-06,5,5,190,0.22425195770476444,872.1649324429058,0.5931517584767431,0.7682575465344474,0.62422972379872,0.5192440803513306,0.5594680045975182,35.9814087454966,2829.2642150575703,-20.820092708246786,192.66674282239595,102.57984640440256,141.71235703034677,169.09155635431895,
leiden,2024-06,5,5,202,0.13003847683724643,618.3992420972547,0.8775262380728052,0.8950088517448572,0.6126681027272907,0.5780428722239721,0.6883338941514561,24.689026090848746,1832.5562997467578,-17.497766179118972,223.9638860537964,96.34151348781553,158.52641912669836,204.80625153650124,0.41777279299962444
kmeans,2024-06,6,6,150,0.20020449770425652,778.6039855062292,0.5093605610489047,0.7296750391156456,0.5992864634881967,0.507676179101376,0.5640619003842833,31.492856173013966,2178.317222918753,-16.758538336803024,209.49533380907044,94.94270425678687,156.37363209142433,198.9596822151744,
leiden,2024-06,6,6,119,0.11744573112269051,577.7825028333267,0.7908056915710413,0.889540630109602,0.5917979608549769,0.5827595125470937,0.7009555411911987,18.785464471860962,2640.472310659627,-13.221308181651848,313.2240469156178,106.4574936641833,219.69651376481266,260.00043223671355,0.48768988404573677
kmeans,2024-06,7,7,136,0.1967341587902104,709.1464377870507,0.47806356772164493,0.7098616502209101,0.6016531819551686,0.49741879717678233,0.5747012013532848,28.31927728827076,1745.107235932044,-16.187418393336927,227.69793811556335,134.16014778566864,169.47714298567422,224.59186652478925,
leiden,2024-06,7,7,192,0.13211578026472848,523.111171976698,0.56308642360523,0.8682452173023928,0.5797135668426942,0.5775466314872195,0.7171267184570846,31.93924031267833,3220.8017349586753,-13.184167157454734,270.2038465848741,93.96548212126238,191.75863149833017,252.7795290250214,0.5693080712433037
kmeans,2024-06,8,8,136,0.18753846115995434,653.748975803515,0.34172315096408745,0.6499558648345205,0.5886195404345734,0.47010473579888323,0.5403799389914846,32.8258726274653,2245.363639378166,-11.523856240116148,236.8460000338053,156.1429990763519,180.27098433381963,254.28902366928475,
leiden,2024-06,8,8,100,0.07044316144924685,455.20614163262206,0.40592009909660376,0.8563532455876959,0.553050317102407,0.5811275153361454,0.7224386334100759,15.521584117715301,1672.2639676798294,-13.091085902595067,323.1452209245541,69.27646584669932,230.8653009967599,335.33741857953055,0.6645856118524177
kmeans,2024-06,9,9,128,0.1837051304852968,615.2305604847795,0.32348194189481205,0.6432269970183477,0.5797662549305722,0.4685097344451862,0.5412990533530272,28.906135981074453,2859.389584982508,-18.40194123387036,220.1494973955451,145.74633681045958,168.18878575405896,216.92933468062915,
leiden,2024-06,9,9,162,0.1053230254913419,439.59566234729647,0.4705630840793884,0.8394731018664037,0.5708269443330048,0.5675206755489195,0.7272683783755175,23.34335037726324,1640.964443928353,-14.099871570944975,324.4208545179882,113.49988607779275,230.8633612661635,330.58186193480543,0.7758084906765625
kmeans,2024-06,10,10,89,0.18435050131179176,583.0661223754838,0.3153097288268802,0.6396243061868511,0.5724783842724503,0.46818755804038226,0.5483088770449802,34.29116321015859,3472.280974975353,-16.195248185795744,257.2657170431162,119.4988242968869,196.0708237926611,253.78315062094967,
leiden,2024-06,10,10,128,0.09545601095044327,410.13093983094393,0.3777904277123404,0.8348680726970306,0.5659997464888985,0.5669597028799241,0.7360477307863451,20.469998974160923,1582.7585557789066,-21.540836186728637,380.7996919161843,120.09862891613864,270.39550910282674,377.98207903417006,0.9056452674745888
kmeans,2024-06,11,11,76,0.1836666832442639,555.3962956620379,0.3062519338464384,0.595585763053415,0.5620746966953901,0.44621064297648433,0.5120352182611023,32.87073936459583,2860.478542529342,-12.051561332249861,253.31975076290993,118.96867884927642,197.25809651367985,259.6611723379382,
leiden,2024-06,11,11,97,0.09361712234993945,376.53762197893394,0.3698431482490455,0.8266129558643452,0.5536425964161368,0.5670867553107358,0.7345817743241051,20.15137610215319,1654.4493861619453,-15.369187822408936,347.25155493595867,86.52524873097757,248.08087202107143,344.6855908891757,0.9413671096153081
kmeans,2024-06,12,12,68,0.18494542936489602,529.3712269269757,0.30277520528258783,0.6081229146151791,0.547735697032168,0.4561752229038175,0.534216018955445,27.832813938590142,2298.502112165527,-13.390599155775396,250.4490396357597,90.44405477364032,194.56404816291666,272.0822683132556,
leiden,2024-06,12,12,99,0.08151616576449476,373.93161666259994,0.3609425248773141,0.8208413327898435,0.5480535576384153,0.5661501764675957,0.7346941646960681,22.426670325885098,1554.09793473467,-18.185104511390197,526.0384614527158,78.30395219954133,376.5994216171016,538.9384704017664,1.0572111034565372
kmeans,2024-07,4,4,228,0.26676323852089634,942.5625186766492,0.6149894679957016,0.7729216019308212,0.543009869071129,0.5444244507494334,0.48640111351721227,51.479452899859446,3276.7112471567434,-22.52131605883443,191.23019138140822,-26.972948750938713,155.10406835545027,163.54634082586742,
leiden,2024-07,4,4,304,0.18212616103247983,775.9129516300004,1.5687363630001296,0.9174469764988629,0.618308789475124,0.5853806896542911,0.6555827442769422,32.61314622114369,1709.203789854227,-8.193951078576516,264.7373794836502,55.64258527754373,193.1633069483749,236.12908178632995,0.3065723382237398
kmeans,2024-07,5,5,183,0.22675218466440372,866.8910152849934,0.6939549988157094,0.7756818713944641,0.6140156685342226,0.5254297552313374,0.5658514235875995,30.93375566315376,3388.801513760993,-15.14017421707136,228.6025623744174,113.12946153991099,167.87190020230972,228.5298342221364,
leiden,2024-07,5,5,216,0.16568134406605026,620.5241794772102,1.147815519191559,0.8901665657029525,0.5613640432396112,0.59356012037753,0.676499879078245,25.10884313650146,1297.0592155256654,-13.417435809410565,371.40974288059994,13.555685216850238,275.3781861930262,325.0510680145929,0.35787928411149655
kmeans,2024-07,6,6,171,0.21020724239002211,778.2516267657358,0.6727020361252428,0.7417319412993871,0.5773303339973762,0.5193385350189613,0.5626453422502932,36.46635646218916,3683.638224501917,-11.865561744202033,194.52957739000954,63.50375760558115,147.13130928887037,184.35052181953122,
leiden,2024-07,6,6,187,0.14427082840707164,532.7231317309125,1.0561282058812773,0.8728714714447711,0.5508873486998523,0.5894379590908125,0.6888115156345792,22.26463889419222,1441.2503690032486,-8.63803429892898,299.7121182204576,28.778512394793797,219.65385553829975,239.20977620936716,0.48768988404573677
kmeans,2024-07,7,7,166,0.1886133775331492,710.6149920567691,0.3707276430481218,0.7097561352828295,0.5668757970368346,0.5061214298631366,0.557878641135752,39.661241842713814,2595.337536678106,-10.819084735107172,229.55351829354746,74.08656928428046,174.92148638816863,214.41032761377653,
leiden,2024-07,7,7,117,0.12074561423440502,529.6722314088815,0.4417852439424876,0.8754049187146141,0.5714586501535539,0.5835030281932827,0.7188029504306148,18.382030539109937,1833.5525093712176,-13.602410803053212,341.4711013249279,78.86686956153348,242.60183888956536,287.6263691766945,0.5477046682322284
kmeans,2024-07,8,8,127,0.19186140337604715,657.9657396785005,0.35155040412707633,0.6867058670841668,0.5668121127289429,0.4943056827540168,0.5648757569414264,34.70544527465064,2955.9559325203677,-13.338133626071771,285.23366395826406,94.8683951342456,216.71677403260068,289.6750653092081,
leiden,2024-07,8,8,83,0.08403941763890385,463.957303822155,0.4048297125824398,0.8598132757103447,0.5506309003808002,0.5835415197305871,0.7204670715271144,13.85308223634035,1705.7863736732695,-17.604970078055846,400.496269848019,70.09758087819702,285.88616974758696,356.4472693918239,0.6645856118524177
kmeans,2024-07,9,9,121,0.18538446122645869,616.4569030845781,0.37099387467698947,0.6568683880711823,0.539166077802711,0.48507401566864644,0.5462543221776679,23.460470314497123,2293.6896905446583,-9.42909811735655,248.81144577309936,38.46078054920484,193.25986739191177,252.0280797682036,
leiden,2024-07,9,9,118,0.11067353124753894,456.09985534788973,0.4035227701028411,0.847857212330876,0.5406270007817197,0.5813713907423185,0.7275594108190078,21.481634755253022,2241.548088678688,-9.874858936895873,436.29198969588145,39.28396691172217,315.54941099445864,390.0778704691824,0.6645856118524177
kmeans,2024-07,10,10,100,0.19470208374927564,587.367559491941,0.3210396749150059,0.6418265835822424,0.5494416934273979,0.4744969846987062,0.543794715548944,24.145702367136348,3281.6396710106837,-14.031011961100523,309.70800284942675,71.92866318360062,238.7186367606573,345.61840306344374,
leiden,2024-07,10,10,72,0.09502710558075303,426.94459494061476,0.39035612658965435,0.8311380995184274,0.5237021631958613,0.5790818330131879,0.7226822596906031,9.86125145537902,2107.5857041757645,-8.047222312703965,361.67128751828346,74.63449661118163,261.4883937176092,369.7904366991348,0.7758084906765625
kmeans,2024-07,11,11,64,0.1940807433831698,558.8040720344798,0.31738631206068696,0.6069167392391129,0.5286880835260352,0.4594826902737655,0.5200792719996508,14.984431821263826,2524.730466774966,-16.028237217609206,314.5272649437703,60.80402812889292,247.04149312872983,354.3147255419755,
leiden,2024-07,11,11,81,0.09980933021082727,401.78521145866,0.3800231247006157,0.8244926256318327,0.5498990681001544,0.5672902079769159,0.7292685114572803,16.719528535763075,1616.505742602399,-9.261849397475205,353.89136873306063,133.59993587388573,252.69556499532163,323.7115854422246,0.9056452674745888
kmeans,2024-07,12,12,42,0.1960407297986512,536.8177437496175,0.31712885242208855,0.6046587691061206,0.5081680318282829,0.4625361061450935,0.5224887561735753,13.9007561456277,2537.4155696999724,-19.312700683639427,258.41180184324196,41.755854564216925,204.79781884943037,243.88169511260517,
leiden,2024-07,12,12,73,0.0860460934347113,363.5985737320912,0.38741247982360066,0.8156734539743704,0.5295953637255566,0.5696135640381671,0.7320967625041341,10.61889777636301,1558.2929263186143,-11.217523584198847,384.3035619154759,73.8792411775338,278.2133652006707,341.7912571418911,0.978497947145011
kmeans,2024-08,4,4,229,0.27541043160842316,987.6725148684101,0.629999070897859,0.7759010310597128,0.542897260974108,0.545934542637903,0.48966645314663804,60.78830700416579,2410.5364792198884,-32.575729236420436,193.91548801919768,-29.447564442848513,158.0288023255909,159.88699796177144,
leiden,2024-08,4,4,298,0.1733251682462943,730.6402701675576,1.153281758644832,0.9028123984033405,0.6202476403355563,0.578738042574913,0.6437357925475529,33.76444507462299,1942.9036074120959,-23.10528791905389,255.63733872499438,54.89895193723543,186.07765833135295,254.18512783898674,0.35787928411149655
kmeans,2024-08,5,5,194,0.22149443767268365,889.5834734620086,0.5817789227863761,0.7652995423837442,0.6415066007665372,0.5132984062225304,0.5516110792502565,35.88536384610359,2888.044085658253,-19.372213374075173,202.33578582898141,147.6099177561744,146.87910303772952,184.0855427508711,
leiden,2024-08,5,5,213,0.11394516487598168,621.465867445277,1.0679517449907285,0.8908941068025247,0.6192851732057503,0.5741342095772748,0.6795956752911894,20.260710424357235,1763.1264808957542,-14.877730223329973,231.08951559338664,93.68054880911804,162.75153545624997,226.62786305800356,0.41777279299962444
kmeans,2024-08,6,6,198,0.19766997351713542,793.2089253595741,0.7180677341357157,0.7253221894331965,0.585410971993685,0.5091368101761385,0.5496010045583205,37.86929896037305,2909.1989143360934,-15.644546437752297,243.0503634519999,95.19844504677346,183.92398348909384,228.46183797368204,
leiden,2024-08,6,6,247,0.10248899873347965,532.4038830951715,0.6949518705069166,0.8760884049726769,0.5912782266461031,0.5771287749051918,0.7025344833640159,21.933468016745415,986.5180503179924,-17.767005370650555,333.9470814969348,88.37839355342099,237.99726102496277,313.29867195595665,0.48768988404573677
kmeans,2024-08,7,7,180,0.18274183448678005,717.8247144289577,0.5058744874617565,0.6985307298571535,0.5917027079975197,0.49424722082891726,0.5501960313932391,37.24870589049982,2267.780267624889,-12.668147840503025,207.81757777754623,136.63252718759045,156.43981501797188,195.44886467504284,
leiden,2024-08,7,7,107,0.09377522426886704,487.66237979454144,0.42166865157669875,0.8632103329184114,0.5632980641990653,0.5807996000817631,0.7050567421697458,16.269185705815854,1449.0017573797143,-9.360722625694,311.6971071825979,84.69879064961182,222.7326957570115,284.7364092346237,0.5693080712433037
kmeans,2024-08,8,8,164,0.1845162366343407,661.9980022159165,0.4207406185466188,0.6750723792302609,0.5618239154179117,0.48944114978818226,0.5511248902021483,37.36888675506745,2325.795823089176,-10.675997217556683,249.2994617167683,59.91622666191289,191.55845844913608,235.77281085655977,
leiden,2024-08,8,8,182,0.10517842080024269,437.7848724456242,0.4367456716136844,0.8477026123852693,0.5669429241249218,0.5725403121398286,0.72177159660036,19.254877480206286,1272.9959137071069,-12.815523006216543,351.73695333736504,91.36943859117729,251.4872771701877,351.72789160605544,0.6151048307888265
kmeans,2024-08,9,9,106,0.18938278860813168,622.2746186253482,0.37885910614351753,0.6641434771410423,0.5356541562983715,0.4898712022732477,0.5542539074782866,24.768004099333254,1652.6521709774688,-9.982934687157368,266.20332102238854,39.03249572590433,205.9198087743415,236.8591720710433,
leiden,2024-08,9,9,103,0.09642948776576242,444.54384032643213,0.45498876713970215,0.8385743589100028,0.5448934085014399,0.5755748480776903,0.7218099403644667,13.548688739969874,2356.6710886355118,-17.9832029426589,273.8959599654068,58.442104132257455,197.57927914882032,266.5835216830025,0.6645856118524177
kmeans,2024-08,10,10,96,0.18794541941431614,591.6638645569078,0.3188425919362243,0.6295691710293905,0.5420840358901916,0.46937958816699643,0.5286632376472697,22.230241352589925,2726.564410809092,-12.870688054466923,215.24459250094262,69.56533174769046,167.4992939725689,203.94066227249473,
leiden,2024-08,10,10,107,0.10074259113886329,421.9731765245026,0.4089013387453595,0.8347412448825151,0.538268500838655,0.5759557389798289,0.7270648537210949,16.79776329508552,2089.571096079494,-15.452149842132389,422.3797374006388,54.761740704801056,305.303539555424,406.7568545148923,0.7758084906765625
kmeans,2024-08,11,11,74,0.1876688476785531,565.4336270944345,0.31688416255847485,0.6013171065322968,0.5233060085522657,0.4573891552518262,0.5101457640807114,19.111257173637767,2827.79397603511,-16.60865995714747,293.5949415580641,44.906585998948664,232.06649285205646,285.25892903959056,
leiden,2024-08,11,11,99,0.10673158722216575,414.36163081096396,0.38504822193532556,0.8175643454610803,0.5541314293291749,0.5626585743651842,0.7276777688055723,16.221294666355682,1235.8248968443575,-14.2899556130449,414.5435852983558,75.65141836360921,296.92944578300325,439.90746322271355,0.8712789538974793
kmeans,2024-08,12,12,64,0.18315391732396927,545.2125360432476,0.3067791637508677,0.6069532704878322,0.49502187138206316,0.46672372621407915,0.5130216255408216,15.900168642057785,3382.5950180697405,-52.3631362210694,232.4135421217988,15.06101538771321,185.78968161445255,204.95840062857266,
leiden,2024-08,12,12,109,0.07350036541300192,368.84316128326867,0.3680335984262388,0.8173397615561432,0.5396071983433078,0.5671864692372788,0.7324954112774841,11.750562129982251,1601.621567649466,-28.067038992066824,430.7293205501054,70.23400550495357,310.2396350527173,395.8954056268638,0.978497947145011
kmeans,2024-09,4,4,206,0.26184209899766414,912.6542132161192,0.810674982450313,0.7781043272541637,0.5319929574829423,0.5503069530165248,0.4936170128988271,45.78316660753917,3398.8942103672075,-29.34305948856253,152.94020057810835,-63.2272603012759,124.97825895564138,153.13412982895662,
leiden,2024-09,4,4,268,0.18617270428854574,716.2567730740415,1.6155396323966753,0.9126356896185898,0.6073520982782608,0.5871716245964832,0.648389699925766,34.46195410248621,1599.175095279792,-7.634626321323745,208.24653065241634,47.827474612806355,152.45965599790927,200.1465819368459,0.2626209527531349
kmeans,2024-09,5,5,193,0.21579147081774575,814.9370210882363,0.4832603229641976,0.7814059502770112,0.5804005325780082,0.537592477938717,0.5760349174128789,41.185089368057014,4054.3394499841734,-18.161395528501405,184.7077471947335,51.58681370986725,139.8466725118734,179.08060764903746,
leiden,2024-09,5,5,202,0.1679161824380546,599.4116034170646,0.8374810133931128,0.890248765056624,0.5846113466687687,0.5855168144924229,0.6801063605418516,31.570942769239434,1626.9042556067361,-15.114921279665404,212.0671980318864,90.28258122687049,153.71305705970616,207.76859568375968,0.3312338885619942
kmeans,2024-09,6,6,183,0.20389722187682224,744.1755355441228,0.44439705217759884,0.7413141156692081,0.5775827057853008,0.519065661111893,0.5681522607865488,39.13738063587963,3572.8213241870194,-12.865228369717464,190.48557466371236,70.34063317333504,144.1888778296551,184.81371662514007,
leiden,2024-09,6,6,209,0.11401928768038773,485.0274671478677,0.7320532098134132,0.876790043740958,0.5791723528318563,0.5814980398225,0.6965111523903514,21.564885597227743,1306.416528719422,-10.295191100636597,279.20259416603636,52.14639931031451,199.79293162342705,251.08791966829384,0.35787928411149655
kmeans,2024-09,7,7,158,0.19964783020344704,680.6468006124452,0.4111383243832567,0.7180697054387295,0.5805681731923867,0.5067934050182117,0.5728635688913748,40.37322767938426,2269.2274741501724,-12.852673480490898,241.18720386811438,103.04243750776273,181.430239541201,232.29736131677691,
leiden,2024-09,7,7,218,0.09498258914637997,455.5502925334884,0.6700517686427145,0.8688054737540012,0.5958557025085833,0.5724552807362597,0.7257430824375528,26.59049985203961,1274.6450792806397,-8.206290222178767,344.06457443659065,184.1390430388224,241.85128855928556,345.3963412364389,0.48768988404573677
kmeans,2024-09,8,8,148,0.1891753322614325,629.8559413242863,0.40337914499615424,0.6879435502913523,0.5441491263990088,0.5005614383343767,0.5627560542902892,34.24648509938837,2265.0752020791865,-15.014902422378308,272.90289009387556,37.140882189841115,210.50639864488886,262.80728442904234,
leiden,2024-09,8,8,140,0.10985706310676942,461.3814883925923,0.5377959815586879,0.8505773058608428,0.5802880350030251,0.5694890134556718,0.7242380980792857,32.01549061567913,1880.103920343686,-10.519117417531852,300.0957785092429,166.49395917040863,212.3412983526913,283.56852654592967,0.6645856118524177
kmeans,2024-09,9,9,128,0.18791983906736723,589.6299059625256,0.3363460110201781,0.6473643691254455,0.5565562248512875,0.4759000999531564,0.5403714406594389,27.530485361676178,2578.9461292214173,-18.252254549783405,255.7312493215863,84.32338941814847,197.44987315024605,215.83195657332678,
leiden,2024-09,9,9,120,0.09818218991141237,436.69843988380376,0.40918656179698143,0.8474400395291393,0.5786650603103212,0.5686051868143098,0.7348350849186348,23.553330705375593,1828.6540135167982,-9.637434414271398,286.60667929987886,121.76792847660347,201.7539404062225,278.76373822224804,0.7758084906765625
kmeans,2024-09,10,10,123,0.18152105054303225,557.0946505758184,0.3231160725775366,0.625639240641865,0.5502893084746606,0.46540753230183174,0.5252036682018855,31.369664133785395,2745.9520276441363,-14.199758702749635,220.03552043212417,81.68026904006607,171.42518357271132,204.9335247719402,
leiden,2024-09,10,10,118,0.09340631429157455,406.30564068214954,0.3881835522069847,0.8348942380435324,0.5621618037758271,0.568208193611396,0.7346510695251863,25.427867678831003,1661.491061265211,-12.412563337848159,375.975431291741,58.80443013058505,266.668171760324,386.2038643871041,0.8382167309519851
kmeans,2024-09,11,11,86,0.17804314684496636,529.9446899829599,0.3171675093857297,0.6295580395536913,0.5165267469730445,0.47507232628782375,0.5275326581338025,27.466794010596665,3052.8552734272344,-18.459680211366916,245.45056272832443,25.55819684657174,193.27491756284257,209.83126154293225,
leiden,2024-09,11,11,82,0.0930700167656586,390.30472605660714,0.3731396015482205,0.8267688597366323,0.5517744090271597,0.5677617049218033,0.7378955410043183,26.670173306120265,2101.243672586371,-13.189233208489156,489.94236802579206,70.19660565481877,349.7896657900722,506.2680814848165,0.8712789538974793
kmeans,2024-09,12,12,85,0.18004555250371648,507.85058266033496,0.3136965480607914,0.6196074632301359,0.5120565142239922,0.47037096719891003,0.5282092806454483,29.565780727011873,2820.946497182962,-14.256467402575492,214.57221615647163,25.282104918676943,169.33067571209781,191.8355790745613,
leiden,2024-09,12,12,59,0.10503590427434582,357.2987929469113,0.3589984048131589,0.815425403891926,0.547288523375573,0.5638115511399909,0.73951315567089,14.696855605950075,1461.0114547733317,-12.320929561805805,381.2579511025072,71.74177181705636,273.24887381174113,354.6983722136617,0.9056452674745888
kmeans,2024-10,4,4,283,0.2735656658153188,948.7310872524372,1.04777373246542,0.7797050113831383,0.6154744426443173,0.5268674008432269,0.4970176653946654,47.01152761753312,2857.5895310944497,-15.639262154865245,150.35167485457845,66.38592979516639,114.16348473982762,152.87251718717218,
leiden,2024-10,4,4,381,0.1781113168600769,751.5801395632986,1.6149562687837098,0.9122777348021676,0.6122765098364414,0.5853313890198302,0.6536913999614798,38.0666309369057,1949.226566643595,-6.008859591253007,238.4758863323612,47.06527901759948,174.94352877289205,233.76703051401367,0.2626209527531349
kmeans,2024-10,5,5,184,0.21358433337385427,847.1671630199353,0.9515042626940625,0.7484516796687002,0.6332388171622638,0.507786805497668,0.5310948691802191,28.014479224561228,3441.1154029690283,-13.698697779786382,167.29029932391126,116.79292267995952,122.07756333561862,184.6398762397601,
leiden,2024-10,5,5,222,0.17587154407038197,629.9928139797744,1.8270750033795031,0.8918401283357523,0.5652258979435418,0.5929428783821774,0.6801393099864574,49.248451912039705,1707.3040650769474,-1.5147196054905385,275.7535415663421,25.211031591891945,203.21059596123533,285.9146914127109,0.41777279299962444
kmeans,2024-10,6,6,170,0.20072090214404784,762.3391542410463,0.4069252908617707,0.7476816862250928,0.5921442103448101,0.5182389617110188,0.5796239472123881,25.949676550856665,3084.0641810882457,-16.95365504696123,199.0510651925816,85.88285439414463,148.45568898317657,211.5777143760367,
leiden,2024-10,6,6,244,0.11460195878373192,537.601134956065,1.2368584544913457,0.8819362651528891,0.6018865325775192,0.5761180684849353,0.7106562681721669,21.42358479931336,1466.0218060875875,-6.012567763856725,352.82497908276116,144.56904872307985,249.0239322912535,338.6920506812014,0.48768988404573677
kmeans,2024-10,7,7,136,0.19518813464268428,696.7564022300438,0.38173792500185316,0.7153137190679598,0.596994471558924,0.501257535390701,0.5711617839331784,29.69627532727944,2183.8054670620636,-15.055446854511334,244.07716888979155,134.03905593125114,181.39459831950276,256.46742548024713,
leiden,2024-10,7,7,148,0.09772562116206268,469.8541966621086,0.47309610646647615,0.8620902186555349,0.5853157172066695,0.5729716266847259,0.7166949753320049,14.083707124322803,1293.263235522552,-16.217181807362,273.5076714411585,136.67367362711977,193.8862338113192,264.7474216713157,0.5693080712433037
kmeans,2024-10,8,8,134,0.19718101196174942,651.2316936987447,0.3608411848727315,0.7182376920822184,0.5882728807605884,0.5049052492633747,0.5938847908437355,32.502664486731234,2623.542926484261,-13.930195233703413,287.19218787020753,149.22070334155774,213.19344304951926,274.92731786245184,
leiden,2024-10,8,8,170,0.10787440132676948,476.371073779306,0.42145951803125037,0.8537035986122316,0.5694278758417308,0.5744503066181227,0.7199332085224351,24.91149445209022,2066.8175118468826,-14.937376630416042,337.3883247867691,102.51322742671464,239.41196328677762,349.56058156474774,0.6645856118524177
kmeans,2024-10,9,9,125,0.19176352312031564,613.3833973412487,0.3261986754112636,0.6693727998194734,0.5699467275465282,0.4845236968834235,0.5597048028967068,27.283574524987934,2622.4745352239297,-13.573402015188996,307.3197907495936,101.63076688437607,232.89614125501697,330.7975974912982,
leiden,2024-10,9,9,106,0.10248550321586955,446.31578875735966,0.3962329753537293,0.8408543153887726,0.5599468878424254,0.5716854888388011,0.7277415976206315,30.969234696811373,2268.3945743730415,-12.321099346638652,321.8177020935345,75.00283414163157,229.97661134142442,278.6703586984776,0.7180467675970584
kmeans,2024-10,10,10,119,0.18556854009451768,578.7419765161538,0.31338815027619327,0.6378821353332065,0.5451012911840104,0.473308024398322,0.535391451759381,30.709508175790535,2671.9424616546353,-10.425874047194519,291.55918512672656,59.82407831557081,226.2561736381078,299.18877050008854,
leiden,2024-10,10,10,140,0.0819635380913101,405.71956250025653,0.3808096693549989,0.8341225107720254,0.5590382886965101,0.5688596181769212,0.7324599665420253,17.482887608439793,1361.8398416782097,-12.16419353625346,344.5659206402342,111.5781263453116,246.29413405792664,327.2782939125036,0.7758084906765625
kmeans,2024-10,11,11,105,0.18613138923065964,551.9153898834811,0.3030113042652194,0.6371139920362403,0.5425238562425486,0.47346205173066,0.5450761146556053,28.4865295311857,2457.4318723277734,-12.859119689876085,343.4513578697293,59.59533995854532,265.5970141303191,357.18633544549084,
leiden,2024-10,11,11,145,0.10206554764560212,390.90559989495097,0.3788544202545849,0.8273838003466998,0.5487944097967126,0.5690148614205343,0.7356783229359624,18.842868200468853,1986.5854498096237,-12.81303949025244,361.77368938393073,102.23481476840942,259.7885677110644,356.5959613265111,0.9056452674745888
kmeans,2024-10,12,12,64,0.184726895594356,525.0777285841017,0.28535317886097533,0.6229148310426299,0.5100254428831316,0.4727280037550545,0.5276122413981176,28.737703336392343,3094.6088910162393,-14.252266886342458,351.3210314521252,37.714473032463005,276.4461052642109,345.5841628902691,
leiden,2024-10,12,12,124,0.0804149370989607,359.07436100477065,0.35900769352321604,0.8155503929115918,0.551056700154437,0.5626757481906662,0.7338352486929663,16.10994906838094,1465.3304697166755,-14.38992171801184,410.71332781295024,90.2710146059026,294.4501381054254,410.3240946769818,1.0572111034565372
kmeans,2024-11,4,4,273,0.2683598225631464,935.6208516227015,1.1370308063197583,0.7874223358448417,0.6528654608349673,0.5200662420638168,0.50550008634493,49.566333829629,2599.3870450128516,-15.422496164020183,158.28370772053853,120.89260077891696,116.43797593928062,148.90285211131973,
leiden,2024-11,4,4,383,0.18332640409361223,706.1922663254431,1.725700049773705,0.9130153526272689,0.5854658610590082,0.5949768383084368,0.6611403772461265,39.93770780723863,1640.076523082052,-5.997098849021213,247.963064416862,-53.26465987725211,186.3261755946967,247.91969311525625,0.35787928411149655
kmeans,2024-11,5,5,192,0.2081197735494158,825.91999855543,0.7557637834471684,0.739632349757623,0.6246595533826673,0.5058981084272867,0.5299321077521656,33.52888302558019,3434.691213363563,-16.288271699777045,252.75783647476402,100.17053252611342,187.46058791036765,239.02356066867742,
leiden,2024-11,5,5,201,0.13035501408435884,571.6075301110512,1.4516249036750795,0.8860890713447634,0.6275500517222286,0.5694421076400564,0.6741636237935699,23.914562987341014,1714.3979409133797,-6.87242951310875,257.5701004153569,124.65155380826987,180.14466073269767,235.65594812337366,0.3852682964042904
kmeans,2024-11,6,6,173,0.20028634742184215,744.2346186278506,0.7210706798428377,0.717487820833257,0.6007401942718554,0.5013807837669647,0.544600153780319,38.995084801807444,3606.576274842701,-15.373799373569664,250.09044946465866,130.13021444054206,187.34139791765466,254.44772991765643,
leiden,2024-11,6,6,265,0.10288126794357128,484.57006613611844,1.0563660363535343,0.8775178038689259,0.6023715591558381,0.5740694293985752,0.7086889745564261,25.55252545729,1431.0837846799163,-17.62668091948184,274.76560477500664,198.40871516496202,194.07710753038918,267.96749511990106,0.41777279299962444
kmeans,2024-11,7,7,150,0.19418148789782816,681.8121249710343,0.43726567621865653,0.7012242481944168,0.6009777418844958,0.49332650918084797,0.5579740822060496,32.99338742456714,2713.470335841099,-16.5094511826606,364.6739084230962,187.21773979015273,272.09165816737175,364.7173167963429,
leiden,2024-11,7,7,114,0.09878103281561135,470.8285568701731,0.46232945437718165,0.8647810737456186,0.580471605118593,0.5757603828080923,0.7161894176876,14.90498584439224,1367.5279501451664,-16.4098350484485,401.650971616161,81.22577213011071,284.7086661554871,331.63017517394485,0.48768988404573677
kmeans,2024-11,8,8,153,0.20139043920725822,638.6529658459233,0.367727709154327,0.7018763917278813,0.5850469499288454,0.49756213336577787,0.5764381689327932,39.91451738317652,2325.432793471275,-18.16767329306834,336.65021120239567,123.22051320058226,251.51229125760165,334.9948691417072,
leiden,2024-11,8,8,129,0.09719006413673296,409.0200517400793,0.45730638746981517,0.8486377820847584,0.5726033940086566,0.5711144808484547,0.7173002533807453,10.919437058461234,1163.5644865005281,-13.101319906290218,315.3617645444375,82.69758002772791,223.14715106504178,300.1877235777795,0.6907992113357845
kmeans,2024-11,9,9,138,0.1845612419979124,600.639594041361,0.34499646306860254,0.6629544657503758,0.558379068000948,0.4838448347847529,0.5495236576187754,40.253735671610855,3680.28336145914,-16.704002252400322,299.72599251614616,110.28859579181808,229.9502596284834,297.64008823751857,
leiden,2024-11,9,9,66,0.061141106395391345,402.24470183785513,0.39884256040891297,0.839340286339121,0.5343214312243681,0.5794638056537287,0.7236209756621557,8.547354871920032,1482.758912083486,-14.97023185978368,304.35161064648355,52.30250677693583,219.68529389635447,307.24463897264513,0.7758084906765625
kmeans,2024-11,10,10,105,0.18938386611388602,567.5993363098856,0.3239572541566255,0.6383951471073712,0.5678262271581097,0.468547753991661,0.544661408784287,40.05127738277938,3292.3902766237084,-10.680145598321811,321.2674505530285,104.38484555947727,245.648766822366,324.2480524674838,
leiden,2024-11,10,10,116,0.10325299494601142,406.6192729065121,0.3823759501299158,0.8309235491908682,0.5669625969884831,0.5648304640646067,0.7312792789001307,18.762432348719273,1426.1286859211107,-15.190394569065484,377.2819418396567,101.91330970908365,268.2860142742009,358.6460758089822,0.8712789538974793
kmeans,2024-11,11,11,39,0.18939860682582008,541.7963524410272,0.3327215252933582,0.5987580781201521,0.5357163434071931,0.45334204808758916,0.5259270673853009,26.274428554254417,3102.1334849469586,-9.459315872184769,314.24544371399287,76.81599462106234,246.86865296110585,320.66601807866897,
leiden,2024-11,11,11,91,0.08130588635900443,396.87980632647395,0.36562884479495333,0.8285656841042077,0.5564860987656922,0.5670891990655657,0.7351149080346882,18.21013782267615,1631.674071879337,-11.552748717343961,337.9302125518619,91.0248729949591,240.5215194204847,338.45144129611384,0.9056452674745888
kmeans,2024-11,12,12,102,0.1849879529482804,517.054899743031,0.3006695664295158,0.5891442137557124,0.5574586620619477,0.4434912463735025,0.5084999824589866,32.47803897093171,2045.9259671834204,-11.300452777704038,273.15216022824734,99.86873321776223,213.1608791719178,263.9992380446948,
leiden,2024-11,12,12,81,0.08256095894434796,376.64515447007847,0.3661022489114841,0.8196109940207155,0.551253984511376,0.564542766591598,0.7333633461739917,15.582947477197854,1747.2865441849774,-12.410651828299505,464.1770646294246,88.01602276202054,331.47599372468443,454.46961818459005,0.9413671096153081
kmeans,2024-12,4,4,189,0.2731352326375252,950.1319000581258,0.883016847333808,0.7631209472124105,0.5243023162258378,0.5450450919491505,0.48089570638533463,44.35183622281994,3508.593769219326,-27.823591005505474,196.03576581955198,-48.061366174206434,162.54384239001732,178.79275552307203,
leiden,2024-12,4,4,396,0.16811978385722542,637.7469906866463,1.8619545631422427,0.9061935140941768,0.5861493656336862,0.5918327939991915,0.6517844706285107,39.26469182470702,1274.1387912131315,-2.0926243678407372,206.68979754828968,-32.62079286244165,155.66790691014126,206.9109778401835,0.2626209527531349
kmeans,2024-12,5,5,191,0.20479838922858,827.5426577318258,0.7099679464878588,0.7422939076841095,0.6359501590793408,0.5042545379541727,0.5272855232301956,27.70814289427296,5007.674132001198,-23.36768431093032,205.3978447917132,123.47028383084664,150.72781208307865,177.92737310441132,
leiden,2024-12,5,5,228,0.13761636311489125,581.1654091807904,1.450415720603004,0.8900522598621903,0.6108579138390762,0.5765724387231677,0.6840123395586715,22.902618596680934,1670.7310041152618,-11.859460944255362,275.94840503738374,107.7789946952379,196.19670389968488,262.427287886964,0.35787928411149655
kmeans,2024-12,6,6,148,0.1912073327695148,745.711391577236,0.4213250979251284,0.7276220926558724,0.6076285896797602,0.504548915162278,0.5563921718814153,26.8510761663268,2295.8750025472887,-16.607257480112246,238.71165334521842,125.62299008053445,176.75241943284,243.9952477615179,
leiden,2024-12,6,6,193,0.10906465190766529,496.3642600119387,0.8070749805352639,0.8836304239895156,0.5988954529328802,0.5778375149749514,0.7096636170102589,19.424068724229933,1690.512228307979,-12.09466959775569,235.24145301976583,102.81978659388334,165.99178869713438,235.5340659625005,0.48768988404573677
kmeans,2024-12,7,7,129,0.19363102802762394,686.3637716568289,0.48988919467054887,0.7079085978367491,0.586148896537208,0.5003100316265506,0.5642731792101167,37.56345688353055,3436.6025063196616,-12.450973389896212,264.92894300638545,115.33129063000428,198.92887711460165,256.5285315776628,
leiden,2024-12,7,7,140,0.08056111896154,425.6250474780014,0.7157599650835593,0.8611037663939868,0.5840955271553819,0.5729359643561092,0.715603589060963,19.259325114999637,1285.7549543227312,-8.805506041566648,351.1960008335659,94.23307035325264,249.0882946970572,322.15073922178544,0.5693080712433037
kmeans,2024-12,8,8,127,0.1996826904362292,644.5521564561656,0.4421668103035419,0.696970396142101,0.5909965771813435,0.4936375679402412,0.575220964346732,32.87230399955597,3015.8783857218395,-13.6351519730112,251.75849680169637,206.93633641399092,187.76065306608726,236.29038107637197,
leiden,2024-12,8,8,145,0.11445877498875504,449.51747730639056,0.45536498241523254,0.8547644117862654,0.5719783774925099,0.5740886091397835,0.7245632224254703,23.66315394184515,2014.8211125188923,-15.271834484433432,278.8445622691111,74.88663345928333,198.6834473395836,240.32179117839644,0.5693080712433037
kmeans,2024-12,9,9,134,0.19328731116852943,606.9805459718648,0.3384360905516574,0.6466996381103589,0.5622348550942414,0.4742600646960916,0.5378125207809,34.961446885703886,3819.8409233938537,-15.54640564122104,314.3904149210845,70.1677327100126,241.90632913155292,273.58730054566627,
leiden,2024-12,9,9,137,0.0978773676855684,426.04319505162636,0.40140134660466925,0.8407914018444594,0.5689805887063778,0.5687194410631712,0.7300825150219223,17.104031087938335,1991.0743170812277,-17.220070005094435,309.8291433882703,100.80122836413538,220.28700826330476,317.1309257945849,0.6393667338258773
kmeans,2024-12,10,10,119,0.18676383401943433,573.4149920862953,0.3195538182640953,0.6267089833353994,0.5686822418927753,0.4620390613544796,0.5372439596944069,34.48910717223423,2629.059226296617,-13.608064377518637,244.9848647071771,105.04164709259453,188.54203231331067,239.35550685301774,
leiden,2024-12,10,10,104,0.10520363779054064,423.4072827191144,0.38732887134396904,0.833547087225395,0.5497985398312392,0.5715948849104049,0.7320685931872508,25.150648002620063,1925.6828368291717,-11.367457267013817,365.6374902696602,71.93193156616073,262.5142227027143,408.2277842146572,0.6645856118524177
kmeans,2024-12,11,11,106,0.18649168746174055,543.7158359944442,0.31361219423562153,0.6037202065024193,0.5681765592822487,0.44952447095388076,0.5208745471010464,34.28419061363987,2776.0115104498336,-12.190120907136317,295.143092042928,92.69245220156132,228.36012253742967,287.06716097408537,
leiden,2024-12,11,11,66,0.09232966844333068,370.8884528889287,0.3763789928366552,0.8126992416150258,0.54315065983814,0.5638192173918365,0.7279380682448915,14.491290951601256,2120.547900249755,-11.69377703116845,346.9378965663567,59.03457542532238,250.36403232171108,318.34480821824263,0.9056452674745888
kmeans,2024-12,12,12,64,0.1789521444324747,520.5233868937383,0.3243045051064217,0.5915297130879164,0.5277933191853642,0.45079047781949955,0.5097493306208312,15.006661122709444,2272.6619668439776,-13.603347925887398,270.1132133637423,50.783338847202366,213.41536811324687,221.12380109255983,
leiden,2024-12,12,12,103,0.08319036871466284,369.47048539085006,0.36558414099786635,0.8106310546875024,0.5555660180671705,0.5589174936292298,0.7298609794059004,17.10155359256836,1819.047927873782,-13.315742766322,388.73106318864774,98.01827960104738,277.94408925232466,401.3524253782834,1.2341425030448252
