method,family,period,K_target,K,min_size,SW,CH,S_Dbw,AVI,AVU,ANUI,Q,z_SW,z_CH,z_S_Dbw,z_AVI,z_AVU,z_ANUI,z_Q
kmeans,baseline,all,4,4,320,0.16383067829736786,491.64625627342554,0.6018374356511496,0.6476240247877159,0.6644490626776713,0.45278477157793545,0.40544001955742814,48.98056563907113,1411.607784369185,-5.313261867960662,148.1129454966064,66.28135251860283,115.50003117038055,149.12334187730704
kmeans,baseline,all,5,5,187,0.164399707017891,426.8822737531141,0.6025140300694133,0.6367224289151252,0.6071750021935088,0.45919626213504433,0.4393828210577063,35.50433171114673,1474.3542213450376,-53.38663557787907,178.45235777138748,29.648867981340388,140.18269601916847,171.92159890797578
kmeans,baseline,all,6,6,176,0.15014577605258483,376.96209381943214,0.5918495586639664,0.5877920576330636,0.5678495503592897,0.4406972506179275,0.43969662041532137,33.09938285402529,1303.2676106116257,-70.73448374767308,172.3206019464943,16.27582798143357,140.08800601354355,176.8344225699885
kmeans,baseline,all,7,7,168,0.14702046226993307,339.87858472723616,0.577634381067349,0.5263694679175548,0.5451920626380116,0.4089982388471444,0.4251000157688798,32.08521746684808,1249.2435724866448,-79.94533766542432,180.90131981210672,9.598089918507796,150.80380986457888,196.7934889582331
kmeans,baseline,all,8,8,151,0.12059597121310676,308.91724019827717,0.5317467918692708,0.5090962988642191,0.5349486895452515,0.4001258623027132,0.3984015921429837,26.744630794942594,1304.487343613004,-93.18520595586946,191.6093165824019,7.660792715596095,159.95050422844267,192.98418451682446
kmeans,baseline,all,9,9,152,0.11978077987783756,286.3044250988599,0.5240382175570363,0.46787245994785664,0.5305735659762468,0.37482549451160285,0.3857690930189906,27.123434807555583,1168.2369694120923,-126.70535032524938,189.25864435640864,5.978709231603983,160.01784248181724,203.37653067887246
kmeans,baseline,all,10,10,35,0.12256357010813701,267.2102889879219,0.5542343121285794,0.453805233264144,0.5003826306370975,0.3698264316424901,0.3806789173730328,14.33599360089889,1247.4246961463436,-42.649750109881786,205.41879193456322,3.7628605354136355,175.21679330729603,203.62745886345172
kmeans,baseline,all,11,11,95,0.11972488828621072,249.37036349617432,0.5440757947474423,0.4021085333707646,0.5104412446571664,0.3336300400681702,0.37457602860521005,24.9566165787135,1288.43190688487,-85.1200299235854,164.5633230849985,2.574832879827447,142.6426568577087,196.75845162528344
kmeans,baseline,all,12,12,33,0.12176674562938265,236.91785723889114,0.5448061015485641,0.4186278316980097,0.4720584196005014,0.34955073632354533,0.3704665197904411,15.46885551238908,1266.48090941987,-42.680031252657564,198.35909897979474,0.1620644526785527,171.8884612755621,202.0363154871918
leiden,baseline,all,4,4,100,0.10310888057745651,308.71954904669985,0.5038694097967886,0.9407873187611671,0.5508931875589812,0.6196429215771939,0.5858537949407373,12.697902208037055,872.4073269149737,-5.184699709835806,237.10313262234513,11.768757847389768,175.47076448533755,196.9619541329665
leiden,baseline,all,5,5,107,0.08424753753927357,240.88319113388457,0.5501451934337225,0.904705885981542,0.5088078262878144,0.6195251703680678,0.6265209891127435,12.332432008791349,806.0616367140493,-27.65993761388323,261.9386932729942,7.958585428896014,195.74799099903808,242.140916439609
leiden,baseline,all,6,6,112,0.08445181999297827,234.80319379495688,0.6165653038539656,0.858617343505207,0.5337944749297717,0.5887694644604101,0.6447998520770672,14.041451038740385,828.3512596151998,-29.645923417476073,278.36708016430697,21.418072401378183,203.5758055627927,251.04338948382943
leiden,baseline,all,7,7,106,0.03735446872455377,201.95717519985726,0.6007586758371367,0.8423499755088378,0.5389564342168125,0.5793368666593542,0.6760814205478071,8.916007531461773,835.4163287000761,-42.455523366741325,289.3729334413754,14.23951503363977,211.86983317697255,268.50190619348757
leiden,baseline,all,8,8,48,0.03450483878026836,174.50402759619578,0.6059974418140273,0.8173698464364538,0.5108845693015707,0.5765945482393423,0.6766390431981849,6.737948805820862,762.6489918593908,-28.44787658472513,317.5722031150392,14.599182683003914,235.06328234536366,280.97959856266743
leiden,baseline,all,9,9,48,0.03358875866153163,158.75232768695358,0.647053147679685,0.7930037823276979,0.5026960116895558,0.566982121075553,0.6726787973267553,7.041556010079387,772.0372257778789,-27.239224231049473,318.1421346460648,14.311674019051285,237.41154639323304,276.35964608555065
leiden,baseline,all,10,10,50,0.009072340250877558,146.03867449523491,0.6368967642572589,0.7655251435584721,0.49628369334033806,0.5547614714580393,0.6692398400225891,5.217084113300653,748.4165455685215,-32.182961257087804,335.2599388283588,10.784077876942058,253.5016881380303,298.1176473320403
leiden,baseline,all,11,11,35,0.0033058711023426827,132.1604823104575,0.6362319796775551,0.7405159205140969,0.4786161427694458,0.5467390834746644,0.662340406086104,4.027950823842967,638.9233876778266,-32.04992334655097,345.60139446074345,7.3132258834228985,264.9800657325366,293.66423594001617
leiden,baseline,all,12,12,38,0.010511674826593025,124.904327477564,0.621451057380527,0.7270004781343037,0.49151714807778485,0.535609441545509,0.6559421580999879,5.249762856718557,660.6604353514649,-35.651306648475135,369.5829094579557,12.35523496553064,281.315405212886,309.3778468463529
ward,baseline,all,4,4,205,0.17946698597128677,426.7761426466136,0.6156323704525205,0.7486675903227189,0.5836070197035199,0.5210196800932857,0.4742593718049053,32.21997208281101,1159.617622348884,-4.5160904116575304,176.7050148489187,16.759338410245746,138.4817729423296,184.13131595966772
ward,baseline,all,5,5,205,0.12363261976473773,371.81628914398874,0.6146835217744354,0.649871397234058,0.5509274701898237,0.47853908812473095,0.4439054240044255,28.289066437885104,1224.7002660507226,-52.042642643700624,180.0918103932022,5.690445453820971,146.1794331159295,179.69683294393377
ward,baseline,all,6,6,205,0.10256027454227933,322.95656267747654,0.61000877067944,0.5719050706955583,0.5394306946674828,0.4370681651655667,0.4360465976191937,27.06536489699458,1207.1665484262471,-81.0603911827278,182.49903084399904,1.1401697396281392,151.9494447416627,193.57451976115377
ward,baseline,all,7,7,54,0.10318574792229158,285.7540254692593,0.5954359671655108,0.5350401075307437,0.49766811992839066,0.42253160194531286,0.42785396671154696,15.240570470261098,1162.5386970895843,-33.73418377450001,185.36328373092246,2.136892926310617,156.39749399157944,192.61353769907493
ward,baseline,all,8,8,32,0.10702601960969096,259.14596088377925,0.630821712949617,0.5182501617174063,0.4563247697071137,0.4191299566195469,0.42291844708123316,11.003069964569681,1091.9076583251467,-20.717011977102604,191.7235710728804,2.992439154098029,163.11589987650603,191.2957732871964
ward,baseline,all,9,9,32,0.10642032707860723,238.54687172143176,0.6285943530659198,0.4737982785021068,0.45286461663060845,0.39009662127215844,0.3978838703147121,11.596062765235615,1098.7953375542997,-23.790856441406635,185.77533275375848,0.6220128268653772,160.3811052181382,180.5559314846444
ward,baseline,all,10,10,32,0.0777510669375733,222.08754565350358,0.601138758701305,0.4512460824255881,0.4704686046352996,0.3722240009786428,0.3687898734629384,9.627479636861628,1065.874754625015,-27.807684149603055,199.83202223234815,4.359397648030198,171.97618363756067,187.33562030361313
ward,baseline,all,11,11,32,0.08030107079508848,208.85234544960286,0.6119413559243714,0.41695580164546225,0.45639661264755554,0.35029553645738704,0.36381432877792386,10.553109557679484,1013.8550474555382,-31.027162450865756,185.1534302789829,2.5009524268943424,161.62390068196015,185.5959487514266
ward,baseline,all,12,12,32,0.06914043813278932,198.26412882626042,0.5954390087814475,0.39392929506801805,0.4595446278228581,0.3335477775448651,0.3567880331737791,10.061761570072385,992.5432705745554,-36.69181274431559,181.73124028138233,-0.7692736943835965,159.8040630427371,195.4942616878881
gmm,baseline,all,4,4,273,0.11578894947642183,423.1093287869865,0.6487021556285334,0.6418880410891523,0.6118416351775833,0.46088349968946396,0.3815393141030261,31.247550572760076,1086.330585901093,-4.89210629864955,136.44472480696356,18.92381923163067,111.41506283320881,132.39113349608448
gmm,baseline,all,5,5,248,0.09831617924377412,325.80125869627136,0.7426050926555902,0.5929357584962804,0.5569194146826273,0.44574348722464574,0.3920953653828217,26.162891686453666,1012.3418310315535,-40.476566513741965,152.37392894183492,4.565710537006335,126.56427640368612,153.21061554761965
gmm,baseline,all,6,6,164,0.10230852673901503,298.3376814644719,0.7987680435310177,0.5234531716171402,0.5148600058378527,0.41232852895381306,0.38298887874768095,21.204674556135163,995.5895318165934,-24.33787835129956,149.34702216196456,0.7235289380760621,127.42114734815065,152.62123242642474
gmm,baseline,all,7,7,216,0.06905094238563077,259.56635325208106,0.6600122642460681,0.5168251330784044,0.5452449198512517,0.4032038022290035,0.3843457680049423,20.211718904554246,1035.0934763517478,-74.93106766429429,173.78955017951026,8.706692507034898,145.11659431153973,175.2899377462716
gmm,baseline,all,8,8,83,0.0745203942527228,244.05794907726025,0.7062820581568737,0.474187899304216,0.5070687918110574,0.3822721369509546,0.3722918485142366,14.752605684049222,1065.4502033535623,-35.779568651716765,160.07552981574347,1.7056379203686436,137.01471901120024,164.2030131579442
gmm,baseline,all,9,9,65,0.06909709058483758,224.09808683606343,0.6769973029948315,0.4580166663040059,0.5069871819774163,0.3717038447297449,0.3734614354404418,13.729078368272619,977.1097422037025,-39.784218477731805,175.70233175694804,2.17286789466285,150.52097321539955,181.97590215976138
gmm,baseline,all,10,10,81,0.0627003115630241,208.33894105277108,0.7060220206833302,0.4285549781382378,0.5012093167128333,0.35277945195820226,0.36196720738685667,12.865630232594603,968.3666384019388,-36.936887219606525,172.1145927340911,3.534461306468805,148.3767116217903,180.60143594511567
gmm,baseline,all,11,11,54,0.050221769578206205,193.59277402827507,0.635785209161239,0.46176643025154784,0.4948206069285597,0.3758808369720526,0.3803758723408636,9.617458797142415,902.4670627908846,-31.57895087929973,195.7737218801858,10.84422255406081,165.36971524117862,186.12429721439221
gmm,baseline,all,12,12,50,0.05646685470921275,184.20269631484342,0.6761860506594849,0.4413765720013247,0.47530893494935095,0.36483727646194675,0.3742000587141891,10.6818984254578,908.4826953012482,-28.133096718603426,191.10342111821464,7.994220422501774,163.12319717982444,185.90291545384386
spectral,baseline,all,4,4,100,0.10459918836262733,313.2178347104284,0.49998207782941206,0.9371035313052465,0.5414779131809719,0.621660183518319,0.5844222368861532,12.686179347693166,904.5432606614805,-5.307157022329562,229.5902546034437,6.323145150362601,171.59235312833312,198.4715424411561
spectral,baseline,all,5,5,99,0.08414321706005572,248.3439727116175,0.5434077462681552,0.906074919013574,0.48353620319863005,0.6300412361526838,0.6288936783568548,12.046332455884185,780.1392702591664,-27.80000285342651,258.44301810926396,-0.8099452972378889,197.13358439646655,236.75418292473915
spectral,baseline,all,6,6,99,0.08627150846989978,225.71587847539914,0.6082363556859937,0.8696823832196637,0.48136046861030873,0.6130435294031712,0.6411757501752178,13.418260374794935,829.640591835548,-26.236488850031055,269.46791118458344,7.329894532496149,203.6079515045021,235.71124732924682
spectral,baseline,all,7,7,99,0.04471357598802231,207.30863830711948,0.6329195606440284,0.8402540041719563,0.5091366217765357,0.5884939067829655,0.6624937099798783,9.546307313873363,824.0506099365442,-31.998338559227715,291.9288056992847,10.616914632615005,217.1805674632812,259.457221250506
spectral,baseline,all,8,8,35,0.02431141964115777,177.40632889056752,0.5751867707384468,0.8171610044423024,0.5565768413673541,0.5616949159874757,0.6545671369954374,5.034962098329478,751.857441178805,-24.3770291068101,300.6239538854451,35.32504369101615,213.41967551604483,260.4398292750336
spectral,baseline,all,9,9,35,0.01327011807840333,165.99620125886824,0.5884550347304658,0.7883450009538904,0.5428452252220325,0.552081919249921,0.6483624195297948,4.457661250647274,733.9348448302084,-26.93215907699913,307.90580328785455,29.00450008511378,222.95161651666203,277.81562052055943
spectral,baseline,all,10,10,35,0.018113785384745017,154.0233149547688,0.5727278638376792,0.7722442445934957,0.5365348479314813,0.5460118902446467,0.6484861136817653,5.389848365183245,753.5810066076971,-28.86947033577455,332.1576527103819,30.949453803167092,241.1425335813466,286.77852921653226
spectral,baseline,all,11,11,35,0.017077089085285133,143.09132875726388,0.5968683009677251,0.7550513913364602,0.527092039086517,0.5401011025484372,0.6469143126414233,5.890220291157765,745.0382406319087,-28.438325235048374,334.8129508399991,30.146724783922348,245.67610923727153,290.6816185684769
spectral,baseline,all,12,12,35,0.006214261321323607,132.35674462119908,0.592799596108191,0.7417222007174012,0.5192420697836809,0.5354879294691145,0.6451762832547576,4.859059770856091,689.0855565277103,-27.576465667371593,363.3282610464991,28.066502867493554,268.4416562566833,300.76952457149355
kefrin,jury,all,4,4,321,0.1576742478549191,444.1597789748479,0.6682906879394704,0.67329367759237,0.628226141371945,0.4731572836914541,0.43485466406789647,52.51776628134429,1225.5785081875188,-4.7587650938749935,158.18766006935346,32.526510260622516,125.44500573940796,163.7556045857972
kefrin,jury,all,5,5,272,0.1509932984131873,397.03422351541565,0.6269067761500597,0.6606580593165321,0.6288180091266204,0.46675309910343077,0.4710989070314098,40.76872730950934,1229.7882048501438,-70.92356995183815,163.4839757343957,45.15384552879312,125.80823729356919,165.3081022973921
kefrin,jury,all,6,6,252,0.14056669952008932,346.5730113016296,0.6122369712064082,0.6240292978604894,0.5949809212531055,0.4550688283275295,0.476225334947037,39.21571337766568,1219.20246565024,-106.18093757997065,190.4330485864538,37.47390895614347,149.91889998803995,201.27311571197492
kefrin,jury,all,7,7,211,0.10475067458448914,301.4601972039193,0.5681692884950236,0.636524310477644,0.5665674719529087,0.4678145076351122,0.505408653251217,27.018108831664403,1140.1554961825586,-114.78436907767926,222.0375923908241,22.96179651837398,174.71445947559096,228.76681179678525
kefrin,jury,all,8,8,195,0.1055286226876757,282.6096423758602,0.5401070743169255,0.592281370137341,0.5476718440540351,0.4472154781441172,0.4875593965460695,28.25871487687391,1241.2480422317356,-167.31496175268694,223.66336886519582,15.243695091410839,179.6590088090008,233.35713291306976
kefrin,jury,all,9,9,104,0.08101391264238686,255.79861790787712,0.5085421290507363,0.6180470927492625,0.5142979429711461,0.468977683008199,0.5081529762999187,18.023287668554858,1174.9838657676235,-83.74304855896509,236.18370105749736,1.1440842545849075,189.40536744634113,234.80806056126775
kefrin,jury,all,10,10,78,0.09471768913831462,233.66758638261152,0.5182309036878918,0.6152488847224266,0.5120138166233688,0.4678642067026955,0.520571190338852,20.030509390174778,1077.3393346216583,-66.12495056064127,276.85527369333005,5.379708773653103,220.6018439247113,275.67797715691694
kefrin,jury,all,11,11,111,0.08349797672246204,220.74612251541404,0.5097732361428812,0.5813173797247603,0.5287142073586661,0.4446529566188656,0.5191831617604831,19.784797216621467,1154.5503894231085,-119.00681101277176,273.1154450578012,9.247189476197853,218.35047323309493,285.24109196629365
kefrin,jury,all,12,12,112,0.07857014416969528,207.15587957479795,0.5017433371202868,0.5563146005236385,0.5284884726641823,0.4299166027702116,0.5083829709971737,20.070609400073316,1198.4259272025922,-169.35246502253796,281.48909525764054,9.758246337968686,226.71065596514816,299.52780409647187
canus,jury,all,4,4,273,0.16570246389395493,421.8994375850675,0.8579992886564171,0.6758616896833115,0.6770307786122631,0.4636878088329394,0.4386244219994708,40.45589012379721,1054.1267013797885,-3.1828313989163477,144.68479681530243,70.29958393868253,109.292446412385,151.62953787476653
canus,jury,all,5,5,229,0.13789909118992846,371.2882316678192,0.6613577592846185,0.6409207401340884,0.6148877885917982,0.45973986359768676,0.45935829636521697,33.6627436694401,1074.6118073601926,-52.57663647553624,166.72266924229893,34.679688249389926,130.4161091776311,171.3828245702416
canus,jury,all,6,6,216,0.1284309319745988,329.49599463441683,0.6303271050328036,0.5738221239726461,0.5793804138469808,0.4306482478089836,0.4352575691520073,34.7184071726732,1189.519005485791,-70.3529792992104,183.07408301279312,25.41460946759016,148.51049878675815,192.76374757272512
canus,jury,all,7,7,199,0.11722941421800517,286.74362889916847,0.6257308799587697,0.5467174512057833,0.5675267767005917,0.41725340339510986,0.44687089364207133,29.520187459534124,1155.8824046815087,-73.40262471815437,186.39471392953632,22.549202648317483,152.0323813504719,200.94270024322728
canus,jury,all,8,8,149,0.09652058787044776,272.6792409824254,0.5654151195458826,0.563088283647158,0.5453855209976901,0.43079198133654917,0.4767439215646645,22.526409331041954,1200.9702767356773,-86.22110031841079,210.9168725328242,12.304557245990699,171.2917717277528,226.1741181850776
canus,jury,all,9,9,144,0.09143699230702002,249.87392179075363,0.5547409478039994,0.556623389030814,0.5507213811753644,0.42602715097053345,0.4859133302752089,22.964706640458783,1227.3831060228645,-88.21068709955682,248.48739873028023,17.643847109847577,200.19568719624098,259.75399762292733
canus,jury,all,10,10,62,0.08967678699116421,226.56416420457006,0.5588204669667214,0.5156800417887589,0.5361881964834183,0.40397917351125145,0.47252497454655906,17.352443886635967,1146.9766638099018,-51.67374268166643,227.80639615457122,16.413823376399424,186.08181677232704,254.3480251777487
canus,jury,all,11,11,61,0.08631835891501319,210.44309672763248,0.554177664124277,0.4709549632522871,0.5290768419394882,0.3770138962343389,0.457235201087396,17.35347136205567,1054.3276141132083,-55.126019654495124,205.836486476315,14.186784702982946,171.2429764447849,245.219318172486
canus,jury,all,12,12,47,0.08451592229752998,194.2595289439577,0.5645751913651504,0.4534467226576615,0.5191057107606806,0.36704838420083497,0.4532707975771039,14.320910830492394,1090.6957414377273,-45.4891143768324,216.5907169512233,14.840010018236509,181.44812608759707,252.648382868046
patterns,jury,all,4,4,208,0.10881694281811014,323.6173113595416,0.7506846950916984,0.5721796391720474,0.645115133904001,0.41791728270564643,0.3471136384097894,24.89057656823185,866.3385101195544,-4.421017279901467,126.24432283353524,38.297362675961594,101.98822169583784,130.58722780390636
patterns,jury,all,5,5,146,0.09400147133000034,259.9248583960076,0.7762190748260624,0.4765394879942715,0.5773857782965524,0.3737133381218109,0.33272521770685903,17.578518786267956,807.0331838869644,-21.729303048202144,119.73997550239105,22.378910784220622,100.99338900374842,135.623387089338
patterns,jury,all,6,6,146,0.05904419726763846,219.19992730672186,0.7422631791341974,0.41132418680899735,0.5398575046843167,0.3365836227201803,0.3098805884576793,12.365128462505172,780.4336244092992,-27.161140849014853,117.13725843178602,13.027906004051138,102.75790048353872,135.94936386593548
patterns,jury,all,7,7,146,0.06390126011502313,196.9334682783505,0.759626474727507,0.3679443789677368,0.5281379362126634,0.3080771652387067,0.302123958452741,14.392313990171342,751.3499749570223,-27.191794780074005,117.59988281274038,13.596100905089287,104.10500571946291,145.3004798491724
patterns,jury,all,8,8,100,0.04833943954553946,174.7243136679744,0.7342776615366471,0.32982966538340286,0.5246462481472507,0.28117418825983254,0.28731752134481736,10.868121060121918,726.6606058616242,-27.346279312508408,111.17266782484597,15.357263877334884,99.45940856330516,144.41554024128962
patterns,jury,all,9,9,60,0.047467885608692285,154.93891766146356,0.7510575108562894,0.2997303605974839,0.491675236784089,0.2612325245018373,0.28521780443714306,8.493613977268728,673.2693030209208,-18.85319461066216,103.46136605239776,13.58132452359372,93.79380198544466,144.39425984280487
patterns,jury,all,10,10,60,0.041710452726412994,141.36058994602976,0.7351742712399975,0.2801522291844647,0.49844647691204813,0.24582500614055885,0.2747635406110187,8.486914706445887,648.2768985375391,-23.67355526175747,100.51289234470642,13.59455654643491,91.55409063438074,141.44605707753246
patterns,jury,all,11,11,49,0.04373222650474437,130.60898988903443,0.755597381916466,0.25949205037972817,0.4818896227110917,0.23065006141900626,0.2724594713800809,8.290725890484786,626.3301460732391,-20.10882763418428,98.41127451187133,12.866754735925689,90.34048063339283,139.98600135702287
patterns,jury,all,12,12,49,0.034292693799743604,120.49310563505615,0.7493920713887621,0.2404878477194943,0.47583541738529284,0.21579397451341278,0.26385628235143416,8.172790293474518,598.6066373918495,-20.685749488991767,96.32220832972634,13.632849131371897,89.03155361258526,137.05551689075727
kmeans,baseline,2023-01,7,7,157,0.187535214051989,522.5316048774938,0.4687462396874349,0.49254271398729893,0.49306792603455596,0.39629877633001453,0.3562598004664661,25.441756853532898,1741.427811795308,-13.123478518931423,114.50457168243425,-16.778256801657623,99.72299581821554,125.01707734795949
kmeans,baseline,2023-02,7,7,141,0.1895992785621785,535.9142345834755,0.47019048633379323,0.48234805559351873,0.4855274091482415,0.39082054164087593,0.34885714812832946,34.633382795703824,2367.118903773859,-9.365625808893268,162.35273561079495,-20.131804172210984,142.17506007936112,178.86703234375113
kmeans,baseline,2023-03,7,7,155,0.19180703343761785,560.2996255504682,0.5953546511346071,0.49242039671846966,0.498970256333119,0.39529514234757357,0.35260411941994896,30.263917559500218,2402.2340440073754,-8.632309512743102,111.33113967699363,-15.662244717018597,96.85782244347718,115.17899512899805
kmeans,baseline,2023-04,7,7,125,0.19344081290174137,607.9147144864354,0.5203133339393551,0.4982735715011536,0.4965526417210872,0.3994436097590881,0.3751101762985983,38.60047255097898,2969.425985510799,-11.57203693452308,150.20219109015625,-13.948292051542026,130.10615051558568,175.32420401660468
kmeans,baseline,2023-05,7,7,134,0.19396757592934827,609.7653575248279,0.4194575882311043,0.49853730347330577,0.49528479706891204,0.3998156451272217,0.37427830375035587,33.78400823276159,2360.4474053486697,-11.126887746535864,219.09189207874914,-18.68306353467322,188.885894328279,265.98157179388704
kmeans,baseline,2023-06,7,7,143,0.1920088577979869,641.9724872725167,0.4540451395635858,0.5050017333440692,0.5009398307348392,0.40304199105844657,0.3725714736975496,31.536053182762082,2178.4885953737976,-10.643569469509929,172.85206026421824,-12.376974171358063,148.95674717879132,182.0378205486156
kmeans,baseline,2023-07,7,7,173,0.1950547070379502,655.2038610887367,0.5835231971731387,0.51872967773446,0.5226674794859404,0.4080876700199782,0.3766261706732975,46.642953059904876,2731.0796370209137,-13.271662599299765,160.348453300486,-1.7889674542456442,135.71091331951948,176.51768209502993
kmeans,baseline,2023-08,7,7,181,0.20596264379523274,643.435038562606,0.4941759234945967,0.49622729630314755,0.5115445639155578,0.3957652938239243,0.3886457759466141,40.41551053947334,3917.8716027232476,-8.707027408777002,177.08788146905846,-6.852828344325955,153.02757618866292,202.72291955729924
kmeans,baseline,2023-09,7,7,179,0.1958331348372531,628.6552192743305,0.4518756198545863,0.5009169853927312,0.5192189979835048,0.3975261516669912,0.38259193436766636,39.70951846086902,3876.2101021403264,-11.734077702515922,168.7596118445058,-10.76817706635545,144.44062127941663,164.70848266197677
kmeans,baseline,2023-10,7,7,166,0.19772462160338056,640.5971813893402,0.4134043065515335,0.5006996570353813,0.5240936743577113,0.39662095494938054,0.38520027880388263,31.222475848698096,2910.369434883557,-17.004891340726815,170.27678359518742,-9.126474536532951,145.53543204390454,194.59906073907786
kmeans,baseline,2023-11,7,7,154,0.20303458398722107,629.6738155821158,0.44069499847163784,0.49079266505554525,0.5178102326133617,0.39133881182988445,0.38411981427516884,38.18666381328474,2185.208242994487,-11.82627297805333,156.8837709304336,-4.493437172254647,135.78332203528493,190.71412174028092
kmeans,baseline,2023-12,7,7,155,0.18777360415710498,652.2273782087623,0.39542784447356866,0.4949696465685757,0.5198545700892637,0.3936728154285017,0.35336478528635024,40.39640659430261,2251.534720738951,-13.386012577353492,228.25661028678067,-2.032061490526123,194.4014506381104,255.8261550111471
kmeans,baseline,2024-01,7,7,159,0.1979060060335731,602.3173133959388,0.4745993752997372,0.47765570990325207,0.5082236938801714,0.3843519801101312,0.37278827428818784,34.91168288528186,2240.4118766334955,-12.980867782365088,180.09794371672953,-7.001859000859455,157.33242149896813,230.3054805503213
kmeans,baseline,2024-02,7,7,150,0.20157094603128167,630.3745518676676,0.422802647512059,0.48954392317559,0.5048176504595797,0.3925362720976215,0.36706784875424786,26.144070755866693,2143.5218350351415,-16.38361727735075,146.08134486460295,-11.056683629204727,126.37742082422855,153.99613905047588
kmeans,baseline,2024-03,7,7,145,0.20169111776239965,656.1884373219194,0.43676178092573514,0.47967572845800344,0.5075480487000359,0.38575934474529144,0.36009304999510133,27.626758522976477,2247.2621744548383,-12.320089342206389,189.00545980432904,-12.981150712991656,163.24354121411832,217.0192670908344
kmeans,baseline,2024-04,7,7,141,0.18831895818885852,684.6573708772435,0.3914686213899762,0.48944635214457266,0.5144613796808246,0.390993661224866,0.3550667558044639,29.727799196360454,2518.2660692502864,-17.7003674111971,130.7387232195681,-7.480353684742109,112.47692160874871,137.48609285023326
kmeans,baseline,2024-05,7,7,138,0.1983766034048534,673.2339103398067,0.395972043076594,0.4865845902963229,0.5044187250064532,0.3906921738327933,0.363922019616966,27.9041067252348,2659.160725932655,-13.893019868904435,152.23485566748866,-13.481417843963747,131.72171019749175,162.78322036227414
kmeans,baseline,2024-06,7,7,136,0.1967341587902104,709.1464377870507,0.47806356772164493,0.48594260444532095,0.5110258601238501,0.3892743916296611,0.3566756451995155,28.31927728827076,1745.107235932044,-16.187418393336927,158.08510361450945,-8.53636480447558,136.3387199116624,191.30820921291436
kmeans,baseline,2024-07,7,7,166,0.1886133775331492,710.6149920567691,0.3707276430481218,0.4981261825489744,0.5302822222186356,0.39404120064619375,0.35561313764001695,39.661241842713814,2595.337536678106,-10.819084735107172,139.27924855563012,4.423520583936223,118.31648014608851,139.5048488796291
kmeans,baseline,2024-08,7,7,180,0.18274183448678005,717.8247144289577,0.5058744874617565,0.4867144545437437,0.5324243588732932,0.3865455656752047,0.3479087623474231,37.24870589049982,2267.780267624889,-12.668147840503025,117.47926759394434,2.669651123068614,100.17171218407634,117.60527980190913
kmeans,baseline,2024-09,7,7,158,0.19964783020344704,680.6468006124452,0.4111383243832567,0.4696364186055234,0.5175833117292459,0.37780186317059583,0.34632981096721965,40.37322767938426,2269.2274741501724,-12.852673480490898,126.34708374792736,-8.401877441343261,109.39149664362193,147.72972482211145
kmeans,baseline,2024-10,7,7,136,0.19518813464268428,696.7564022300438,0.38173792500185316,0.47208097517343267,0.5087484505518303,0.38065813420654016,0.35366871812394235,29.69627532727944,2183.8054670620636,-15.055446854511334,142.255638627962,-10.437692703834804,123.43709959196843,163.70472372450408
kmeans,baseline,2024-11,7,7,150,0.19418148789782816,681.8121249710343,0.43726567621865653,0.4634738723452996,0.5099041449555373,0.3748796064107066,0.34962456024783145,32.99338742456714,2713.470335841099,-16.5094511826606,131.94170068672392,-12.636025392119059,115.23438546467901,160.90639500128233
kmeans,baseline,2024-12,7,7,129,0.19363102802762394,686.3637716568289,0.48988919467054887,0.47056437652552646,0.500583470076475,0.3808520952991519,0.3462709102729835,37.56345688353055,3436.6025063196616,-12.450973389896212,112.65044288765216,-11.83472622097294,98.24358058570722,126.10327423913562
kmeans,baseline,2023-01,8,8,144,0.18382818514793445,492.2586065643116,0.47706151667571894,0.44045578125282153,0.48229543101462846,0.3632835297406562,0.34277903762288475,21.15891666266515,1292.3725980537647,-12.443637084483159,103.34696848372366,-15.013507449424154,91.31687986757929,113.28526014332756
kmeans,baseline,2023-02,8,8,71,0.1947148126355326,504.78990095243245,0.4573985522967626,0.43851895000532204,0.46243909930173976,0.36458531147270073,0.3485176462094875,28.961804500667085,1982.2235119665852,-10.260007530894853,198.6115795071608,-14.289552533570557,175.31821560255068,230.46919869549848
kmeans,baseline,2023-03,8,8,155,0.18438365188688238,522.5771758982219,0.4228482301780018,0.44423412164614473,0.49306203098289664,0.36441458167475754,0.3366261476558805,30.312659099515272,2121.818033146295,-14.329673095165244,125.76578606174313,-19.526801908417347,110.72546340726358,137.0831055446235
kmeans,baseline,2023-04,8,8,135,0.18975887796936577,566.265557988494,0.433892155865647,0.4458933359346752,0.4927449180901552,0.365572737366722,0.34912617899493764,28.876816130818852,1961.5417599545056,-10.633838033082187,152.14074372386548,-17.123231784416575,133.7985300929313,180.4550805123663
kmeans,baseline,2023-05,8,8,130,0.1915396834921802,571.2519756110296,0.39328308209152324,0.4649382857638633,0.49932373440948363,0.3773375841486591,0.36836920135682183,31.57959491852405,1864.8618639983777,-10.81869983407773,180.06642163932804,-14.257394184070014,156.68093315931486,219.03940756431828
kmeans,baseline,2023-06,8,8,144,0.1930013214543088,598.377026749373,0.37955820821381586,0.4595716579281121,0.5023435170919994,0.3733735732961213,0.36185448705741763,28.17330800844561,2656.6621427646746,-9.786619901482322,158.77374223321934,-10.468877157225368,138.72050754065648,181.1479576469218
kmeans,baseline,2023-07,8,8,146,0.1987100560165013,614.1758146844218,0.442694767147234,0.46371746512842116,0.516014194342889,0.3741815176862791,0.3556928096586016,40.72177024926929,2899.313337309132,-11.588164227339767,175.0019425062615,-1.1307115124896816,150.6623310822334,212.81567130380924
kmeans,baseline,2023-08,8,8,163,0.1939553132112231,603.3096940841306,0.4096539530787717,0.4641398759658706,0.5169449087634125,0.3743260502418162,0.3578562966943094,43.52625625141975,2450.4555242560878,-8.134069883541128,170.59478622784013,-3.1193941200178408,147.33059036861323,194.9793647136176
kmeans,baseline,2023-09,8,8,147,0.19405352463473152,590.1744745705626,0.41803302252132163,0.46190431409557187,0.5200523341196778,0.372439078179785,0.35680983174106917,55.198918805556936,3733.8237464267995,-11.65955862377434,224.27791473424415,-1.9921128956851282,193.6666016239714,264.635077364019
kmeans,baseline,2023-10,8,8,135,0.195258262729685,601.7698578861375,0.44866749877642487,0.4568973460881255,0.5158177900010923,0.36975503909353785,0.35625254778850657,34.37236372241091,2010.6578586802675,-9.884087496843723,128.04058406138418,-7.501153444772595,110.75535895751628,142.06910454891963
kmeans,baseline,2023-11,8,8,147,0.18669813337461902,588.5489846845945,0.42215854923718993,0.4523732376618589,0.5225620975807237,0.36588139706435135,0.34241815401378795,39.555519922177,2306.5143187154463,-11.069859379228468,143.2793346748398,1.3781084575292484,124.002454359641,157.971018814971
kmeans,baseline,2023-12,8,8,135,0.19160225809337678,609.6447164982749,0.4114928447797698,0.4440761441352161,0.5082954190775854,0.3622976427865356,0.34281415919343816,38.334320778171524,2523.4871496469486,-13.776867841946087,172.43637425794034,-6.313173932320609,150.78217301420358,211.85720589492308
kmeans,baseline,2024-01,8,8,142,0.19321706739903316,567.2801179518847,0.42029896943218353,0.4383921394576088,0.50103502718521,0.35944099131034535,0.3533848682065369,31.623687169502308,2348.646535237169,-14.283326461958248,166.7588281616945,-11.124304188355742,146.29809464268942,192.35109781438007
kmeans,baseline,2024-02,8,8,128,0.19781532086439488,588.9527039632243,0.39764455776221264,0.43909697157296135,0.49380852551783444,0.3608532281473942,0.3506166763646575,29.703477876660244,3219.9703773190545,-13.948582664870834,168.3277303311849,-11.071265420555887,147.96118187014036,201.5321013091274
kmeans,baseline,2024-03,8,8,141,0.19996762173080115,614.0857374272879,0.43411862655485095,0.4366241912013417,0.4966854784528809,0.3588107380563172,0.3500386394384113,28.699135100011425,2319.884073037565,-10.352442642736543,188.33431850628224,-13.900688248851022,166.03828772343303,217.5948786540171
kmeans,baseline,2024-04,8,8,137,0.1893219553262521,629.1483241542485,0.36431096846678174,0.42721286333786446,0.49736417102110375,0.3523462097500177,0.34316458072819733,32.36971731573204,3033.03727011498,-21.433775748402287,117.29117977009264,-15.403211225434267,103.61249408878857,130.52579082157024
kmeans,baseline,2024-05,8,8,138,0.19415988901739162,625.4784219844033,0.370782406762909,0.4417799126168702,0.5048101429439761,0.36122199608233946,0.35429769091074004,33.54929144419159,2599.937135932769,-16.401113859461983,163.19324298343082,-16.650973383874764,142.38590120547383,204.05662484258733
kmeans,baseline,2024-06,8,8,136,0.18753846115995434,653.748975803515,0.34172315096408745,0.49932417354508296,0.49791993122607914,0.3998997217980054,0.36547640371062223,32.8258726274653,2245.363639378166,-11.523856240116148,206.2789910721641,-7.543203646546777,176.20370791637265,226.8215838035862
kmeans,baseline,2024-07,8,8,127,0.19186140337604715,657.9657396785005,0.35155040412707633,0.458856672940071,0.5259863827890802,0.3696425665488314,0.34514875393445577,34.70544527465064,2955.9559325203677,-13.338133626071771,148.5265769112014,6.027311394883885,127.61066257996102,149.51200138940158
kmeans,baseline,2024-08,8,8,164,0.1845162366343407,661.9980022159165,0.4207406185466188,0.4380644068097558,0.5178256965783253,0.35706697481763744,0.33722769306805206,37.36888675506745,2325.795823089176,-10.675997217556683,116.9328565306559,-1.9444538841136736,102.01068361564319,130.25868327580096
kmeans,baseline,2024-09,8,8,148,0.1891753322614325,629.8559413242863,0.40337914499615424,0.44134509998396887,0.5187195690062532,0.3591282997000437,0.3353051033712663,34.24648509938837,2265.0752020791865,-15.014902422378308,158.04158598747009,-0.3436578089853306,136.83708191802452,164.94440284933597
kmeans,baseline,2024-10,8,8,134,0.19718101196174942,651.2316936987447,0.3608411848727315,0.4327541248158744,0.5068991744515177,0.3549018858460172,0.3480314522684321,32.502664486731234,2623.542926484261,-13.930195233703413,134.16654134671273,-10.694853071700237,117.32521695405421,166.40628115166137
kmeans,baseline,2024-11,8,8,153,0.20139043920725822,638.6529658459233,0.367727709154327,0.4206930743999443,0.5015648445041643,0.34739173188354294,0.34535967456544325,39.91451738317652,2325.432793471275,-18.16767329306834,109.85553129608175,-12.238857598482438,97.17486403690596,136.9227497997298
kmeans,baseline,2024-12,8,8,127,0.1996826904362292,644.5521564561656,0.4421668103035419,0.4350714158575415,0.5022722027431354,0.3570478024707026,0.3485146874843794,32.87230399955597,3015.8783857218395,-13.6351519730112,113.36401536867757,-10.309435076832074,99.39186419969128,128.81336224986285
leiden,baseline,2023-01,4,4,100,0.07338618239994696,288.373473882911,0.7447049757466427,0.9407873187611671,0.5508931875589812,0.6196429215771939,0.5858537949407373,6.978089053675283,486.5489672052133,-19.84871753422093,206.7102639825973,9.294374192128457,155.30615236055863,183.78076661974785
leiden,baseline,2023-02,4,4,100,0.0750502967414229,291.8769419357396,0.5327699217843915,0.9407873187611671,0.5508931875589812,0.6196429215771939,0.5858537949407373,7.186173322743408,558.5806692597687,-14.664287597329379,206.7102639825973,9.294374192128457,155.30615236055863,183.78076661974785
leiden,baseline,2023-03,4,4,100,0.08051903758100186,309.27892715110056,0.6362821976602204,0.9407873187611671,0.5508931875589812,0.6196429215771939,0.5858537949407373,7.315177308581591,633.1039963164168,-14.098151068149429,206.7102639825973,9.294374192128457,155.30615236055863,183.78076661974785
leiden,baseline,2023-04,4,4,100,0.09383032991662474,369.48295791192527,0.5866277636603624,0.9407873187611671,0.5508931875589812,0.6196429215771939,0.5858537949407373,7.964669382296541,664.6199834854469,-12.098072445046844,206.7102639825973,9.294374192128457,155.30615236055863,183.78076661974785
leiden,baseline,2023-05,4,4,100,0.09734497367796094,364.8265649777087,0.7556364641897027,0.9407873187611671,0.5508931875589812,0.6196429215771939,0.5858537949407373,8.889876357891408,648.8833419468518,-11.632125966508928,206.7102639825973,9.294374192128457,155.30615236055863,183.78076661974785
leiden,baseline,2023-06,4,4,100,0.1014618116211807,379.10791285572117,0.5920752620498527,0.9407873187611671,0.5508931875589812,0.6196429215771939,0.5858537949407373,9.192695761441044,622.3775998815544,-17.52514771959839,206.7102639825973,9.294374192128457,155.30615236055863,183.78076661974785
leiden,baseline,2023-07,4,4,100,0.10439486710879813,387.05257937999943,0.6178805062615207,0.9407873187611671,0.5508931875589812,0.6196429215771939,0.5858537949407373,8.945364345444274,678.3302283721514,-20.496209590751132,206.7102639825973,9.294374192128457,155.30615236055863,183.78076661974785
leiden,baseline,2023-08,4,4,100,0.10559223451555948,386.91390210629186,0.61612276213592,0.9407873187611671,0.5508931875589812,0.6196429215771939,0.5858537949407373,9.768439451755869,659.4223269250548,-12.997455261852998,206.7102639825973,9.294374192128457,155.30615236055863,183.78076661974785
leiden,baseline,2023-09,4,4,100,0.10726251882356184,385.76604431979575,0.5758706489155584,0.9407873187611671,0.5508931875589812,0.6196429215771939,0.5858537949407373,9.828760787744356,673.8058362485741,-15.382896863768865,206.7102639825973,9.294374192128457,155.30615236055863,183.78076661974785
leiden,baseline,2023-10,4,4,100,0.11206098495412005,401.0849951137195,0.6580695353196051,0.9407873187611671,0.5508931875589812,0.6196429215771939,0.5858537949407373,10.270356897280456,689.4943613143685,-15.807320981546537,206.7102639825973,9.294374192128457,155.30615236055863,183.78076661974785
leiden,baseline,2023-11,4,4,100,0.11180900844433873,398.49714201717535,0.6569534767878438,0.9407873187611671,0.5508931875589812,0.6196429215771939,0.5858537949407373,9.17500679163583,792.2713718684149,-16.12885885603308,206.7102639825973,9.294374192128457,155.30615236055863,183.78076661974785
leiden,baseline,2023-12,4,4,100,0.1116394384295477,393.2367218586155,0.5564971088089337,0.9407873187611671,0.5508931875589812,0.6196429215771939,0.5858537949407373,8.918293944716158,718.228636232222,-11.82991776210448,206.7102639825973,9.294374192128457,155.30615236055863,183.78076661974785
leiden,baseline,2024-01,4,4,100,0.10641668764382893,379.1430416010667,0.6544082024890839,0.9407873187611671,0.5508931875589812,0.6196429215771939,0.5858537949407373,8.643669884850356,731.4830157860811,-18.005703393820983,206.7102639825973,9.294374192128457,155.30615236055863,183.78076661974785
leiden,baseline,2024-02,4,4,100,0.11027394355200404,393.2505605282563,0.5854912598162793,0.9407873187611671,0.5508931875589812,0.6196429215771939,0.5858537949407373,8.592739418481452,727.8684992931502,-15.412420237317937,206.7102639825973,9.294374192128457,155.30615236055863,183.78076661974785
leiden,baseline,2024-03,4,4,100,0.1144836173722487,408.6042780084905,0.5709477216869296,0.9407873187611671,0.5508931875589812,0.6196429215771939,0.5858537949407373,9.117499003458285,750.3390121526724,-14.533886211213055,206.7102639825973,9.294374192128457,155.30615236055863,183.78076661974785
leiden,baseline,2024-04,4,4,100,0.12019775473873254,450.46390797939216,0.627893597925135,0.9407873187611671,0.5508931875589812,0.6196429215771939,0.5858537949407373,9.078014938367032,764.3542991719255,-14.387730682015212,206.7102639825973,9.294374192128457,155.30615236055863,183.78076661974785
leiden,baseline,2024-05,4,4,100,0.11816093720918848,433.2264629905503,0.5512904242621162,0.9407873187611671,0.5508931875589812,0.6196429215771939,0.5858537949407373,9.07704802689166,707.0510624690945,-15.421265900150459,206.7102639825973,9.294374192128457,155.30615236055863,183.78076661974785
leiden,baseline,2024-06,4,4,100,0.1236697211731159,463.1754959037735,0.5997158669467415,0.9407873187611671,0.5508931875589812,0.6196429215771939,0.5858537949407373,9.553143618637101,752.7883861744338,-11.09232267974941,206.7102639825973,9.294374192128457,155.30615236055863,183.78076661974785
leiden,baseline,2024-07,4,4,100,0.12683846412373836,465.08790372039533,0.6030776009164202,0.9407873187611671,0.5508931875589812,0.6196429215771939,0.5858537949407373,9.624549968534286,793.3763910111352,-15.337359317160201,206.7102639825973,9.294374192128457,155.30615236055863,183.78076661974785
leiden,baseline,2024-08,4,4,100,0.1287924948486541,481.27380486068427,0.5755851065674742,0.9407873187611671,0.5508931875589812,0.6196429215771939,0.5858537949407373,9.962651803305812,752.9577206345919,-15.973829451766075,206.7102639825973,9.294374192128457,155.30615236055863,183.78076661974785
leiden,baseline,2024-09,4,4,100,0.1249256707204345,447.25419314881776,0.6175782042027461,0.9407873187611671,0.5508931875589812,0.6196429215771939,0.5858537949407373,10.04524029255622,722.9002086894803,-11.664660538782426,206.7102639825973,9.294374192128457,155.30615236055863,183.78076661974785
leiden,baseline,2024-10,4,4,100,0.13361197414246884,469.36364448663505,0.9921616310619792,0.9407873187611671,0.5508931875589812,0.6196429215771939,0.5858537949407373,10.41000873866781,743.3053983948229,-10.26343647630879,206.7102639825973,9.294374192128457,155.30615236055863,183.78076661974785
leiden,baseline,2024-11,4,4,100,0.1305248867667499,466.88393078038564,0.7233557395139592,0.9407873187611671,0.5508931875589812,0.6196429215771939,0.5858537949407373,9.872501734983159,729.5760175507357,-13.828384899505139,206.7102639825973,9.294374192128457,155.30615236055863,183.78076661974785
leiden,baseline,2024-12,4,4,100,0.1294179068268003,452.6339155632626,0.6588977795953547,0.9407873187611671,0.5508931875589812,0.6196429215771939,0.5858537949407373,9.698084689076307,770.7540483243462,-22.566539068751077,206.7102639825973,9.294374192128457,155.30615236055863,183.78076661974785
leiden,baseline,2023-01,7,7,106,0.036901169495858886,224.34472289704888,0.8456597484203381,0.8423499755088378,0.5389564342168125,0.5793368666593542,0.6760814205478071,6.647824467560781,677.5782342591366,-7.1076876263311926,259.5466754377697,12.70324264668749,192.19474599505116,238.56735188595513
leiden,baseline,2023-02,7,7,106,0.03575316739443575,226.2023426072101,0.6822129215594175,0.8423499755088378,0.5389564342168125,0.5793368666593542,0.6760814205478071,6.411560514184072,771.8182453375551,-7.268912791712382,259.5466754377697,12.70324264668749,192.19474599505116,238.56735188595513
leiden,baseline,2023-03,7,7,106,0.03567068818087849,235.44445437874208,0.7234479208836642,0.8423499755088378,0.5389564342168125,0.5793368666593542,0.6760814205478071,6.206506960896439,797.3768779553839,-9.508458548890555,259.5466754377697,12.70324264668749,192.19474599505116,238.56735188595513
leiden,baseline,2023-04,7,7,106,0.04140458317421787,268.88405459363895,0.6152126045150534,0.8423499755088378,0.5389564342168125,0.5793368666593542,0.6760814205478071,6.333448214920972,834.5449047586412,-7.967956934282826,259.5466754377697,12.70324264668749,192.19474599505116,238.56735188595513
leiden,baseline,2023-05,7,7,106,0.044943209272693234,271.9014830168309,0.7540175350938403,0.8423499755088378,0.5389564342168125,0.5793368666593542,0.6760814205478071,7.146097311718788,778.6228366945418,-7.417955109991407,259.5466754377697,12.70324264668749,192.19474599505116,238.56735188595513
leiden,baseline,2023-06,7,7,106,0.04354747835191866,283.5281691817644,0.6718421677330678,0.8423499755088378,0.5389564342168125,0.5793368666593542,0.6760814205478071,7.1252233745268665,774.660224287996,-11.02016950285685,259.5466754377697,12.70324264668749,192.19474599505116,238.56735188595513
leiden,baseline,2023-07,7,7,106,0.04158610846921176,282.7856050822789,0.737212320109864,0.8423499755088378,0.5389564342168125,0.5793368666593542,0.6760814205478071,6.596861734800397,779.4475523517191,-7.146728281892973,259.5466754377697,12.70324264668749,192.19474599505116,238.56735188595513
leiden,baseline,2023-08,7,7,106,0.0408886836244566,277.5946977086324,0.7465591919712952,0.8423499755088378,0.5389564342168125,0.5793368666593542,0.6760814205478071,6.927056510519293,849.8403223416449,-8.48713092525577,259.5466754377697,12.70324264668749,192.19474599505116,238.56735188595513
leiden,baseline,2023-09,7,7,106,0.042176500024152325,278.34465856677906,0.6022060639693008,0.8423499755088378,0.5389564342168125,0.5793368666593542,0.6760814205478071,7.036037292924239,786.0911131691223,-9.622969000220982,259.5466754377697,12.70324264668749,192.19474599505116,238.56735188595513
leiden,baseline,2023-10,7,7,106,0.042267760224752524,286.65404739552275,0.6190750445839737,0.8423499755088378,0.5389564342168125,0.5793368666593542,0.6760814205478071,7.349695200951726,808.2481545097326,-8.955950214350873,259.5466754377697,12.70324264668749,192.19474599505116,238.56735188595513
leiden,baseline,2023-11,7,7,106,0.036276143632367676,277.06487254835713,0.7101136298371548,0.8423499755088378,0.5389564342168125,0.5793368666593542,0.6760814205478071,5.907649632968687,869.6065073746233,-7.554536006674487,259.5466754377697,12.70324264668749,192.19474599505116,238.56735188595513
leiden,baseline,2023-12,7,7,106,0.035137631963433814,275.9354720496959,0.7968741137675499,0.8423499755088378,0.5389564342168125,0.5793368666593542,0.6760814205478071,5.668251169996096,790.7507963751933,-7.615062062265033,259.5466754377697,12.70324264668749,192.19474599505116,238.56735188595513
leiden,baseline,2024-01,7,7,106,0.029304677835679457,255.7734472921846,0.6709047393387836,0.8423499755088378,0.5389564342168125,0.5793368666593542,0.6760814205478071,5.374638007071196,785.4447730012877,-10.61500496055437,259.5466754377697,12.70324264668749,192.19474599505116,238.56735188595513
leiden,baseline,2024-02,7,7,106,0.02714317953097415,262.3388913598677,0.7145182117730589,0.8423499755088378,0.5389564342168125,0.5793368666593542,0.6760814205478071,5.189150002503333,802.7150955053368,-11.800186621001195,259.5466754377697,12.70324264668749,192.19474599505116,238.56735188595513
leiden,baseline,2024-03,7,7,106,0.029743736698344344,278.352304519138,0.7319237289777112,0.8423499755088378,0.5389564342168125,0.5793368666593542,0.6760814205478071,5.686269383248446,825.4888708315008,-9.37686561356191,259.5466754377697,12.70324264668749,192.19474599505116,238.56735188595513
leiden,baseline,2024-04,7,7,106,0.02713310259655475,296.21915053404337,0.8072786216479944,0.8423499755088378,0.5389564342168125,0.5793368666593542,0.6760814205478071,5.187705225593381,806.6428433680721,-20.146845192832707,259.5466754377697,12.70324264668749,192.19474599505116,238.56735188595513
leiden,baseline,2024-05,7,7,106,0.02757825478633561,293.32773222912857,0.5743952871434366,0.8423499755088378,0.5389564342168125,0.5793368666593542,0.6760814205478071,5.122635054969622,803.1682813274265,-11.524070260525315,259.5466754377697,12.70324264668749,192.19474599505116,238.56735188595513
leiden,baseline,2024-06,7,7,106,0.026644344203101716,311.00301376143767,0.6373390861906856,0.8423499755088378,0.5389564342168125,0.5793368666593542,0.6760814205478071,5.303921999004028,802.1934401207106,-12.552491723159733,259.5466754377697,12.70324264668749,192.19474599505116,238.56735188595513
leiden,baseline,2024-07,7,7,106,0.024402034193227316,307.9205951723417,0.7332092524886809,0.8423499755088378,0.5389564342168125,0.5793368666593542,0.6760814205478071,5.469050507286933,868.5569248801535,-12.944379580305386,259.5466754377697,12.70324264668749,192.19474599505116,238.56735188595513
leiden,baseline,2024-08,7,7,106,0.02306361135651887,310.7108494506638,0.5540816308989581,0.8423499755088378,0.5389564342168125,0.5793368666593542,0.6760814205478071,5.044779496841194,765.552157981055,-11.614550679167808,259.5466754377697,12.70324264668749,192.19474599505116,238.56735188595513
leiden,baseline,2024-09,7,7,106,0.022369998675622345,289.3114489478835,0.6689108223886834,0.8423499755088378,0.5389564342168125,0.5793368666593542,0.6760814205478071,4.866696472489471,704.6052334772947,-11.115038375423076,259.5466754377697,12.70324264668749,192.19474599505116,238.56735188595513
leiden,baseline,2024-10,7,7,106,0.02419361333514557,302.67971941450094,0.5891237048697094,0.8423499755088378,0.5389564342168125,0.5793368666593542,0.6760814205478071,5.048401451602975,785.2774355788929,-11.204254561756011,259.5466754377697,12.70324264668749,192.19474599505116,238.56735188595513
leiden,baseline,2024-11,7,7,106,0.019885514347836575,295.9192716191844,0.7334360576653571,0.8423499755088378,0.5389564342168125,0.5793368666593542,0.6760814205478071,4.404129236332345,764.3417270563853,-12.052205479122488,259.5466754377697,12.70324264668749,192.19474599505116,238.56735188595513
leiden,baseline,2024-12,7,7,106,0.019389930873035373,288.7204952038372,0.6680417929704723,0.8423499755088378,0.5389564342168125,0.5793368666593542,0.6760814205478071,4.756990925385161,814.680080344379,-13.658674828313583,259.5466754377697,12.70324264668749,192.19474599505116,238.56735188595513
leiden,baseline,2023-01,8,8,48,0.031038887408210515,193.56798441262103,0.7161013235362422,0.8173698464364538,0.5108845693015707,0.5765945482393423,0.6766390431981849,6.715355895012216,753.5326754297724,-7.066738544098317,292.5881395967937,14.316558665477084,219.38731198907487,234.3170723765307
leiden,baseline,2023-02,8,8,48,0.029873428030093747,194.36547228816136,0.6423679749998834,0.8173698464364538,0.5108845693015707,0.5765945482393423,0.6766390431981849,6.77812849980833,859.0936771660008,-8.073389817737064,292.5881395967937,14.316558665477084,219.38731198907487,234.3170723765307
leiden,baseline,2023-03,8,8,48,0.030769707684676365,202.8061335341163,0.6283174295438876,0.8173698464364538,0.5108845693015707,0.5765945482393423,0.6766390431981849,7.237262495491533,905.8667230482099,-8.85608230022515,292.5881395967937,14.316558665477084,219.38731198907487,234.3170723765307
leiden,baseline,2023-04,8,8,48,0.03520563534462576,230.22483921537741,0.6257337271086304,0.8173698464364538,0.5108845693015707,0.5765945482393423,0.6766390431981849,6.323681614925666,911.8381052360007,-7.495219661668418,292.5881395967937,14.316558665477084,219.38731198907487,234.3170723765307
leiden,baseline,2023-05,8,8,48,0.041373981071273144,235.56487405808465,0.6935155774060576,0.8173698464364538,0.5108845693015707,0.5765945482393423,0.6766390431981849,7.513028121909912,894.6873789542016,-7.006746175493732,292.5881395967937,14.316558665477084,219.38731198907487,234.3170723765307
leiden,baseline,2023-06,8,8,48,0.0409177515167397,246.34929555655734,0.6079416264217592,0.8173698464364538,0.5108845693015707,0.5765945482393423,0.6766390431981849,7.294068419983966,820.1276656407497,-9.529196026971158,292.5881395967937,14.316558665477084,219.38731198907487,234.3170723765307
leiden,baseline,2023-07,8,8,48,0.03933928079435042,245.71496971257062,0.6448706698987748,0.8173698464364538,0.5108845693015707,0.5765945482393423,0.6766390431981849,7.1789839281787335,788.0122559469986,-6.570838531443493,292.5881395967937,14.316558665477084,219.38731198907487,234.3170723765307
leiden,baseline,2023-08,8,8,48,0.03834992028182767,240.3331683075506,0.7166022054156321,0.8173698464364538,0.5108845693015707,0.5765945482393423,0.6766390431981849,8.373530271004816,860.0001546309816,-7.224193896891265,292.5881395967937,14.316558665477084,219.38731198907487,234.3170723765307
leiden,baseline,2023-09,8,8,48,0.03877564349751651,239.37360432711347,0.6022040414694544,0.8173698464364538,0.5108845693015707,0.5765945482393423,0.6766390431981849,7.331606749465784,776.7931472812426,-9.323080011821178,292.5881395967937,14.316558665477084,219.38731198907487,234.3170723765307
leiden,baseline,2023-10,8,8,48,0.03831676890465137,245.8797578219816,0.5746346603443663,0.8173698464364538,0.5108845693015707,0.5765945482393423,0.6766390431981849,7.58511914869325,783.6704493693454,-8.844939719316987,292.5881395967937,14.316558665477084,219.38731198907487,234.3170723765307
leiden,baseline,2023-11,8,8,48,0.03144556786952557,236.49210585628978,0.6083876918169382,0.8173698464364538,0.5108845693015707,0.5765945482393423,0.6766390431981849,6.151541631161252,808.1724859309094,-6.812310197143454,292.5881395967937,14.316558665477084,219.38731198907487,234.3170723765307
leiden,baseline,2023-12,8,8,48,0.03163303429711782,236.60390584572025,0.6783721042837781,0.8173698464364538,0.5108845693015707,0.5765945482393423,0.6766390431981849,6.098597723411764,752.6281829502326,-9.077152193396122,292.5881395967937,14.316558665477084,219.38731198907487,234.3170723765307
leiden,baseline,2024-01,8,8,48,0.02686662037586035,221.4432468056012,0.6621198209230865,0.8173698464364538,0.5108845693015707,0.5765945482393423,0.6766390431981849,5.556395137319099,781.4246899483549,-7.443367155863381,292.5881395967937,14.316558665477084,219.38731198907487,234.3170723765307
leiden,baseline,2024-02,8,8,48,0.02441471513873147,225.81189507547097,0.6921743233226224,0.8173698464364538,0.5108845693015707,0.5765945482393423,0.6766390431981849,5.56436029347132,814.8556192714456,-13.43151593621007,292.5881395967937,14.316558665477084,219.38731198907487,234.3170723765307
leiden,baseline,2024-03,8,8,48,0.026184353855126713,238.39002754989568,0.6277663804454616,0.8173698464364538,0.5108845693015707,0.5765945482393423,0.6766390431981849,5.753901749392172,840.8618969699248,-7.9873045477157465,292.5881395967937,14.316558665477084,219.38731198907487,234.3170723765307
leiden,baseline,2024-04,8,8,48,0.02392354960335365,252.93239605000298,0.7132299863794306,0.8173698464364538,0.5108845693015707,0.5765945482393423,0.6766390431981849,5.1836288669415,843.2660064467137,-16.69592257845583,292.5881395967937,14.316558665477084,219.38731198907487,234.3170723765307
leiden,baseline,2024-05,8,8,48,0.025144560365759107,252.1483056121803,0.5841035747693063,0.8173698464364538,0.5108845693015707,0.5765945482393423,0.6766390431981849,5.504531255511984,813.2909011718843,-11.900513116043143,292.5881395967937,14.316558665477084,219.38731198907487,234.3170723765307
leiden,baseline,2024-06,8,8,48,0.02472528632554497,266.91077869548,0.6279005276646797,0.8173698464364538,0.5108845693015707,0.5765945482393423,0.6766390431981849,5.691548028351209,823.0637743911508,-13.326751108049132,292.5881395967937,14.316558665477084,219.38731198907487,234.3170723765307
leiden,baseline,2024-07,8,8,48,0.02245451842588611,264.46837257155596,0.7038565835796771,0.8173698464364538,0.5108845693015707,0.5765945482393423,0.6766390431981849,6.392858348700164,848.2629775795559,-7.239517355809627,292.5881395967937,14.316558665477084,219.38731198907487,234.3170723765307
leiden,baseline,2024-08,8,8,48,0.020474067840290062,265.720414894427,0.5591179793347403,0.8173698464364538,0.5108845693015707,0.5765945482393423,0.6766390431981849,5.360537281712948,739.6533116982158,-8.789611550789262,292.5881395967937,14.316558665477084,219.38731198907487,234.3170723765307
leiden,baseline,2024-09,8,8,48,0.0192668346232251,248.03636879775928,0.5921664469964247,0.8173698464364538,0.5108845693015707,0.5765945482393423,0.6766390431981849,5.295409577353964,691.2914130494731,-11.05873305724255,292.5881395967937,14.316558665477084,219.38731198907487,234.3170723765307
leiden,baseline,2024-10,8,8,48,0.021470215677693822,259.2977978854431,0.6198524226670697,0.8173698464364538,0.5108845693015707,0.5765945482393423,0.6766390431981849,5.7388243589247505,756.8880935713004,-9.21641352869497,292.5881395967937,14.316558665477084,219.38731198907487,234.3170723765307
leiden,baseline,2024-11,8,8,48,0.017244822577374423,254.07597329752258,0.6927278191333586,0.8173698464364538,0.5108845693015707,0.5765945482393423,0.6766390431981849,4.879310331242376,722.2901042823778,-10.010388122413937,292.5881395967937,14.316558665477084,219.38731198907487,234.3170723765307
leiden,baseline,2024-12,8,8,48,0.01683348145156948,247.26540104253357,0.6979616787805267,0.8173698464364538,0.5108845693015707,0.5765945482393423,0.6766390431981849,4.8609933674612655,751.6666882534983,-10.912446148722546,292.5881395967937,14.316558665477084,219.38731198907487,234.3170723765307
ward,baseline,2023-01,7,7,71,0.14201859352784715,428.68813366082463,0.5309051808149542,0.49072709442834644,0.44575725968275404,0.40264946977896043,0.33608637338854513,16.638602787654257,1765.1891789010194,-12.459890092736448,153.53667676166765,-13.705436097488843,134.9790836461614,147.35000928660625
ward,baseline,2023-02,7,7,139,0.13488024254729963,450.89928330051987,0.8736691608385778,0.46661315682364013,0.5048120567648395,0.3776556362538138,0.3384996548028609,32.55909701704569,1768.3319481960464,-6.195947308679393,148.45601165502376,-0.8805476978452503,128.3072546674286,136.49182020862156
ward,baseline,2023-03,7,7,112,0.15667102299717925,469.82163596252883,0.5930182553686363,0.46657028597356287,0.47402972034313,0.3820688196612495,0.3582466509793482,15.143632178975057,1689.6414063041664,-8.308760882151024,190.7415499467101,-7.057354803911276,166.6915591049284,196.0392755333357
ward,baseline,2023-04,7,7,155,0.12253444042763273,504.21023979040666,0.45576808772262567,0.46899710252334353,0.47873017259436484,0.38300389463768786,0.34429821514865283,24.249005994175995,1920.298794901574,-10.582229116499212,153.4099282885516,-15.900784587521823,135.34037635969116,150.85934831375678
ward,baseline,2023-05,7,7,153,0.14320664762348864,511.172193877302,0.5022476135584453,0.4978259972725429,0.5106340784545368,0.39692493287419245,0.40384683525604864,23.088505992002524,2406.0116926941564,-8.975751081997354,176.57025710493357,-0.6577285012378868,151.18051643881455,196.51347463589198
ward,baseline,2023-06,7,7,159,0.14286196294489298,546.7317746757091,0.4858648520076456,0.4700479683453934,0.5003250561712527,0.38055117082478007,0.34054089167953827,28.96076488262941,1832.0379419788806,-14.201848211851757,154.83344538509618,-5.5922662686303015,135.42782737170745,141.20213022490412
ward,baseline,2023-07,7,7,120,0.18356336602901938,559.1437090564747,0.5785493578705635,0.4839506046480288,0.4789465967382345,0.3928851360027324,0.3859818467921221,24.666968268283796,1859.6403869747212,-11.707829746825718,167.0120726824858,-11.14357427191184,144.16604200228915,193.13256147592662
ward,baseline,2023-08,7,7,132,0.14988166452303275,539.5940853002044,0.4527398101562865,0.5100726244300983,0.46568790300201174,0.41216835753239406,0.33975994477498195,18.423401015030223,2562.502495606458,-9.983142447970595,175.90751419519628,-13.121126936340925,152.71393599758207,147.8848824795278
ward,baseline,2023-09,7,7,180,0.1503417761973146,524.3011004985906,0.5852170117353285,0.48792395998259125,0.525594687506728,0.3883352829697538,0.37925535915009795,53.793094002585896,1898.7385359645389,-11.042577826930914,149.4829915933613,1.6301401716378243,127.89561408448114,177.77279908223738
ward,baseline,2023-10,7,7,147,0.15987072079324738,550.1879305807397,0.47704813595608647,0.5129171813412059,0.5012781711661756,0.40801160849142426,0.3599667405936773,34.79860589711815,3620.4088935786285,-10.919471536313266,229.23447880773165,-7.206297563018017,196.91117853614168,236.5429151371527
ward,baseline,2023-11,7,7,158,0.1353171984492831,526.8058403918305,0.4605812641163968,0.4950537546698902,0.5043288275634158,0.39614762484250604,0.3464002012305795,28.803431847612796,2399.471391211519,-12.82068250260836,171.89513238547147,-7.883105369493424,148.0390937581851,172.94038433884478
ward,baseline,2023-12,7,7,140,0.1451300334657301,528.5119118717229,0.5609842215857366,0.47155558615910775,0.4883315759235703,0.3832926794504851,0.34495079956430824,31.040440131827427,1626.1164698858,-13.582885376308969,169.84001779144802,-18.992971106917874,149.54727573849425,172.26089300236376
ward,baseline,2024-01,7,7,158,0.14232386029325414,490.2453454637886,0.7471200960759816,0.4225020508139165,0.5304951645922238,0.3451432636115402,0.3129726420893263,30.958310657361945,1704.1808731416354,-10.50250312199697,138.5454748636464,1.6455118662076667,121.05770732864286,158.59612352321722
ward,baseline,2024-02,7,7,90,0.1432597530154967,538.6311392638464,0.5650075876825519,0.4657657791516497,0.5054102375278046,0.3770153198317988,0.3300027093214546,15.179866385915975,2213.87826660395,-14.366355787315928,161.17059400452155,1.7317018630833896,138.94966933658574,153.53323845753485
ward,baseline,2024-03,7,7,169,0.1523307226071003,546.836579342577,0.4710144094380128,0.4645541214174097,0.5224492731304531,0.3738246497762879,0.367188884987267,24.632290666664968,1927.0188760783876,-11.518576673850252,173.46611212053762,-0.5535391358505825,149.74009837318397,217.7144461044691
ward,baseline,2024-04,7,7,209,0.13836099259480972,576.1632774850932,0.5805480269999321,0.4824560641271793,0.5062938356934316,0.38774396601856503,0.3552426945337162,39.87326536793109,2611.4481725569185,-14.28460231639981,143.76346902921802,-21.639498812309355,124.95899894226486,167.58872922015726
ward,baseline,2024-05,7,7,90,0.16535830843553792,576.7434330610891,0.5015265118618693,0.47965907443389033,0.48088149163744703,0.38975785145257424,0.34259730280023104,16.338125168691427,1611.1303057165328,-13.226195562953706,143.12691870827243,-0.10273960474861694,123.71481453371466,163.01666734325931
ward,baseline,2024-06,7,7,138,0.16487239983590346,621.5034954721524,0.5540279861955872,0.4653735914828739,0.5122591867102608,0.3757886275146906,0.3560432654180721,23.87284806051356,2350.724482028846,-12.832616450390038,179.1531585717599,-8.934813835459613,154.54533312103925,212.7268424215288
ward,baseline,2024-07,7,7,84,0.165579786608229,599.3602398689188,0.5670470529978983,0.49394870207839514,0.49272758172728526,0.39726217903963246,0.36566797277275936,19.165271107356283,2264.2834663410276,-9.41282264140354,119.85568975674751,6.280756167276885,103.09746113509273,109.11158765184685
ward,baseline,2024-08,7,7,168,0.1365291421578232,594.8839473812163,0.407695408323923,0.44811170979152043,0.5403188750502733,0.3607626879562552,0.3317966940292372,29.802624139566117,3030.2113436624722,-14.762080895739446,107.05767689035605,11.955506320573802,92.24086099088424,104.3453491640569
ward,baseline,2024-09,7,7,145,0.14495094876204104,564.5799957722378,0.585692547005477,0.47816374526006816,0.5161077543569741,0.38351770541186087,0.36447354942296056,31.11421750702469,1906.5793173515412,-7.887194420893451,162.69444201408672,3.4071940885083225,138.73223484571724,190.86154125923844
ward,baseline,2024-10,7,7,171,0.1498586627793689,587.6836833791425,0.45283813724031374,0.48988788204509487,0.5322748950165976,0.38856706805908975,0.3693827367122025,40.967652384121216,3256.420565109731,-13.344779180649914,169.7110648835887,3.4132631090267576,144.8593144876968,169.38862644312835
ward,baseline,2024-11,7,7,156,0.1454064985003246,575.7503381319433,0.5116979861475961,0.4478062955856608,0.5157172101235405,0.363791721277754,0.3455303361824428,17.490919208217466,1634.5483933540856,-14.243305796653898,101.17501096782514,-2.208955137683206,88.21634681916424,121.36395109556807
ward,baseline,2024-12,7,7,140,0.1653023910157516,579.2009075510507,0.5357945654824019,0.436567971685172,0.516814790399634,0.3562003454123546,0.33368938164367895,21.726065151155208,2036.2830041397995,-13.180402199371455,125.84908522538231,2.0665006768078005,109.09719439589715,147.92726128559633
ward,baseline,2023-01,8,8,41,0.14460143645776663,401.3038626280597,0.5088507698379443,0.447590912498402,0.40596080035644866,0.37876724985427396,0.33457548793826053,17.00188456050856,1927.539399252105,-9.78253217760543,151.89277609886696,-10.573598309236276,135.611648197891,153.09838600611883
ward,baseline,2023-02,8,8,44,0.13711228880118856,420.15110079562635,0.6198108500984894,0.42954890698261633,0.46118249797143573,0.3585249561607885,0.33813591995460796,12.696316385370247,1928.0981946358213,-10.47759399904948,145.18312136276603,-2.103964458740806,128.0989885287948,144.95924879816505
ward,baseline,2023-03,8,8,61,0.15368245838819114,432.8590923963824,0.5269063706449321,0.4397726515892965,0.45124983492346926,0.3669520038302402,0.3565253801138355,16.87913690571511,1854.9315866660684,-9.058492528917709,168.1801049677213,-3.2852597553059137,147.13514089169422,175.58125357612818
ward,baseline,2023-04,8,8,155,0.12924908401712498,471.1965242950587,0.48358648554061934,0.4267462951373082,0.48234502111355926,0.35389990916787123,0.3386152997497486,27.28991514217704,2393.2401918076866,-9.76891656923458,168.1624917617653,-19.68893137209738,149.2369037614682,174.4526833232994
ward,baseline,2023-05,8,8,88,0.1517548467685193,471.76991806982755,0.5273723714673229,0.4685830244687641,0.48808797256681513,0.38136185449455556,0.39752669835098403,20.176214286013813,1562.0910134015917,-7.690254726870276,184.7597156032847,4.654168964005291,158.6024429097991,199.0373808692848
ward,baseline,2023-06,8,8,159,0.13606720894800284,507.49190764049115,0.410150733553262,0.4412377720841232,0.5208313912827459,0.3587851772964583,0.34791381288980205,35.427927632408554,2082.614268464541,-14.376847598150711,174.07455467178724,3.2046110933342695,150.66914276398356,170.68501200728892
ward,baseline,2023-07,8,8,120,0.16577593475833072,526.1448902644994,0.49520324968099416,0.4541936035514078,0.48857133084546744,0.37170912775448584,0.3626915078573335,25.800799296859932,1954.212940010557,-13.796205939772747,177.2753443319411,-3.7344894025911297,153.41237874790366,200.24418736101643
ward,baseline,2023-08,8,8,132,0.14618711944805327,507.4006110619193,0.4232609201614683,0.4669123337108438,0.45678433307840727,0.38483533184523216,0.3377592078408826,20.487488700690832,2985.3685525374617,-8.308065610322679,156.42822241450222,-17.225259629725574,137.91258958018577,150.6056682011081
ward,baseline,2023-09,8,8,132,0.14282030127814183,484.83616967021766,0.4739002892611791,0.513654192382384,0.5105786612150524,0.4069318828156481,0.3851187986564105,47.03446069551285,2153.2278340782464,-9.857261657510543,177.67069663668954,2.3706028252674205,149.53356673223004,194.48640624980078
ward,baseline,2023-10,8,8,140,0.1489134440180597,510.3030096891176,0.4364828316699602,0.4733411937639359,0.5004568546305548,0.38268754791763965,0.3540861664083712,32.68127327219603,3583.614145212119,-16.614729469053387,225.26024869755335,-2.7169533328975795,195.1110267652768,228.77392345158623
ward,baseline,2023-11,8,8,80,0.13918295444424347,488.59004085607404,0.45567112636761986,0.45052982311055717,0.488595506247703,0.3692483484134616,0.3429970111242351,17.4440363320862,2122.538176162134,-12.6140528488506,152.44450937930662,-3.224973559812598,132.72167075980795,165.47221841029364
ward,baseline,2023-12,8,8,140,0.1317511992834453,497.22571030305636,0.4410707892999817,0.43794361071413035,0.4980699995597971,0.3595222533218549,0.3245868623441971,21.763119678018832,1692.4896105820387,-14.373177011464833,186.51617220202684,-5.206935108700143,163.69415541874415,167.58416152404573
ward,baseline,2024-01,8,8,158,0.131628818998792,459.59205656835485,0.5044181214675245,0.45666353953626215,0.5000298743618589,0.3717712745645408,0.3419660911241179,25.12613198595526,2141.2580246714597,-15.35879621227576,212.42736256069827,-9.383494332130299,184.96935682443802,185.03774241913075
ward,baseline,2024-02,8,8,90,0.1450362122273115,504.08455012862106,0.5833189564398682,0.4340900047738459,0.501199530385691,0.35652285740554296,0.33037463152950164,16.124794292954846,2418.5246410931113,-10.527800539414512,145.64407613533493,-7.125243876084156,126.83765395332752,148.94041509831158
ward,baseline,2024-03,8,8,119,0.15279846746560252,507.26679950498027,0.495295636113647,0.4367036754083634,0.5234379726206327,0.3554518919493166,0.3605111361488349,32.214833917746326,2013.3352659832701,-12.511632081529545,196.30618954585066,9.385494982570021,169.0725537831323,219.38553040747598
ward,baseline,2024-04,8,8,87,0.13736130503788574,533.7368563110583,0.5921524094865882,0.4485804830145489,0.49236732631855695,0.36742799450689545,0.3474570186116127,15.137289483047054,2308.096945978264,-16.248235000640193,128.97970794077844,-6.4926004977694625,112.35755015392661,152.8866657975823
ward,baseline,2024-05,8,8,90,0.15610086366009104,529.4503576858361,0.4371622768180514,0.4279383335864215,0.45692469990197143,0.3579469615971701,0.3324507241857848,17.327907990716064,1704.803079326146,-15.009116055669365,126.1782330483336,-4.568618798890819,111.23712398472581,150.8035777163372
ward,baseline,2024-06,8,8,138,0.14648712810004133,566.0314614077131,0.4020507671215601,0.4340984666971685,0.5186414957454193,0.35432517343344516,0.33402567466806465,22.90860054839823,2393.0335411209144,-11.403485977970746,181.10999881280873,3.386677720719827,157.0587871788053,203.9052443986558
ward,baseline,2024-07,8,8,84,0.15081524321275494,559.2787624186943,0.4403999474664972,0.44964459383684907,0.49395790041754617,0.36792616841892656,0.341741371245865,18.808733105159234,2196.5177147932495,-11.654977451944092,123.04130077181198,1.0878776618004213,107.06595212118516,126.1748239581979
ward,baseline,2024-08,8,8,141,0.12232146661770323,549.8803835651892,0.38864965088678316,0.4622207821805994,0.5322384401909803,0.37096023576864273,0.3326494600489355,23.679302675198755,2610.085966903579,-12.795240622366139,131.11653417089644,11.925332977814909,111.87551098215292,106.86354712306462
ward,baseline,2024-09,8,8,145,0.15155404921142662,526.87761557322,0.46631099928655073,0.428447014536217,0.5159675664205585,0.35087984467961947,0.34348366737301994,34.396817992372384,1917.1059675349675,-9.164825982653127,134.44491680076374,-3.2964496004856825,117.07465721281912,164.6622801843492
ward,baseline,2024-10,8,8,79,0.1506082316656825,541.5949794125708,0.4284426587521041,0.44768917562962013,0.5046013167692244,0.36519089233585905,0.36655670252739725,21.13157029186609,3749.664393731323,-12.2235818584887,175.81199507118416,4.569975552802685,151.77595366714323,170.46036474829427
ward,baseline,2024-11,8,8,156,0.14928156755194202,533.9006450743505,0.46822887527123513,0.40380537100537955,0.5153528637242678,0.3342476761023016,0.3347426116492869,19.332024400064697,1677.896171169615,-15.528890110722577,103.15343388698217,-2.5130372115243405,90.74310463692913,125.02124936283568
ward,baseline,2024-12,8,8,140,0.1295545587569616,536.3395718609872,0.4857541589764961,0.4052715932949458,0.528522049763197,0.33377801937952023,0.313100052005013,19.269618591040203,1964.5299171486408,-16.60960910805956,142.29578026546272,7.71505925808168,123.57419519753529,162.01479643384695
gmm,baseline,2023-01,4,4,251,0.1783636936589941,561.0723554303673,1.2929867704436013,0.6068274107025062,0.5503453620159292,0.4549051657677475,0.3309380809843063,43.4375027787859,2237.357746221926,-18.635512192229402,135.74212519069593,-15.391094098384476,117.4034026382377,128.43776135316924
gmm,baseline,2023-02,4,4,204,0.20390225282772667,629.227997746447,0.9470664866257028,0.6298163677749025,0.5348996428610097,0.4711061125364631,0.34067458679511925,40.415598858306716,2456.2492812410783,-18.831221802132998,144.17896092742524,-13.989599740558594,122.06423886751045,155.53552462810066
gmm,baseline,2023-03,4,4,159,0.21513873353174415,672.6510311356972,0.9997110271837635,0.6454646873265486,0.5316590546540145,0.48055425529152973,0.35372585815749413,32.1675963438017,2236.6618097992805,-20.344689907912972,148.04486778061798,-12.907802434370529,126.3942387966527,152.0064566971556
gmm,baseline,2023-04,4,4,157,0.24037166073610416,751.9365556033903,0.7365649409947288,0.6820619699265966,0.5309021704060863,0.5007399411063803,0.3928473750820344,33.717313801552926,2242.9911791492796,-18.361119112493785,152.56482160973923,-11.132969878129451,128.33767897561614,160.750175959799
gmm,baseline,2023-05,4,4,161,0.23697797157901884,744.4663031651178,0.9847685930378278,0.682676682597408,0.5331880199404411,0.5004979257668322,0.3954056493090222,35.88928314056843,2112.719811386264,-20.046316525360805,150.5939157747703,-11.464954442148219,126.17074811873422,155.13835677226322
gmm,baseline,2023-06,4,4,254,0.1604074451092462,706.574029342688,0.7707380194493776,0.6181590435625881,0.5687144504765074,0.45736843487007234,0.3432294229775682,35.78023638672243,2044.5766141892732,-27.197023418722075,134.46361856163654,-11.08513484484841,115.4772452109383,121.49914108005406
gmm,baseline,2023-07,4,4,245,0.16778308078340815,731.6692840595587,0.8663277242249092,0.6427549867337288,0.5641058780678387,0.4717184359267637,0.3629969427913976,32.82738286936932,2392.5780229152515,-22.40912758989171,172.49793894857143,-12.410640421074744,148.06698789362522,159.38913696974225
gmm,baseline,2023-08,4,4,260,0.17504381399831712,735.2874769860945,0.7106425338300042,0.632511870385612,0.5752314548944416,0.463772535542326,0.361455001247086,41.82981219486847,2694.6576965616314,-23.46319858844996,190.63386760073934,-5.348288813386861,162.25042263996974,167.14760565518836
gmm,baseline,2023-09,4,4,282,0.18218056398337415,719.5831577916712,0.7652854167298222,0.6623947357568465,0.5823440340260558,0.47800738967740386,0.4024408565134106,47.06215253030191,1998.8465809818215,-26.397701529763065,165.10268105152971,-3.093020168689724,138.34893800717492,153.09372604014538
gmm,baseline,2023-10,4,4,170,0.2558977492432488,784.6743819209654,0.7980897859639199,0.7030425170635283,0.5563812212340394,0.5053643662891198,0.43166040017869584,44.672747399730596,2623.2087089224647,-31.64017257230146,157.0511746167877,-0.07080629040160508,128.39247650154957,172.19618019824372
gmm,baseline,2023-11,4,4,284,0.17468677725165352,725.3076721543816,1.013589165661592,0.6589354625106374,0.5827942515601395,0.4761012510430202,0.400581196419458,48.110301359853196,3043.995072896755,-23.040673848539303,169.12724325364007,-2.3040826291958116,141.34156042873698,157.33078388491947
gmm,baseline,2023-12,4,4,172,0.2568390723143855,818.104171866267,0.7557178751396775,0.7028789218987651,0.5542274549698251,0.5058303018376343,0.43138468513212114,39.817645684666545,3610.2127279145334,-18.1913241505601,178.36946768936554,-1.559402326741776,145.50427535699802,195.89499489293712
gmm,baseline,2024-01,4,4,179,0.24462538926596847,736.8651019526651,0.8922362039812134,0.6999741220581474,0.5575436809902644,0.503482101436385,0.434218052091469,42.383592219405045,2733.6014061839683,-20.799363704967163,135.91793026843425,-0.5859512526836821,111.19143140828221,151.61122654246185
gmm,baseline,2024-02,4,4,181,0.2504780688828489,785.6585921136221,0.920190708140646,0.6887590615984056,0.5546642677146402,0.49836764860235966,0.4201318812030025,42.52666604253727,2773.6179356044695,-18.70690837558482,151.9594141971417,-2.596310335536487,124.5552761814866,162.9716844505539
gmm,baseline,2024-03,4,4,176,0.251853465023624,813.3610925078674,1.0216283116765505,0.692059204124285,0.5523399317575088,0.5006751571927901,0.4218219798021113,38.44226186373732,3352.772605890999,-13.474808273248545,135.69326497865458,-3.480851185593166,111.4181604670383,151.19542719471895
gmm,baseline,2024-04,4,4,170,0.26908493299069675,877.8264477670788,0.7505172296087269,0.7073825281697244,0.5563730787336273,0.5076051015266569,0.4360550504638352,32.577170628957404,2341.148713361449,-19.855266402905098,134.0234536886297,0.23370172167302938,109.1941931054834,152.60317255888538
gmm,baseline,2024-05,4,4,165,0.26071526841844134,852.449703419105,0.892142900977712,0.6980383419835088,0.5471298842117888,0.505122970559456,0.4224564047153148,39.58764425296798,2455.502999353258,-15.182212904119206,156.9290856621083,-4.907288435340533,128.85357760261715,212.64025922266543
gmm,baseline,2024-06,4,4,251,0.18448956447315767,852.3885669568415,0.9070093583382632,0.6368206285598939,0.5822152189176459,0.46457259748705926,0.3605017325746059,35.418560430176875,2829.4116804175724,-15.419603324469003,185.2056029815442,0.6045894553564578,156.28484548496527,165.97900931847187
gmm,baseline,2024-07,4,4,249,0.1792145782620134,846.9468191251145,0.8533572712236497,0.6412025798098255,0.5856530021367817,0.46615210748642,0.3642260237578785,34.391457638867486,3181.0497762218065,-26.420637091242337,188.73173592124508,2.7569049105851735,160.20660039992302,168.83265736513493
gmm,baseline,2024-08,4,4,173,0.2724773941816822,940.9102031848196,0.8485690958723211,0.6975559548082158,0.5647971985468418,0.5004068431483861,0.43257606599589427,36.69063024002411,2707.5357164208126,-32.92194932567855,145.75803699681848,3.061136694933712,118.57007766199193,159.37372235869472
gmm,baseline,2024-09,4,4,169,0.26053440745818723,872.386122530294,1.0401464843374235,0.6878691119287299,0.5613982288884736,0.496237731099138,0.4221853596518431,35.439254031901605,2613.5768896184136,-19.31326906553173,136.41443033168022,1.5873550545112698,111.89987593413667,153.9551983876181
gmm,baseline,2024-10,4,4,184,0.2599390356050003,896.7249453441975,0.824014339306235,0.6937055715851559,0.5651667938103511,0.4983304553220538,0.4284554380671794,37.8858968658534,2655.0449250607026,-18.079707497579502,123.26804140116683,2.5673504777150455,100.27774113820479,141.61851555604412
gmm,baseline,2024-11,4,4,207,0.2597400890163626,874.8909485220729,0.7878786371060003,0.6992163537414975,0.5651784110065061,0.5011649805380721,0.43086101497570484,46.50727466648442,2903.000055730681,-19.957195167719558,146.52753109434482,1.3141026906336393,119.97779432066254,150.8230644583309
gmm,baseline,2024-12,4,4,183,0.2654875549811983,908.4284220544771,0.8472798090163449,0.6873861986199945,0.5532104423120549,0.498008784936202,0.4171347321731507,43.06486424218537,3650.3023325098916,-33.53153303697657,128.03321084113975,-3.4907322534485363,105.97423610365371,134.1330319003137
gmm,baseline,2023-01,7,7,167,0.15125822956163743,436.2163785668232,0.7062132496091506,0.48086645882425333,0.47001548898420614,0.3922191676705811,0.3396577983357382,32.64696445983314,1723.4441185031624,-11.994603110515746,166.39917024202487,-23.72551117340355,147.03752721819347,153.54131233863873
gmm,baseline,2023-02,7,7,153,0.16359625683689452,464.21476346070864,0.6527712850982121,0.47212406073598157,0.45654641578059246,0.38840475637611427,0.33252874152514417,25.959483672461857,1723.059676111217,-11.356269373312033,124.7837034145676,-25.543015314730336,110.83413370681224,127.22089397807163
gmm,baseline,2023-03,7,7,150,0.16675878728506688,494.08243804043053,0.6837028184622161,0.4799468894519626,0.46551087514690964,0.3922992060474174,0.33833309141092527,26.185603364525978,2247.224130883535,-9.34354861486333,148.36506533531616,-18.501914930786516,130.504665690149,156.57637896072086
gmm,baseline,2023-04,7,7,98,0.13284757223773677,499.46171637279343,0.6728128397442805,0.4636880052235509,0.47578657012767195,0.37988016341992054,0.33015448874259007,14.608835279325062,1906.5282791309578,-7.77440381217279,183.27550675429393,-8.30226231502864,161.5345156205371,191.38369335330606
gmm,baseline,2023-05,7,7,96,0.16546440998116038,525.8872617834063,0.6205197167881966,0.5011433070037653,0.4660214569895051,0.4062631704144018,0.3701162024473433,19.04472103430111,1992.4314416873472,-10.229575434305422,232.11534337449976,-15.12237553019986,200.2122958215729,235.20090356998017
gmm,baseline,2023-06,7,7,208,0.1384187123975187,518.9637443828801,1.0332412836128515,0.5021127369886459,0.5060263983786581,0.4003826041060674,0.3622707283120088,26.322780653055155,2195.613601592381,-7.355054532699338,228.4001826881411,-17.824182989416435,196.89979207944654,248.42455609737442
gmm,baseline,2023-07,7,7,84,0.14540060325435414,543.6169665580932,0.5984790805041164,0.5394191177386526,0.5746866978760353,0.41177126452992874,0.35692712590746234,18.90837082164181,2999.139572364544,-15.233938573407137,178.4121112965443,25.725832644558217,144.34066025985615,167.13452746874898
gmm,baseline,2023-08,7,7,102,0.1627865779830575,539.8245222992165,0.727901597986718,0.4986296090729941,0.49113267040196185,0.4005400402583993,0.37626754972142495,21.004669903164057,2071.7248915936316,-8.330563251647321,189.13971083665373,-5.134885205932738,162.2397049306018,224.64660215853223
gmm,baseline,2023-09,7,7,100,0.13756886477462787,523.9267355422688,0.4811898754599421,0.5189085758374345,0.5386990038593412,0.4055444827407725,0.34074840040163495,20.06462885953911,2431.6994643983835,-12.829702561082662,182.0313833570582,14.979797323483663,150.71470390143006,161.1312085986684
gmm,baseline,2023-10,7,7,167,0.15093570978634954,531.2141611418756,0.5721947965138603,0.5005786497881554,0.5231630623333651,0.39669141292030624,0.34796202110772473,28.549761155080155,2052.778882613247,-8.789209188018326,183.8781455234988,4.152757684782478,155.5010719078964,193.40844711425754
gmm,baseline,2023-11,7,7,108,0.13973149772749785,534.7366334711384,0.629744402520848,0.5101014826778825,0.5459526253328018,0.3989870757502617,0.3401256100015959,18.168265822335723,2091.3958728662874,-8.429669518712844,196.93558674655634,14.736462311060105,164.12649174691967,184.98272286479244
gmm,baseline,2023-12,7,7,174,0.15019717310606276,539.2540890975962,0.560932858876068,0.5040428051987392,0.5101906173904752,0.4009383397257815,0.35355799840474267,29.10343777522604,1836.3933259444277,-13.125795407254726,197.78711250725559,-6.00214266482123,170.13104926180836,194.5493330418925
gmm,baseline,2024-01,7,7,82,0.13190651237269674,467.31513499654375,0.8220393917887621,0.4983588503013107,0.5366050317532879,0.39320676358744033,0.3310063119913903,17.888966009861733,1628.338762165852,-9.555560650171836,215.17556263605888,28.67171795161429,177.08206322449337,243.96714559926704
gmm,baseline,2024-02,7,7,78,0.16635643278199314,541.9687034763272,0.7077355081454741,0.485467915674966,0.45878655792722933,0.3970373203192034,0.3581832239468986,20.608114690535462,2997.1961346444577,-15.279563734348127,152.60687676911294,-13.068260657691399,134.21426108460602,163.06399505569055
gmm,baseline,2024-03,7,7,87,0.13862686999941315,551.3889795433397,0.502680899186079,0.5255636308426647,0.5679699741455407,0.4047453719026426,0.34363147306216235,17.79117631785418,2941.1906516123204,-12.87671966433111,150.96150258074366,28.091575683054472,122.0544199752842,108.16502478600827
gmm,baseline,2024-04,7,7,103,0.14404168362597564,592.4368453898899,0.5108269341974856,0.5014245870183661,0.5355196024149577,0.39528231446278705,0.3280367061699832,21.348936197973806,2299.4034659319914,-17.686760281982068,164.9611799516643,15.874227982518665,137.18824965434658,147.87159479948792
gmm,baseline,2024-05,7,7,145,0.12583212928203108,549.3886996167278,0.8162875556603453,0.4638844836235264,0.501947667290762,0.3762713133217157,0.321826729174692,15.299877492031905,2080.3756093128814,-8.5415011873782,165.53812961910705,-5.351996410765386,143.76802905428806,166.1847911173536
gmm,baseline,2024-06,7,7,95,0.1485285226639021,627.9177104327888,0.4353111117374943,0.5236612146744052,0.5521201901229736,0.4062147965212875,0.3348249955864841,21.621346186702393,2464.4576214842004,-15.355565556029669,155.11060287662934,22.472510590240745,126.71942091142685,137.99655962444214
gmm,baseline,2024-07,7,7,203,0.1498031992040891,582.2376536559659,0.7827072224542685,0.4931122957723553,0.5241687450054241,0.39183350225614116,0.36312846977275826,26.843014816798227,2504.3582155451422,-13.644105676657277,158.42724085882074,0.6603626215504745,135.30151268456825,167.14764198510562
gmm,baseline,2024-08,7,7,86,0.14768980191814415,629.1589982163797,0.43236012206056806,0.517329768622103,0.545068973087415,0.40353952861499304,0.3372537215997046,20.901678572719284,2774.0215761208856,-14.387488327281408,142.16000149392113,19.12698353671464,117.60037209768016,151.46854621443916
gmm,baseline,2024-09,7,7,91,0.1000949303391048,540.9918205224525,0.5158292943254743,0.49318914177534307,0.5610865474664056,0.38629335267408105,0.3125380518259265,15.372198031763224,2424.1447162497784,-9.082208136414044,172.83774547182736,23.65256362220202,143.28378014614862,184.22135031953718
gmm,baseline,2024-10,7,7,179,0.14217118135501156,605.0445306417587,0.6420507018796566,0.4830358897388942,0.5219227687000392,0.3857783114843542,0.3315903943650908,25.408722773227968,2592.3113858003107,-9.224084684466686,151.7008978901242,2.699407004551714,129.17238210715362,149.9385504148659
gmm,baseline,2024-11,7,7,101,0.14158728157287662,574.6981136639486,0.5873258377123562,0.4879241729818773,0.5453832260235638,0.38537397674100926,0.32680035249332134,17.367919524288816,1836.6982944211277,-16.477256194139382,159.78883758311292,25.662494813673092,132.67364259066855,191.94004510481997
gmm,baseline,2024-12,7,7,80,0.1567596817237367,601.8730642335438,0.4731153914445101,0.5946185277695705,0.42969371739130885,0.4736094834282183,0.37781688261898244,20.23695358199532,2401.265698956946,-13.187588985644574,211.5467452216705,-15.926803969578744,182.08228354633866,163.2043349024038
gmm,baseline,2023-01,8,8,150,0.123292317455131,406.25046157929916,0.625645071761986,0.43683587469637125,0.4930524198326233,0.3594224043415202,0.2977817836319986,23.00379075762088,2186.766683971429,-9.524983179347895,158.24900864198315,-8.810592439249456,139.09819373195157,158.68053555425678
gmm,baseline,2023-02,8,8,37,0.1309810244529316,404.5570527757663,0.5646139027199003,0.46843350983767207,0.47492706820438135,0.38318554887322326,0.31472460430434257,14.177085017320612,1831.2455896710455,-14.592247034784394,171.76797887336303,5.158278575665102,148.51905457572508,116.69879706748317
gmm,baseline,2023-03,8,8,124,0.14367431998949304,442.1341281984664,0.6611117315783285,0.42976193481494895,0.469856441269908,0.3575609372292688,0.3234298788664831,24.47826909258928,2382.6166201583383,-9.217093417106634,195.58506916532832,-15.448196812767502,174.6050791928804,210.9327594414789
gmm,baseline,2023-04,8,8,78,0.11760591021402508,454.9516694739032,0.4261617329224864,0.5214681705546194,0.4212455869052313,0.4275499192159555,0.3451584920143778,17.084282961067128,2407.8123347929995,-9.28751385566238,164.63462489084264,-16.081885769603673,144.1860621465139,124.48313916055571
gmm,baseline,2023-05,8,8,80,0.1516643282999471,467.5273367757776,0.5511579748398068,0.5528487457449812,0.4063222807882829,0.4514396963992009,0.3803967283577333,15.951270783413646,2401.666634561476,-10.500296622217975,339.495474029872,-17.250711388248032,296.32068213193304,241.1881651854146
gmm,baseline,2023-06,8,8,77,0.14209409990752112,477.72699723194904,0.44883794758836587,0.5543391233735757,0.44332401568103186,0.44498358565892937,0.3769114668871247,18.744440743049893,2424.6255721816106,-10.415889461602026,384.48662823285935,-15.57717665851752,328.73913326043976,281.26648780780994
gmm,baseline,2023-07,8,8,84,0.12517491207854956,484.24901429040796,0.5478161243211925,0.47601133167865595,0.5625869608967642,0.37546314051633717,0.3257156053470624,18.988953668687767,2805.588026506578,-9.297271571571155,164.7459864321855,24.919480173563507,136.35270855475102,175.50999740374525
gmm,baseline,2023-08,8,8,89,0.1145427319745869,468.34727542230434,0.6692213972024796,0.4571720984776559,0.5159049356064974,0.3699230347477783,0.33462250012234807,17.96609705636332,2073.633582182576,-8.378491669995658,150.41411975164445,16.999347287118415,128.29850792845286,146.8124350123337
gmm,baseline,2023-09,8,8,85,0.1404813527965343,470.52616246261164,0.577515431355929,0.4619566118082993,0.5125137872896863,0.37352189250201373,0.32757654188492863,24.77311917726788,2181.6062624517012,-9.48143592721291,195.1222717287755,13.27301386896759,165.8345632320649,176.77997339991887
gmm,baseline,2023-10,8,8,67,0.14228940209014884,478.0298663421071,0.74344406942772,0.4644568153867906,0.5063539385908504,0.37602372868230366,0.3309226453647189,19.235230273728668,1770.9449455624278,-8.477869300561823,161.83890946720882,12.559610213007163,138.05427679533645,158.2513069781314
gmm,baseline,2023-11,8,8,82,0.1426435351636445,484.7600285059231,0.6321246340990502,0.44800791037758114,0.5059073174809232,0.36522865936760734,0.31655747261258627,21.533173933989396,2899.54329492679,-8.074374341590072,164.3971526075977,5.8917073337826125,141.60969806790004,165.72754140131403
gmm,baseline,2023-12,8,8,105,0.1448334620590426,506.81378000502076,0.5437198663223297,0.46048716373393017,0.5225895703117259,0.3711673128669902,0.32518192699995485,22.636053737715955,2301.6240315438267,-9.170854865499187,179.8978504471967,14.576481752534276,153.90375921284382,163.47094260975126
gmm,baseline,2024-01,8,8,99,0.12480370836143222,456.0165134171463,0.6045677485287081,0.4628302766149932,0.5067939101798824,0.37489505528783784,0.31829047211940886,22.008433996695544,2087.871322965243,-13.842096301575666,188.22049109711833,11.78206029141028,160.91205537423738,182.80564461838904
gmm,baseline,2024-02,8,8,97,0.13081262422661055,475.93799822092654,0.5353866894205366,0.4667446463741397,0.5204844323966885,0.3755186525167625,0.320733598790085,19.284773353140473,2135.127038089665,-12.24488696064045,177.6426690893121,14.580321713147281,150.29786203161453,153.511117845277
gmm,baseline,2024-03,8,8,87,0.12452293495220026,499.25979844582923,0.47477646016209896,0.4676806184791691,0.5663219288291813,0.36974956568349693,0.3177058310624812,17.907622467635264,2599.621589948876,-10.9840185834413,144.88453913906446,24.439456550557452,120.01257540873583,148.7034062527902
gmm,baseline,2024-04,8,8,53,0.14942757279231295,541.4051066669546,0.6681625876977373,0.4674052482754525,0.5032186260081977,0.3784023553334442,0.3291899559929776,14.19307734237958,1804.9254922957848,-12.878517489748974,197.39295967128362,14.31855116774173,166.74269757137702,176.58224043000178
gmm,baseline,2024-05,8,8,70,0.13535729458951892,505.95693100208086,0.5613061995571975,0.4636740558573994,0.5159706531192257,0.3741593482079411,0.32357404770384984,14.820946359642246,2182.2516832571964,-10.496263186989896,165.10991606324956,16.306070450496343,140.47357613818662,151.2947720854023
gmm,baseline,2024-06,8,8,37,0.13058250453945583,509.8063879334705,0.4969724455869833,0.490577024743899,0.5089838506732068,0.3925571578105467,0.34802707062301985,13.801611852683918,2187.968334030243,-12.34628295372399,231.5158758383915,15.373952768114831,194.22773555244328,206.83478264815685
gmm,baseline,2024-07,8,8,89,0.13495936077347068,516.0379258735562,0.514303140179983,0.47730352922824903,0.5659221519720126,0.37579503649064044,0.3394925438429977,23.99702114425265,1888.594843020789,-13.28349965838591,161.97724409894963,33.472017884291425,133.93591481410354,161.4715391134858
gmm,baseline,2024-08,8,8,82,0.1495146947172261,562.2632629289707,0.5586228006154205,0.46312967628578977,0.5123237154769984,0.37431507204088743,0.3304953496002786,14.040934726002423,2618.9536132511575,-11.243020404772894,149.03575588509932,17.26346320977797,127.26753324372115,156.40839840674366
gmm,baseline,2024-09,8,8,71,0.14629890392214215,516.0954544046443,0.6343974911765942,0.4568957499883041,0.5032929835709806,0.37147432748611386,0.3231728056526887,15.043931279554993,2499.6694151445377,-7.740035029656312,143.18059652318163,13.052080877818256,122.37879371545768,145.16571568857736
gmm,baseline,2024-10,8,8,38,0.13563622801426858,523.091179566496,0.4431857748182286,0.49473938141228163,0.5153896487419372,0.394219811921072,0.3519511953858722,13.401449616300493,2821.76301775106,-10.183487691944716,179.2616219702946,13.043426098046266,150.60132815828388,170.991208433123
gmm,baseline,2024-11,8,8,92,0.1162597201476645,508.9672677798861,0.5186878076587382,0.46908401278580253,0.5593812713119781,0.37158206400773314,0.3191145939599255,16.2692843628819,2523.1336704322966,-12.536795705012548,145.13843471817512,33.79982671664379,119.81189827645304,139.7626765059497
gmm,baseline,2024-12,8,8,70,0.1322160837667919,536.5480681255128,0.5517525930959681,0.444485693371096,0.5195041059294561,0.36110269607393375,0.31647781441187417,12.622778279538059,2599.97401410504,-10.197859207278318,159.30696702121983,21.370615683768428,136.61700545791666,169.6678434027037
spectral,baseline,2023-01,4,4,100,0.07164895854174874,289.97860539710507,0.7416931562972908,0.9371035313052465,0.5414779131809719,0.621660183518319,0.5844222368861532,6.86616435185921,564.7437642099384,-21.672292960225928,209.71164460776816,4.901289989203383,158.85342346637916,185.1659679869806
spectral,baseline,2023-02,4,4,100,0.07360927032534798,293.38352349287317,0.5301200956262141,0.9371035313052465,0.5414779131809719,0.621660183518319,0.5844222368861532,7.038590568083343,664.7921199985187,-13.665706345503567,209.71164460776816,4.901289989203383,158.85342346637916,185.1659679869806
spectral,baseline,2023-03,4,4,100,0.07903910507567485,310.4902320554224,0.6012634433974267,0.9371035313052465,0.5414779131809719,0.621660183518319,0.5844222368861532,7.1826353850218085,706.8892268581316,-13.424215680443021,209.71164460776816,4.901289989203383,158.85342346637916,185.1659679869806
spectral,baseline,2023-04,4,4,100,0.09297792307793912,373.00132346790537,0.6047174906836891,0.9371035313052465,0.5414779131809719,0.621660183518319,0.5844222368861532,7.7998659182089165,784.516269584459,-12.184414360322561,209.71164460776816,4.901289989203383,158.85342346637916,185.1659679869806
spectral,baseline,2023-05,4,4,100,0.0972148287329027,368.5947694912182,0.7524258979082121,0.9371035313052465,0.5414779131809719,0.621660183518319,0.5844222368861532,8.648871326566626,768.782405013304,-11.924643966915138,209.71164460776816,4.901289989203383,158.85342346637916,185.1659679869806
spectral,baseline,2023-06,4,4,100,0.10070552659467555,381.0642396437663,0.5933855660804643,0.9371035313052465,0.5414779131809719,0.621660183518319,0.5844222368861532,8.946344654797166,733.440267148295,-16.39057205161048,209.71164460776816,4.901289989203383,158.85342346637916,185.1659679869806
spectral,baseline,2023-07,4,4,100,0.10346191417418409,388.0606696866608,0.6141076120003869,0.9371035313052465,0.5414779131809719,0.621660183518319,0.5844222368861532,8.570711053351008,802.17964150723,-16.414541836047185,209.71164460776816,4.901289989203383,158.85342346637916,185.1659679869806
spectral,baseline,2023-08,4,4,100,0.10453396149588161,387.2061881321839,0.6119426702403576,0.9371035313052465,0.5414779131809719,0.621660183518319,0.5844222368861532,9.38250243830318,759.2954726292289,-12.58284139127575,209.71164460776816,4.901289989203383,158.85342346637916,185.1659679869806
spectral,baseline,2023-09,4,4,100,0.10755446774069742,388.95691336949665,0.5895382905157747,0.9371035313052465,0.5414779131809719,0.621660183518319,0.5844222368861532,9.613463558406902,763.4554693719252,-13.26834727624627,209.71164460776816,4.901289989203383,158.85342346637916,185.1659679869806
spectral,baseline,2023-10,4,4,100,0.1119086031598307,404.43719155472144,0.5661991781047222,0.9371035313052465,0.5414779131809719,0.621660183518319,0.5844222368861532,10.26054051470702,764.1587332823816,-13.104019606295035,209.71164460776816,4.901289989203383,158.85342346637916,185.1659679869806
spectral,baseline,2023-11,4,4,100,0.11201506965063616,402.3946630114203,0.7361735364715418,0.9371035313052465,0.5414779131809719,0.621660183518319,0.5844222368861532,9.269799791642246,877.3766544493375,-15.099667738809988,209.71164460776816,4.901289989203383,158.85342346637916,185.1659679869806
spectral,baseline,2023-12,4,4,100,0.11147671968761966,395.8915448984116,0.5527089884987021,0.9371035313052465,0.5414779131809719,0.621660183518319,0.5844222368861532,9.021279789287487,835.3016647625954,-13.0223225625162,209.71164460776816,4.901289989203383,158.85342346637916,185.1659679869806
spectral,baseline,2024-01,4,4,100,0.10633200043380718,381.3325337321806,0.6181324769744501,0.9371035313052465,0.5414779131809719,0.621660183518319,0.5844222368861532,8.739544308372038,793.5561534747702,-19.870718242137468,209.71164460776816,4.901289989203383,158.85342346637916,185.1659679869806
spectral,baseline,2024-02,4,4,100,0.11057879067277898,395.982734371558,0.5751251369444836,0.9371035313052465,0.5414779131809719,0.621660183518319,0.5844222368861532,8.648781626405038,809.1378739312598,-16.588919536574924,209.71164460776816,4.901289989203383,158.85342346637916,185.1659679869806
spectral,baseline,2024-03,4,4,100,0.11425221367035004,409.7591015498217,0.568598190364458,0.9371035313052465,0.5414779131809719,0.621660183518319,0.5844222368861532,9.040754350407099,833.2632763895277,-11.800721590992724,209.71164460776816,4.901289989203383,158.85342346637916,185.1659679869806
spectral,baseline,2024-04,4,4,100,0.12084900415802552,454.69106432389157,0.5849500510269431,0.9371035313052465,0.5414779131809719,0.621660183518319,0.5844222368861532,9.026880549062545,860.2153224705651,-14.20513063008998,209.71164460776816,4.901289989203383,158.85342346637916,185.1659679869806
spectral,baseline,2024-05,4,4,100,0.11894280108670956,438.1934976957229,0.5487782650259029,0.9371035313052465,0.5414779131809719,0.621660183518319,0.5844222368861532,8.981585606000754,803.7410068864547,-17.035745590594413,209.71164460776816,4.901289989203383,158.85342346637916,185.1659679869806
spectral,baseline,2024-06,4,4,100,0.12381829733855783,466.8350805178725,0.5964289157232899,0.9371035313052465,0.5414779131809719,0.621660183518319,0.5844222368861532,9.513985299646944,845.733639029179,-11.841088115878781,209.71164460776816,4.901289989203383,158.85342346637916,185.1659679869806
spectral,baseline,2024-07,4,4,100,0.12690739749080485,467.8979358963818,0.5987415876625974,0.9371035313052465,0.5414779131809719,0.621660183518319,0.5844222368861532,9.69367082263186,888.5856025103384,-13.110549373280827,209.71164460776816,4.901289989203383,158.85342346637916,185.1659679869806
spectral,baseline,2024-08,4,4,100,0.1282649433434219,483.12611165757374,0.5767871059027597,0.9371035313052465,0.5414779131809719,0.621660183518319,0.5844222368861532,9.907509694946313,837.5292098386084,-15.854632997340785,209.71164460776816,4.901289989203383,158.85342346637916,185.1659679869806
spectral,baseline,2024-09,4,4,100,0.12518975693253767,451.1677016552374,0.6363820345664498,0.9371035313052465,0.5414779131809719,0.621660183518319,0.5844222368861532,9.977882387266249,781.3071126681314,-11.99623796349961,209.71164460776816,4.901289989203383,158.85342346637916,185.1659679869806
spectral,baseline,2024-10,4,4,100,0.1351760801793698,476.3840381155863,0.9932338453091896,0.9371035313052465,0.5414779131809719,0.621660183518319,0.5844222368861532,10.663792872825447,799.9669238870443,-10.559902448023319,209.71164460776816,4.901289989203383,158.85342346637916,185.1659679869806
spectral,baseline,2024-11,4,4,100,0.13196928898655425,472.7583041469575,0.7124383677648418,0.9371035313052465,0.5414779131809719,0.621660183518319,0.5844222368861532,9.962790084958407,799.6822138851,-12.28980568553142,209.71164460776816,4.901289989203383,158.85342346637916,185.1659679869806
spectral,baseline,2024-12,4,4,100,0.13018133254539274,456.78634071229595,0.6307561978473398,0.9371035313052465,0.5414779131809719,0.621660183518319,0.5844222368861532,9.83143360913583,842.949329861459,-19.306148506601858,209.71164460776816,4.901289989203383,158.85342346637916,185.1659679869806
spectral,baseline,2023-01,7,7,99,0.05184395502088131,240.39903084924742,0.74466396302213,0.8402540041719563,0.5091366217765357,0.5884939067829655,0.6624937099798783,7.402296879466102,764.1713835934869,-6.3501763820587,292.8515593950428,10.18195810177908,219.56308511345546,236.6375546215838
spectral,baseline,2023-02,7,7,99,0.05115939575957098,246.08101187703926,0.6944656517913534,0.8402540041719563,0.5091366217765357,0.5884939067829655,0.6624937099798783,7.805417811917409,880.6460219268374,-7.23408799198329,292.8515593950428,10.18195810177908,219.56308511345546,236.6375546215838
spectral,baseline,2023-03,7,7,99,0.05205120354045133,256.22536459561,0.6246103329667678,0.8402540041719563,0.5091366217765357,0.5884939067829655,0.6624937099798783,7.793306506969218,927.0177104187821,-9.213839046968356,292.8515593950428,10.18195810177908,219.56308511345546,236.6375546215838
spectral,baseline,2023-04,7,7,99,0.05679108260857918,293.38277867062135,0.6447750007713979,0.8402540041719563,0.5091366217765357,0.5884939067829655,0.6624937099798783,7.518605844623831,968.0945741065245,-8.638429377484544,292.8515593950428,10.18195810177908,219.56308511345546,236.6375546215838
spectral,baseline,2023-05,7,7,99,0.059133573852010644,295.02532153691124,0.6994863249836405,0.8402540041719563,0.5091366217765357,0.5884939067829655,0.6624937099798783,8.02403035267127,935.5178449422566,-7.275408220615752,292.8515593950428,10.18195810177908,219.56308511345546,236.6375546215838
spectral,baseline,2023-06,7,7,99,0.056467425251437435,305.97092973443335,0.6124401411349201,0.8402540041719563,0.5091366217765357,0.5884939067829655,0.6624937099798783,7.726758647777555,897.4332376273828,-8.723147767169959,292.8515593950428,10.18195810177908,219.56308511345546,236.6375546215838
spectral,baseline,2023-07,7,7,99,0.05387926020601805,305.27725355586983,0.7097694513907712,0.8402540041719563,0.5091366217765357,0.5884939067829655,0.6624937099798783,7.264703699297395,913.4514286878976,-7.254530259977982,292.8515593950428,10.18195810177908,219.56308511345546,236.6375546215838
spectral,baseline,2023-08,7,7,99,0.05151649426668226,297.44225710529986,0.5860901955266915,0.8402540041719563,0.5091366217765357,0.5884939067829655,0.6624937099798783,7.558341665123327,1001.1179313673133,-9.755653713501742,292.8515593950428,10.18195810177908,219.56308511345546,236.6375546215838
spectral,baseline,2023-09,7,7,99,0.05234124390045573,296.8394127406784,0.547476077880359,0.8402540041719563,0.5091366217765357,0.5884939067829655,0.6624937099798783,7.544439184891633,925.6424860765248,-10.355698454427325,292.8515593950428,10.18195810177908,219.56308511345546,236.6375546215838
spectral,baseline,2023-10,7,7,99,0.05341340747687207,306.0299631920982,0.5913960718468572,0.8402540041719563,0.5091366217765357,0.5884939067829655,0.6624937099798783,7.897996462696304,970.5327826175863,-9.705979262809628,292.8515593950428,10.18195810177908,219.56308511345546,236.6375546215838
spectral,baseline,2023-11,7,7,99,0.047421659799919635,295.8028289948589,0.6627515950082926,0.8402540041719563,0.5091366217765357,0.5884939067829655,0.6624937099798783,6.514460714862784,965.376682134456,-7.696660790594124,292.8515593950428,10.18195810177908,219.56308511345546,236.6375546215838
spectral,baseline,2023-12,7,7,99,0.045473530080157,298.20022615813815,0.7185374541981664,0.8402540041719563,0.5091366217765357,0.5884939067829655,0.6624937099798783,6.353149125182017,931.3720907867977,-12.941926351943216,292.8515593950428,10.18195810177908,219.56308511345546,236.6375546215838
spectral,baseline,2024-01,7,7,99,0.04030338574239724,272.7884349392916,0.7214994786772034,0.8402540041719563,0.5091366217765357,0.5884939067829655,0.6624937099798783,6.246571889770166,951.9024435842579,-11.10209853783902,292.8515593950428,10.18195810177908,219.56308511345546,236.6375546215838
spectral,baseline,2024-02,7,7,99,0.0377379742529184,281.37699557841114,0.6907623547456332,0.8402540041719563,0.5091366217765357,0.5884939067829655,0.6624937099798783,5.659567721462616,1043.971166760132,-13.314747611496077,292.8515593950428,10.18195810177908,219.56308511345546,236.6375546215838
spectral,baseline,2024-03,7,7,99,0.03967313221898249,295.14718883946165,0.6716701192955343,0.8402540041719563,0.5091366217765357,0.5884939067829655,0.6624937099798783,6.07243725565957,985.1544713700978,-12.324453093979308,292.8515593950428,10.18195810177908,219.56308511345546,236.6375546215838
spectral,baseline,2024-04,7,7,99,0.037805721515950505,317.0829147054444,0.6862036154872664,0.8402540041719563,0.5091366217765357,0.5884939067829655,0.6624937099798783,5.685812612683222,976.3062199820291,-13.428055248782677,292.8515593950428,10.18195810177908,219.56308511345546,236.6375546215838
spectral,baseline,2024-05,7,7,99,0.03744520859575147,309.6298950564468,0.5551961726095274,0.8402540041719563,0.5091366217765357,0.5884939067829655,0.6624937099798783,5.546010447783201,963.245033195117,-11.140494406009024,292.8515593950428,10.18195810177908,219.56308511345546,236.6375546215838
spectral,baseline,2024-06,7,7,99,0.037216920257540774,332.6598234736235,0.5331077643748139,0.8402540041719563,0.5091366217765357,0.5884939067829655,0.6624937099798783,5.580553483121208,979.8866879549952,-16.950199789356247,292.8515593950428,10.18195810177908,219.56308511345546,236.6375546215838
spectral,baseline,2024-07,7,7,99,0.0326312909408446,325.8958046808145,0.6455483301464052,0.8402540041719563,0.5091366217765357,0.5884939067829655,0.6624937099798783,5.3600889814114305,1062.0656124174373,-11.361837315373222,292.8515593950428,10.18195810177908,219.56308511345546,236.6375546215838
spectral,baseline,2024-08,7,7,99,0.029213332682961116,328.4954003628229,0.5185054073416615,0.8402540041719563,0.5091366217765357,0.5884939067829655,0.6624937099798783,5.158963359385054,951.3752858819716,-9.284567599093997,292.8515593950428,10.18195810177908,219.56308511345546,236.6375546215838
spectral,baseline,2024-09,7,7,99,0.029172612015026703,304.5470573898659,0.5910902633482679,0.8402540041719563,0.5091366217765357,0.5884939067829655,0.6624937099798783,5.287201262632907,860.1370647605178,-10.110117878147141,292.8515593950428,10.18195810177908,219.56308511345546,236.6375546215838
spectral,baseline,2024-10,7,7,99,0.0325853112034207,322.9085720330963,0.6375112425069417,0.8402540041719563,0.5091366217765357,0.5884939067829655,0.6624937099798783,5.52764251284079,922.7966111573065,-11.709294890855602,292.8515593950428,10.18195810177908,219.56308511345546,236.6375546215838
spectral,baseline,2024-11,7,7,99,0.027841874737490783,313.95107527654017,0.5473686679015052,0.8402540041719563,0.5091366217765357,0.5884939067829655,0.6624937099798783,5.042078750915893,889.8401701904838,-17.271613925078412,292.8515593950428,10.18195810177908,219.56308511345546,236.6375546215838
spectral,baseline,2024-12,7,7,99,0.027307983179562925,309.7168889088491,0.5889518756234512,0.8402540041719563,0.5091366217765357,0.5884939067829655,0.6624937099798783,5.133383235757011,944.8233185405217,-13.657602775628867,292.8515593950428,10.18195810177908,219.56308511345546,236.6375546215838
spectral,baseline,2023-01,8,8,35,0.021773363074829008,203.21229093031198,0.6323412675909793,0.8171610044423024,0.5565768413673541,0.5616949159874757,0.6545671369954374,3.2869039185443083,642.851683719916,-6.772748507864927,331.4953543873645,33.63967764624683,237.58805234848896,229.9957848868553
spectral,baseline,2023-02,8,8,35,0.022337583562444953,208.2120694711882,0.5875679428927603,0.8171610044423024,0.5565768413673541,0.5616949159874757,0.6545671369954374,3.232583127814686,731.2892134747062,-6.319419819392925,331.4953543873645,33.63967764624683,237.58805234848896,229.9957848868553
spectral,baseline,2023-03,8,8,35,0.023582143637686393,216.9278254453278,0.5785324851639706,0.8171610044423024,0.5565768413673541,0.5616949159874757,0.6545671369954374,3.338520823794051,776.4403076929597,-8.835554504419585,331.4953543873645,33.63967764624683,237.58805234848896,229.9957848868553
spectral,baseline,2023-04,8,8,35,0.027981997148506403,248.65571587229238,0.5346274900061315,0.8171610044423024,0.5565768413673541,0.5616949159874757,0.6545671369954374,3.5207344830791607,784.8474516275407,-6.59230802644927,331.4953543873645,33.63967764624683,237.58805234848896,229.9957848868553
spectral,baseline,2023-05,8,8,35,0.029832098381004073,249.8637498194976,0.52959999772395,0.8171610044423024,0.5565768413673541,0.5616949159874757,0.6545671369954374,3.7791021354224115,802.068926205203,-6.029678192192523,331.4953543873645,33.63967764624683,237.58805234848896,229.9957848868553
spectral,baseline,2023-06,8,8,35,0.027960479057941655,258.7091247523641,0.5669252963711443,0.8171610044423024,0.5565768413673541,0.5616949159874757,0.6545671369954374,4.011377749391375,791.4925808950509,-8.975496011259212,331.4953543873645,33.63967764624683,237.58805234848896,229.9957848868553
spectral,baseline,2023-07,8,8,35,0.025476940847460047,258.0137168511785,0.5960884508646698,0.8171610044423024,0.5565768413673541,0.5616949159874757,0.6545671369954374,3.6053327476803285,800.2146233497003,-6.475684276100105,331.4953543873645,33.63967764624683,237.58805234848896,229.9957848868553
spectral,baseline,2023-08,8,8,35,0.023100567023314828,251.21108266777097,0.6143360861561429,0.8171610044423024,0.5565768413673541,0.5616949159874757,0.6545671369954374,3.74634669082678,849.2160481752429,-7.500024808822102,331.4953543873645,33.63967764624683,237.58805234848896,229.9957848868553
spectral,baseline,2023-09,8,8,35,0.023410971814373002,251.13964760812556,0.5419774657635936,0.8171610044423024,0.5565768413673541,0.5616949159874757,0.6545671369954374,3.5227003291600845,768.3027403574084,-12.30330466415757,331.4953543873645,33.63967764624683,237.58805234848896,229.9957848868553
spectral,baseline,2023-10,8,8,35,0.024383363049798785,258.23608431809106,0.5766703990491676,0.8171610044423024,0.5565768413673541,0.5616949159874757,0.6545671369954374,3.849001459719335,807.9745930139103,-8.136370384110974,331.4953543873645,33.63967764624683,237.58805234848896,229.9957848868553
spectral,baseline,2023-11,8,8,35,0.020204016925849874,250.62639931005737,0.5515502077840762,0.8171610044423024,0.5565768413673541,0.5616949159874757,0.6545671369954374,3.6791087999577075,830.0008887932363,-8.804817342984327,331.4953543873645,33.63967764624683,237.58805234848896,229.9957848868553
spectral,baseline,2023-12,8,8,35,0.017687106775503645,252.46276192141627,0.5626234841813669,0.8171610044423024,0.5565768413673541,0.5616949159874757,0.6545671369954374,3.4109348176419414,822.9165479676653,-9.728299119994494,331.4953543873645,33.63967764624683,237.58805234848896,229.9957848868553
spectral,baseline,2024-01,8,8,35,0.011855585584094308,230.48305924933368,0.623521626701827,0.8171610044423024,0.5565768413673541,0.5616949159874757,0.6545671369954374,2.995599729262336,802.0918189230648,-7.867720593088143,331.4953543873645,33.63967764624683,237.58805234848896,229.9957848868553
spectral,baseline,2024-02,8,8,35,0.010400048950250738,237.6661407245182,0.6376746517951128,0.8171610044423024,0.5565768413673541,0.5616949159874757,0.6545671369954374,2.7129380829256946,811.6026706541177,-9.202533556927536,331.4953543873645,33.63967764624683,237.58805234848896,229.9957848868553
spectral,baseline,2024-03,8,8,35,0.012565247689326476,249.60320686986861,0.5823040170735145,0.8171610044423024,0.5565768413673541,0.5616949159874757,0.6545671369954374,2.8539204380035357,835.9137276957107,-8.786127679611752,331.4953543873645,33.63967764624683,237.58805234848896,229.9957848868553
spectral,baseline,2024-04,8,8,35,0.011254627659682673,268.36081098153585,0.6417120838797277,0.8171610044423024,0.5565768413673541,0.5616949159874757,0.6545671369954374,2.702033398603413,876.5103697187409,-10.868945707762526,331.4953543873645,33.63967764624683,237.58805234848896,229.9957848868553
spectral,baseline,2024-05,8,8,35,0.010786249208460039,262.7501774343544,0.5239091834836609,0.8171610044423024,0.5565768413673541,0.5616949159874757,0.6545671369954374,2.8793122495113086,798.2348558200973,-9.988219029685839,331.4953543873645,33.63967764624683,237.58805234848896,229.9957848868553
spectral,baseline,2024-06,8,8,35,0.010832456255831206,281.8991007708409,0.5074901883145575,0.8171610044423024,0.5565768413673541,0.5616949159874757,0.6545671369954374,2.8804576190263353,825.550302700334,-10.566793930796399,331.4953543873645,33.63967764624683,237.58805234848896,229.9957848868553
spectral,baseline,2024-07,8,8,35,0.007294318083153849,276.72820915319267,0.5845045760101899,0.8171610044423024,0.5565768413673541,0.5616949159874757,0.6545671369954374,2.654237170020946,885.987935537888,-9.143880651253735,331.4953543873645,33.63967764624683,237.58805234848896,229.9957848868553
spectral,baseline,2024-08,8,8,35,0.003710242364229735,279.0083271755106,0.5056972599769043,0.8171610044423024,0.5565768413673541,0.5616949159874757,0.6545671369954374,2.504937590907688,790.256789077284,-8.886322324877904,331.4953543873645,33.63967764624683,237.58805234848896,229.9957848868553
spectral,baseline,2024-09,8,8,35,0.0034167369690720983,258.9912137800087,0.5264504504433601,0.8171610044423024,0.5565768413673541,0.5616949159874757,0.6545671369954374,2.6299451951590074,739.6540216027344,-11.94256414101645,331.4953543873645,33.63967764624683,237.58805234848896,229.9957848868553
spectral,baseline,2024-10,8,8,35,0.006150492986591305,274.8968171510282,0.515656034323398,0.8171610044423024,0.5565768413673541,0.5616949159874757,0.6545671369954374,2.6944266072100946,793.7191552955944,-10.269043866567882,331.4953543873645,33.63967764624683,237.58805234848896,229.9957848868553
spectral,baseline,2024-11,8,8,35,0.0015977360409382356,267.3849224954732,0.5162897602735654,0.8171610044423024,0.5565768413673541,0.5616949159874757,0.6545671369954374,2.40916301470173,729.7226745215053,-12.480537631309241,331.4953543873645,33.63967764624683,237.58805234848896,229.9957848868553
spectral,baseline,2024-12,8,8,35,0.0021683068894235197,264.107569231835,0.5405054059840828,0.8171610044423024,0.5565768413673541,0.5616949159874757,0.6545671369954374,2.4206949547956325,850.2631386041519,-12.713460065982185,331.4953543873645,33.63967764624683,237.58805234848896,229.9957848868553
kefrin,jury,2023-01,7,7,219,0.16004581599668877,470.8254754425835,0.5018784865771025,0.5157092779128006,0.5451312273539796,0.4025427452452156,0.39985659702459087,27.092402831807078,1367.5549055591437,-14.577947033951679,204.9840972461133,7.027336364140058,171.80385939710257,207.7497797412937
kefrin,jury,2023-02,7,7,183,0.15746195319546097,464.4384312916862,0.5378399950769426,0.5227133540610286,0.5415027843733936,0.4073988184009854,0.4080948321758387,28.771872985126766,1615.5716242965586,-11.025446176739973,200.7710758586086,5.710691866293205,167.88429597301212,208.6131924084033
kefrin,jury,2023-03,7,7,179,0.15803705208372928,484.3636023916415,0.5007151553897075,0.5180487279418281,0.5447585426548686,0.4040275259107422,0.40129677777277223,22.420960447048074,1602.892471950667,-8.68689724995217,244.427712400017,7.468982757617564,204.34749011052142,256.28761317456525
kefrin,jury,2023-04,7,7,150,0.15922596965144717,509.4835589556656,0.636105717997645,0.5493027254961259,0.5373559789394582,0.42411595185178147,0.4405493534715673,33.95191491346007,2725.48748644187,-10.645103126282898,223.48508825686986,7.3780915566529,184.58255292089692,277.676432783773
kefrin,jury,2023-05,7,7,160,0.15859070377895992,520.776448098109,0.4826480072208506,0.5351230250625838,0.5432130627984563,0.4146036299778971,0.43688283037270076,29.358593687284536,1712.5670678579004,-10.516884491188776,186.503896365008,10.897210648863096,155.67559113446748,205.39282650909374
kefrin,jury,2023-06,7,7,180,0.15092355826907217,535.1372035574892,0.4266412927810179,0.5510737799301123,0.5500993428606541,0.42287975845313547,0.4442270582051172,28.911639691172862,1440.1644111311816,-13.971571044395416,180.3013101728353,10.940735538545153,149.19874960232306,185.864907668866
kefrin,jury,2023-07,7,7,178,0.15464781162631344,547.5138829500964,0.4221590550657145,0.5657460203093744,0.5526588029385918,0.43099056339230024,0.4479197296151614,30.735849116080047,1808.6886831113366,-14.799214085372402,162.6038039060809,12.099857474499522,132.88998029630136,157.92129514158415
kefrin,jury,2023-08,7,7,171,0.1596393146946118,546.0550796663333,0.6086676629590557,0.5477443050517645,0.5541463919582512,0.42020059545551564,0.4423459645261381,29.08236351301158,1478.6628415123812,-9.736491290766496,199.0435831328142,12.65048053924432,164.65465411190115,211.40555329618502
kefrin,jury,2023-09,7,7,140,0.15856376518145718,530.1555316773859,0.5269254392967073,0.5613368842121047,0.5431141400669175,0.43018606035457985,0.46494283675378484,35.631333611667024,1858.9847875420396,-16.312407736810282,192.4470250562645,8.420805352833762,158.08392115986905,226.44637636753023
kefrin,jury,2023-10,7,7,190,0.15708558541563747,537.6166223457407,0.7206237279117134,0.5654172395396634,0.5507982521001339,0.43114530159944026,0.45366996828664785,26.300056315503685,1529.5649550634298,-7.4067421668950155,179.88527385170335,13.42411472675456,147.14020703968174,191.04060038206862
kefrin,jury,2023-11,7,7,207,0.14706921983030796,509.40761206538673,0.6909206420120018,0.55474628309416,0.5498981184804361,0.42507536833203846,0.4562858438918429,25.33906472819136,1744.8949168350368,-7.283701021964328,248.5881130198123,11.793723060701387,203.7331956448323,271.3440617265378
kefrin,jury,2023-12,7,7,173,0.13499780474790418,516.1321839650346,0.5784720115810962,0.6019837625233583,0.5478294016687204,0.4526927526857391,0.4655691408619448,26.86965242379224,1956.2907663231942,-18.057952163677925,196.87610057342297,11.741449246935316,158.6424361964857,216.07125603607176
kefrin,jury,2024-01,7,7,152,0.15387131033817322,509.1553438673665,0.6415066407683301,0.5382680045784706,0.5478795395470055,0.41568113327327577,0.43778557272903873,29.15804720751461,1583.1908463727923,-14.561959066219302,178.25641725609518,12.101627511136344,148.05050210361554,202.201005289284
kefrin,jury,2024-02,7,7,157,0.15133085417369843,521.8759364667634,0.6658958875307901,0.5292850366156371,0.5540455809878931,0.4092679996702475,0.4233530155858032,23.38557745600987,2009.3414306159366,-12.071212193717228,191.85394711588012,15.508732611745259,159.83287304837964,209.12908549439885
kefrin,jury,2024-03,7,7,139,0.14882195645149388,529.888137564828,0.47937468374496706,0.5387826217048822,0.5522492695200807,0.41523318188321706,0.44102448947322204,21.022182950447302,2412.0821492331193,-13.260070280290902,204.26909523062088,13.579258778757598,169.95627609598884,229.22869893654928
kefrin,jury,2024-04,7,7,160,0.13197275096068342,532.5149754677736,0.48921841702237556,0.5302972765360984,0.5521023199662125,0.4101996864422737,0.42723036245828866,19.081536165638514,2338.113229877139,-28.208040070900555,192.23495582823423,15.038679035308018,159.83110640092582,187.9363174608471
kefrin,jury,2024-05,7,7,122,0.13683021995109385,518.6074769077624,0.45742668838421835,0.5534117758262723,0.5435428387826957,0.42543857338302143,0.44320145226623725,18.225624094403667,2862.925201028894,-15.497763241514864,184.73087853653254,9.239956611603242,153.61222404785923,196.5999468555705
kefrin,jury,2024-06,7,7,116,0.1250630065839468,554.2314156937872,0.42042195001090604,0.6274757712599758,0.5186480091091423,0.47340974807497055,0.4738347014316797,15.801527476868227,1514.1273203464596,-12.785266117383754,247.39316232043717,-0.21169199618374523,200.61318918371776,278.00204973780876
kefrin,jury,2024-07,7,7,194,0.13398594067155764,556.1228262988036,0.7111191922853027,0.5630856711945653,0.5529648118554965,0.4293884619390928,0.45105969307389865,18.79949770975976,1831.556193233948,-11.195761412913932,233.43312852015475,12.693033095342049,192.4835426266832,241.77725202091946
kefrin,jury,2024-08,7,7,161,0.13252429274527688,560.7011200618823,0.508645598080318,0.555262846494179,0.5536466350216077,0.42470139553357167,0.45221070563555543,21.520992773715076,1928.4441713655779,-10.243582638514496,210.7614831578481,11.983672548190418,173.36635961856226,230.0388965500317
kefrin,jury,2024-09,7,7,181,0.14532294676343052,541.3190688634961,0.5675798061873707,0.526682327964414,0.551266256990047,0.4081725993126503,0.43349169618529343,35.81432314467517,2030.942698859708,-9.0903361365856,189.62513477235194,10.595224797065306,159.31036557026223,207.99795536488796
kefrin,jury,2024-10,7,7,161,0.1412199320812874,562.7277484223621,0.41173535972874914,0.5429999451544519,0.547513131733077,0.4185617146140839,0.4494811895520782,26.335129850391283,1789.3157990380478,-15.549895511374158,186.54257855879524,10.179397953384383,156.0539281679848,220.52128509193264
kefrin,jury,2024-11,7,7,197,0.1485152031477439,555.721400798833,0.509169511744157,0.5355828322694495,0.541834982326046,0.41511693075530365,0.4402712778781781,27.68773581480031,1661.7824564695977,-17.156656817125178,196.36677151881395,5.1189713967038735,164.27713798918217,209.7801417545516
kefrin,jury,2024-12,7,7,153,0.1364155414082075,533.213936035511,0.5463926616652678,0.5294060022671727,0.5495814311387918,0.4100897026827904,0.4335255639446309,32.90870518365924,3520.530816256124,-15.13164798645569,181.7455187972234,11.317745399681662,150.89919609393309,188.76079176416877
kefrin,jury,2023-01,8,8,172,0.1513089298768719,427.52554786062575,0.4430184451193105,0.4932545637698105,0.527967657989745,0.3913406660587501,0.40154353364043227,26.2036648582016,1415.4524353434506,-11.381765018401525,193.4176758695016,2.080188074576611,163.35963060940983,205.13717950601486
kefrin,jury,2023-02,8,8,155,0.14019392608340647,410.84117617491444,0.4969463480530002,0.53538792761552,0.5332711808224058,0.41647999385272194,0.42085834764082725,27.192048867948316,1307.440009045158,-13.350540945628737,214.29334397398435,9.526120207015573,176.09828542279521,203.45601388487387
kefrin,jury,2023-03,8,8,139,0.140520138109525,429.5901051019868,0.5301085289160882,0.520405891839407,0.54192609179995,0.40592601544462775,0.433045760470002,17.579030894978874,1797.3867019166703,-10.478438753378462,215.83502563174807,12.86061563859764,178.18536062268927,230.02680400615395
kefrin,jury,2023-04,8,8,153,0.1401107678764782,447.90863208894046,0.5011359256067242,0.5448029614457809,0.5377365004958687,0.42136089044655156,0.4658405522047791,25.45626160733437,1528.6670678813523,-10.655295623277581,197.95889974759996,9.055954610328339,162.25132712868327,217.2958068346702
kefrin,jury,2023-05,8,8,109,0.1333249764018803,460.61811519569585,0.4920471548166896,0.5925297062920878,0.5143434035187109,0.45412796622395835,0.47119968239827237,21.086357188464994,1634.3853821205937,-11.932950436519935,240.15244366834114,1.5514476427650898,194.9553734205131,261.72222792034876
kefrin,jury,2023-06,8,8,133,0.14881450759219184,485.3591313686726,0.4140606181882484,0.547566414746496,0.5417645930773679,0.42229246880595167,0.46221916219908554,22.980391783091207,1423.2235843948042,-11.842234679991343,192.15677945839033,12.178420124272138,156.6326523449326,233.9517282791635
kefrin,jury,2023-07,8,8,174,0.14242347659942567,498.97375298463055,0.3992700054179801,0.5316974543817319,0.5503431194316994,0.41133441000456283,0.4464529351223856,21.112951542904813,1607.7178672082227,-10.969501415241998,173.99592918532338,15.291584210550713,142.67594536434262,185.79471176935306
kefrin,jury,2023-08,8,8,162,0.13960553295236017,497.0105543735895,0.41411034031840116,0.5063734467452599,0.5489699066741598,0.39622838189604603,0.4300920417265439,28.20923367216016,1484.0899582134687,-10.501215310996376,221.7259470774677,13.04850685782674,184.68905173974855,237.02912262786813
kefrin,jury,2023-09,8,8,156,0.1581236432387127,502.0210359394066,0.41335600878262474,0.5779549795959434,0.5153419363236781,0.4453191480761395,0.4881789229627058,29.026601290170007,1618.1884566029446,-9.856979635930562,213.1077468110112,-0.28231730188405535,174.77254567506915,228.49369163343198
kefrin,jury,2023-10,8,8,168,0.16273555450376198,522.0227111923263,0.5120966524857679,0.5648125944907538,0.5180771397033366,0.4369529534590864,0.47551046754397897,24.80733327304793,1673.9820965929282,-8.532573345246526,236.04989573701806,-0.4856035863825946,195.47029700291952,262.5350168986751
kefrin,jury,2023-11,8,8,122,0.1347485445546509,470.07696723541545,0.4246721762341477,0.5775315903945335,0.5204373770894049,0.44406069866993253,0.46962757588563736,22.378646916267705,2008.8520942816988,-8.736081363026528,195.60475734625115,4.118483576998797,159.77198514524653,212.4113565977623
kefrin,jury,2023-12,8,8,125,0.1363191748890323,481.71356556316294,0.41892736104109607,0.5661689863753359,0.5182569572876364,0.4377298492050967,0.4621604736811708,23.278062513929523,1244.9647016808224,-14.982237904119483,195.0470319157045,5.456426076230964,160.20046838561774,204.89743366746205
kefrin,jury,2024-01,8,8,160,0.13635951200921984,459.18477975801244,0.43032956225468894,0.5526025956450132,0.5374013328114783,0.42607220172226856,0.4514494087176968,20.386954068183798,1758.549320205933,-12.51603027560555,196.48615471326687,11.92281309356538,159.9727833685282,226.26310749777662
kefrin,jury,2024-02,8,8,108,0.1412731442057868,467.48798675700414,0.4523956744613555,0.51888686823699,0.5377900429202407,0.4056807625453863,0.43755107777434465,26.684009254791242,2115.475162604899,-13.54212391628365,210.413588308084,11.758194316092922,175.33574620154963,202.9221874822187
kefrin,jury,2024-03,8,8,136,0.1505354155872643,510.6116720071586,0.3993619363396593,0.5735097287897325,0.5111284765677555,0.4435026300401778,0.4650994301394738,21.850487786788847,2412.895667967193,-12.427046525510393,290.00038004886864,1.1605200919370398,240.31390655091298,278.4883522456993
kefrin,jury,2024-04,8,8,165,0.11915051440749161,490.07135428881963,0.4779322192633352,0.5386493222829464,0.5410677306340834,0.4170901607259301,0.43168042054861316,21.77905041932567,1776.3927593574751,-14.497537459644319,244.9688264017835,17.407295833985486,201.1061360207829,271.14615505576086
kefrin,jury,2024-05,8,8,81,0.13515686560292947,478.47329084226476,0.466564022593745,0.5289972280981381,0.5305899748174872,0.41305944463076527,0.4414786552989135,18.11465750622464,2572.9998156142083,-12.878238632138366,176.9927793233792,12.188536685573183,146.3273315981575,196.67277326346678
kefrin,jury,2024-06,8,8,82,0.13590868644761492,500.6258731854734,0.411030378587444,0.5367454388470589,0.5368830582019957,0.4166729807128982,0.4427555427332898,21.82551967309411,2024.9260442169334,-12.903732813492551,289.9445482664531,17.183749709540304,238.68959123318496,271.8182684931709
kefrin,jury,2024-07,8,8,149,0.13034451814140574,536.4793711404617,0.3962337535581383,0.5921709049728461,0.5194687239765503,0.4528636013714545,0.475303632941968,17.854692182100095,1793.0855013519265,-14.97987419675659,306.16649334412443,3.326711314515439,249.1868690461335,314.2239045933296
kefrin,jury,2024-08,8,8,135,0.14333605107107472,545.5538425247203,0.3825758448713636,0.5692754185335074,0.5021926161941215,0.44271067388135693,0.4549843752849162,22.246187069584558,1976.470088984905,-12.852418307522067,249.10478107415605,0.48480018998669117,205.88246374889542,219.57512607840007
kefrin,jury,2024-09,8,8,157,0.12523752005840477,486.63590110537405,0.40538617246247033,0.5528028389509028,0.541837597823007,0.4253869554444477,0.4532081166795195,22.234781634721294,1350.4319035046858,-10.926699702395489,256.17889722196617,12.729612550697324,209.5421132864577,300.3747783120576
kefrin,jury,2024-10,8,8,174,0.1420592253576026,537.3378950216623,0.40880796934828645,0.5665583788280284,0.5162458345927554,0.43834866850808696,0.4644945068577896,19.784059277646513,1426.5857856425675,-12.525280917858487,217.16302688510524,-0.8132216406023709,178.9527394182276,239.5420156383646
kefrin,jury,2024-11,8,8,166,0.13776871517323538,494.2154997786841,0.4784406100940656,0.48664630571575196,0.5436284536968006,0.3848360813805404,0.42355671696820346,25.996254512292627,1912.309093923235,-11.374699552615246,177.71473783415388,9.304369221013587,149.39665605906404,174.14696052530093
kefrin,jury,2024-12,8,8,82,0.1358554839978794,485.6069359055153,0.4587576648957004,0.5259029035258531,0.5287106572855731,0.411488369165601,0.4322000785056288,19.14469038766612,2085.014559798879,-20.71582320108753,270.9410231022533,8.951549449145825,227.72423058451395,228.12659211654378
kefrin,jury,2023-01,10,10,85,0.12975086607416436,362.6959910345716,0.4264261414513077,0.48369816593859294,0.5263553670342798,0.38554062977122044,0.4161804763947885,26.44974230220888,1269.0382624951858,-10.102469666945465,254.40723298399203,10.371309439991418,212.7082937491401,237.46642642105647
kefrin,jury,2023-02,10,10,125,0.13130472990313727,361.8007802202735,0.43443991361921674,0.47685397533815194,0.5365509310589898,0.3797042069949159,0.42153788845763435,31.89485496169986,1619.2504169950005,-11.585046602940094,220.45556143784626,9.867339756362837,183.2563355438772,236.73356696201657
kefrin,jury,2023-03,10,10,84,0.12387160450701913,377.6970057156781,0.4243781890855486,0.521197864488306,0.5160544259882914,0.41072627130196027,0.4432735656083234,18.481806059005642,1777.6101964062157,-14.391568725722323,271.6169855464745,12.619777424290584,224.2229002662606,233.83417398085112
kefrin,jury,2023-04,10,10,90,0.14030254863187028,407.61717484548063,0.40098783255724907,0.4936391824299392,0.5267936380695676,0.39176283242790566,0.44310129814667504,18.16130471550575,2156.5137228024764,-10.747596729899778,188.76235728230307,10.170804705997025,156.1063021394815,212.79838052995973
kefrin,jury,2023-05,10,10,75,0.14349031263010173,410.35174827289205,0.42856702829184457,0.4982967281268455,0.5308261466157261,0.3940634308640054,0.43804227878768165,21.99172164806692,2026.7744658753056,-16.63730285719779,226.92533196197093,15.812737717549803,187.30832563837265,217.14229922654528
kefrin,jury,2023-06,10,10,82,0.12388226913668693,417.812364811777,0.38167788847112777,0.5457800877083209,0.5100215929084009,0.4269378311264731,0.4662214258333279,16.319054138613424,1636.6342372494062,-12.807833091468549,265.77885762365355,8.30860895393415,218.43278947169108,243.1246916000584
kefrin,jury,2023-07,10,10,74,0.1255759185670718,425.4666095679501,0.43264783216564734,0.5558362516924928,0.5109876539890791,0.4328856927156119,0.47815119659906163,14.674009808700868,1749.627826898957,-13.701288129636136,295.5396472991158,9.685700376396268,241.8154082515905,257.6140182324889
kefrin,jury,2023-08,10,10,80,0.12451203115144477,421.45981766882693,0.3827300713580964,0.5537820884759939,0.5141532760709244,0.4310497718576313,0.47504900939416916,18.53903163674411,2168.112769745942,-10.311446074845277,270.20886417828746,12.739225731620946,219.88495762969362,253.64477979829226
kefrin,jury,2023-09,10,10,124,0.12757486815722605,418.9843013113177,0.37813366246824903,0.5217896565525617,0.5202498116969625,0.41038590144054277,0.46025133574782656,18.513933863375048,1455.6323293327107,-14.27761506587401,186.76398435545005,6.164378796285642,154.16712968912685,216.24695957449953
kefrin,jury,2023-10,10,10,77,0.14059734533043503,432.38962874909714,0.38495897882796776,0.5196993482582908,0.5125618048425963,0.4103824715194426,0.4473175206273138,19.775341510815533,2393.8060335078126,-14.644513027937899,215.54332268017973,8.113188269185267,178.5327190913589,210.01296069800142
kefrin,jury,2023-11,10,10,116,0.1296640854539791,429.43300040045807,0.3902501611644136,0.5020727499215185,0.5150985374302989,0.3989083050585172,0.45834045739820645,20.1265023456616,1393.808883686234,-16.902952462245114,172.48182386395678,-0.20503873483503549,144.55302803038907,196.73025616006373
kefrin,jury,2023-12,10,10,119,0.1336467994328766,438.2602465704809,0.37311180442385783,0.558045290549806,0.4911935095009176,0.4379889241119859,0.46998482475757325,21.812433823901532,2028.7689707036814,-10.481741141525594,268.61121973812175,-4.918949353997829,222.97396551586675,242.63474222808878
kefrin,jury,2024-01,10,10,82,0.13424010220470278,396.8608195579555,0.42255477740210584,0.5345642457836195,0.5056376822153543,0.4208187059613881,0.4632286889066817,22.522172624619692,1830.5509062321487,-11.174636638548415,245.80046547214815,8.34217478049064,202.0023950623288,252.80223341558056
kefrin,jury,2024-02,10,10,82,0.12729982810294743,414.73259512343645,0.4066005919230069,0.537749214196954,0.513172711724753,0.4214473520558533,0.45828815937167083,20.901132813682175,2049.6775769490837,-13.18064901986384,211.4004974669991,8.282559259411025,173.91139545372107,201.17455954114033
kefrin,jury,2024-03,10,10,83,0.12680499152978666,432.58043708395064,0.3972423343373779,0.5370342524417434,0.49528413201287036,0.42420285078863446,0.46102047578166033,18.1535740453744,2645.8117094954127,-11.248947669742416,379.70619223562954,0.06501674476515458,315.89001921923574,298.32779945600976
kefrin,jury,2024-04,10,10,92,0.11269241751144442,419.6283902981633,0.4310095905339877,0.5243580148978888,0.5093797789435934,0.41382614109239324,0.44306578497459215,15.265631148385946,1188.659823768167,-12.284288023955712,174.79567969069504,4.413443836151277,144.941499937983,215.01607576426957
kefrin,jury,2024-05,10,10,95,0.13282012880936575,448.3089734531746,0.4199635182314757,0.5239664715432898,0.504191301524195,0.4144716308100838,0.4619824705695543,16.091822877855233,1987.7331376111226,-10.966654858830614,252.95693951828858,0.3530455963659773,210.1534652135454,280.7836360294839
kefrin,jury,2024-06,10,10,61,0.13186511812765525,470.69826070885455,0.35331844081041386,0.5783225415071913,0.476147041445852,0.45345593683236673,0.46916737934700287,19.607518737906723,2647.47346582402,-11.294111113461794,228.61603878045153,-2.7541046653567425,190.11135579955098,189.93366238772123
kefrin,jury,2024-07,10,10,108,0.13964437348509046,489.28213267301817,0.3444969301261166,0.5599260312629959,0.4859117346680966,0.44016759586105214,0.46317271412166283,25.827255320599033,2690.9889674251035,-14.783993550581616,269.24880784161314,-7.66967279713077,223.14387032876584,256.2191195406324
kefrin,jury,2024-08,10,10,108,0.11895239813713557,467.8636913451685,0.3536411314158652,0.5733733803064018,0.4891304469284322,0.4477889960489662,0.47679766283907066,18.08947137417642,1725.9163497258808,-10.448056933579853,290.80578196533065,-8.936260511667138,239.61088407937655,287.0397876913787
kefrin,jury,2024-09,10,10,67,0.13974311330497977,454.1927035633265,0.37931856867186275,0.5196053325395401,0.49611281663948564,0.4131121093876766,0.46062481738254785,14.989576099365712,1883.536047227658,-13.675869499952475,233.7984393438586,1.4568389956200725,194.39194658147753,232.73966952260068
kefrin,jury,2024-10,10,10,106,0.14311179251090755,469.8029412557966,0.3645997868815319,0.5631980643186447,0.4814987523864823,0.4430516796416189,0.4756215934138204,27.403792281605767,1960.8179953705567,-9.322340559233016,255.94147351079675,-0.9734366469019005,211.1502149742157,304.50078158393035
kefrin,jury,2024-11,10,10,89,0.11533293694587891,430.6084429428656,0.36995821668344997,0.4894498716250369,0.5047069881140556,0.39249284634613724,0.4346741464615919,17.858777087709086,1869.3939037601917,-12.111389417729765,165.20512269667643,-0.07331961021279512,139.0897257704478,190.11407783972652
kefrin,jury,2024-12,10,10,79,0.1294307623203159,450.2387855775017,0.3669765394204274,0.5229460446058897,0.4950935843194624,0.41539680722061834,0.442185829225892,22.634492566894313,2544.0804725993316,-17.869739962034753,348.2340255176431,-0.936469457077944,291.9929454015803,287.2740900605213
canus,jury,2023-01,7,7,239,0.13507586193876225,436.53296462396787,0.49181129832113857,0.5162357657002153,0.5618403808974801,0.40016970454435624,0.3940971949311941,21.565088040538935,1189.1705798340545,-15.240290440842728,214.6126579099724,25.80328405693625,178.19836690028097,224.51670437841952
canus,jury,2023-02,7,7,136,0.16483948119886874,431.33485700139187,0.4887460317421577,0.4392337380200161,0.5488488546939229,0.35391452505922927,0.3471641156533776,25.785711514183433,1337.0444522168948,-9.700645170908512,149.53183030059074,15.275875315934927,128.63652286706787,172.83660164196408
canus,jury,2023-03,7,7,185,0.150385109042476,437.645703461786,0.5744100959795357,0.46066673293907684,0.5564009769916758,0.36668079170618545,0.35830643195842343,32.12187198125843,1598.600166477744,-10.28402348899278,183.1375092679999,16.63269466576836,156.27897061462676,224.5156144365311
canus,jury,2023-04,7,7,139,0.13485935754528566,450.3951069570901,0.518790939661248,0.47266044648564637,0.5575988441302576,0.3740719453646215,0.36886994379625093,20.655356132117937,1788.496575744393,-7.740219960344314,142.55884486561123,23.454557476191113,119.297849409489,149.464724408932
canus,jury,2023-05,7,7,216,0.1452952791736641,459.79697707945144,0.5508663933512155,0.4558452648878151,0.5636454475048741,0.36266411994557757,0.357270364191317,28.075748020523484,1500.1828987490294,-8.741620436564368,167.44369661958245,26.22595166860665,142.48169688713028,174.77544483562386
canus,jury,2023-06,7,7,151,0.13612065063887585,477.6644765742798,0.6024459206149031,0.4876716493843312,0.5604009923185337,0.3830007361896734,0.39125261982070003,31.17612940423441,1934.2607942007542,-7.393139853585099,164.81016816666278,24.09292850758704,137.00612812118308,191.6769914129482
canus,jury,2023-07,7,7,149,0.16062744396304085,503.067986152801,0.5438064598693255,0.5183783800805963,0.5587136671074866,0.40196052778054314,0.41051451829210434,20.865828424926164,2324.0707088052773,-8.187567227210925,205.56628962355498,19.117854917561125,169.8956786954842,205.86675928938791
canus,jury,2023-08,7,7,147,0.1605581786928227,496.4806536915095,0.5978743682871639,0.5125041745894936,0.55772440153329,0.39857660003814177,0.4046712547459531,28.705894619946097,2768.236915804706,-6.89681985908332,189.52280539409114,16.16564046070821,157.88264221616518,190.31371482909893
canus,jury,2023-09,7,7,167,0.16604690664045346,489.4474291948311,0.6941920257504415,0.4935886005577718,0.5605572986230685,0.38661746587413565,0.400386788386416,26.99781136082229,1760.0035785670502,-9.14709964478785,164.0736753393118,13.852332978799897,136.11197752826516,172.9494654688803
canus,jury,2023-10,7,7,171,0.1446810014057869,520.336575353722,0.48130869930565967,0.5133671140155636,0.5701870136436705,0.3971231169367722,0.4052126975939102,29.1302520766432,1779.0567285704162,-9.851550676463141,184.08213447649342,21.51261239766146,150.96076135454055,202.94789419493438
canus,jury,2023-11,7,7,163,0.1596205912490618,481.3158470495147,0.8800921066416538,0.49694621639943465,0.563166604380431,0.3882806340324261,0.39811359514367733,29.875398572780828,1664.540741421751,-5.304209144182173,183.2366549340425,18.241782261856116,153.53655384347073,189.91967784801943
canus,jury,2023-12,7,7,119,0.15618018427828706,476.71204633228274,0.5648244908409341,0.46528892991741183,0.5595254849085769,0.3691770121730788,0.3733450184955262,18.120865593645128,1739.0186824685197,-13.065793746259732,143.01940851651315,26.724743955718687,120.98680644370444,148.9006143589192
canus,jury,2024-01,7,7,116,0.17138407409814538,488.5941841406025,0.627484717245639,0.4864914460124711,0.5534838401668836,0.3832859072638803,0.3871498953490025,28.217075317324678,1577.0186004291406,-11.854735207498509,220.35649631669165,16.08640278356257,186.10987235554109,231.65201737495448
canus,jury,2024-02,7,7,146,0.169645748630503,482.8264918693407,0.6212545421849162,0.46155210548230097,0.550457844989889,0.3680448093394536,0.36694024857351076,35.64328315908802,2005.313060319076,-9.476927038676193,205.44572755209765,16.506183507570018,175.38848292989326,250.4939315843384
canus,jury,2024-03,7,7,142,0.16892848741479516,507.26479514815446,0.48793531743288077,0.4493790147570227,0.553848457446328,0.3598233468872259,0.36013791239745674,20.502941557004586,1652.7129142611982,-9.514504067458681,161.8417465851959,13.558967529177817,137.43386162447237,184.636876625109
canus,jury,2024-04,7,7,126,0.15858793805456003,505.79218228146954,0.5305397719438626,0.46161228605433097,0.5406679697114201,0.3694142542152653,0.3656245292241168,26.502960177654433,2040.0847703129132,-14.82005437209648,160.80184814643758,8.464803350466324,137.7194555691079,169.95562825334886
canus,jury,2024-05,7,7,125,0.15730384366561886,488.57398246409593,0.5223289682693595,0.4851715276191965,0.5567380376702028,0.3819907031352509,0.37810755056630974,24.251444298354745,1571.523619967283,-10.943558784859432,193.1577381254519,18.318302214125094,163.11089723648007,190.12707639197552
canus,jury,2024-06,7,7,131,0.1552048948677759,527.0653158713544,0.509733056664563,0.48082861124763954,0.5619011841909114,0.3785520993025844,0.37679248996796916,23.25282358423692,2002.6546197510188,-16.088101867258803,167.56076476416766,17.44510496481687,141.08959001886882,188.04824105806094
canus,jury,2024-07,7,7,120,0.1502280111112507,522.9563911055537,0.5813807877363195,0.5151421583416258,0.5596627422317455,0.3998601334878497,0.4059953545935266,25.134069957913155,1731.1689719367916,-13.59972216899395,198.90925454798423,15.526079926647899,164.2631078729743,212.6374717348393
canus,jury,2024-08,7,7,116,0.14726105057871552,508.17810986730285,0.4128273456045591,0.43532232925461173,0.5561227042192494,0.35047493110149563,0.3507191106028394,20.705732027418165,1751.0487327177245,-10.380025336403342,159.93728317544313,19.73197819795163,135.82319126911318,196.28449924629166
canus,jury,2024-09,7,7,123,0.16946519363638474,510.40487274785613,0.4809515094502264,0.43683782042540537,0.548480728477957,0.35240306005250566,0.3621258529672994,31.845031892452962,2808.716083714296,-8.430657130729225,154.97141306386519,14.88246432292618,132.62589342845553,164.1356317273431
canus,jury,2024-10,7,7,121,0.16126423068198079,517.8024751942891,0.5147615686052205,0.4560784956516609,0.5442333583341178,0.3653851126830291,0.36961496291366397,29.207942751982877,1476.3904579158761,-12.520239163040847,190.0539962902121,13.780345689068513,160.03955541563397,226.59017819703774
canus,jury,2024-11,7,7,133,0.1699326574639569,521.7324774728121,0.4710616054716021,0.4371912901657505,0.5474750290366818,0.35275816076445937,0.35741844697127956,19.09761611373679,1816.759760076365,-14.617285885528931,151.84366883595519,14.784858209403927,129.6695487251423,173.21424884210148
canus,jury,2024-12,7,7,144,0.1538880054494796,489.6914431396611,0.5111185407952785,0.44140395073162697,0.5518567486983582,0.3549428106501441,0.358610108291819,37.750551512343144,2454.0708684768683,-12.792590857093257,148.59067029604478,17.59214055400662,127.65796566177859,166.39676621301115
canus,jury,2023-01,8,8,101,0.11659544826021881,394.08079233389117,0.4709522361798375,0.49347026196421,0.5516779992457901,0.387876145281129,0.38802089582818744,14.115059030954495,1731.7104440901262,-12.397179138622944,204.80587758008411,20.695105160517386,169.46604955413636,221.1444699198346
canus,jury,2023-02,8,8,145,0.13591047338139636,410.49632112212447,0.4545356028541393,0.45644757405487446,0.5381482638948074,0.36643722724710487,0.37682798510763643,23.111787875319216,1723.2247167418554,-11.308910001505529,175.13308834442245,14.023667401036294,148.2970692565212,187.64245265378523
canus,jury,2023-03,8,8,164,0.13084877516628607,417.45732974031205,0.5961043565894069,0.4716551925070228,0.5475876870231886,0.3748434174969168,0.3897569656386458,18.183515852712194,1876.7126491424508,-9.554338655852394,162.26106571441184,17.346267411202437,136.5429863375491,178.53062703981018
canus,jury,2023-04,8,8,156,0.12446240288812632,442.8211850380325,0.4352549480918747,0.4869182898987212,0.5502631704305099,0.38402519088040893,0.39956597777559744,20.128293802637252,2105.324114137566,-10.798344542183411,165.76967350253076,23.64053167786164,137.11158201294535,166.1970288817274
canus,jury,2023-05,8,8,156,0.12748049129507022,450.0411095032012,0.5003917673891122,0.4853648604324069,0.5510831617018208,0.3829379858416488,0.40200599463120035,22.29113710609235,1899.8822315415114,-11.78333944314493,188.06724111123248,23.923716095559808,157.389590681772,205.6507495805669
canus,jury,2023-06,8,8,140,0.1278067595621237,471.7214128748017,0.5528035157014825,0.4915269106307035,0.5465141750082583,0.3874481102628751,0.4236039808208185,25.82861086086833,2493.4922723382947,-11.039759285782067,189.35954975802923,19.149213488353897,157.56580125315688,214.8121638196166
canus,jury,2023-07,8,8,144,0.14744705748768916,494.03678329123755,0.48777578190447834,0.5271180487268825,0.5535492984583689,0.4080537486058886,0.44199639915763567,24.28205689128281,2325.7545406767013,-10.290897905182025,220.288327635372,18.46252893725791,180.26313232047693,212.60643822031702
canus,jury,2023-08,8,8,148,0.12644022970921695,463.80638528830866,0.43903651673468597,0.5280736696593027,0.5528097990208365,0.40874969995482374,0.43677492715509125,22.76643837824365,2196.0119449822437,-9.295181398509609,213.5249842664507,15.19951026950418,175.93243144665502,219.48224929929626
canus,jury,2023-09,8,8,162,0.128212856524844,463.1265717105687,0.4303821744661729,0.506281841085781,0.5552645653725465,0.395186786773263,0.43064491446214676,19.642436081370885,1416.812122920275,-8.737967309420286,179.22404980776906,13.432192781431809,148.46745462128936,201.4630150252401
canus,jury,2023-10,8,8,114,0.13390665457932927,470.52511412180155,0.5659292079312049,0.5059096205291664,0.5471562220347573,0.39622887343180424,0.423166660937398,17.433697034522808,1669.1688709396835,-8.036726332689351,192.28721251632803,14.32390744248939,159.07292512579284,208.52979158850397
canus,jury,2023-11,8,8,135,0.13245865446200436,459.466396165369,0.6100864985950013,0.4958959311166138,0.5543923200562224,0.38896211738824027,0.41683785717071226,18.341436394930852,1588.821131783847,-8.431190631452012,187.97476771831057,17.303202119033866,156.28236549475463,197.1587170351795
canus,jury,2023-12,8,8,115,0.10863965653003892,439.4367579680392,0.45619645915315343,0.48538664510209506,0.5556682308365554,0.38228031562032583,0.41486995665550463,13.102580777165045,1500.075692355495,-10.88962160437729,196.74488398468637,21.949333757865606,164.53332480971213,199.61552576701496
canus,jury,2024-01,8,8,112,0.13737863056861785,452.5890842465699,0.48408971776592136,0.4658065635272815,0.5416898816886743,0.37195409991103673,0.3932252750349558,16.197962651554313,1850.7403461054498,-12.627935701971603,230.95880405690468,18.092327444832872,193.11597107792556,249.2208256850259
canus,jury,2024-02,8,8,130,0.13869511634672105,454.96339572195814,0.5068015854888634,0.46914082440727917,0.545289618604109,0.3735740098584219,0.3881999970248675,19.89133511296132,1689.6813078344223,-10.574775125482017,186.8490627983826,16.988546733685183,157.93786310465694,215.65816599859738
canus,jury,2024-03,8,8,141,0.1332716744861986,479.3929806452299,0.4538090845194954,0.46872159378993683,0.5461864329875331,0.3731831967014472,0.3939556402868382,18.431635066881437,1665.3213109295402,-12.360907154910858,179.6748905550154,14.105998832153318,151.41059001371187,201.30510641246818
canus,jury,2024-04,8,8,122,0.13336630741013794,491.84512404574053,0.432119310303012,0.4862088908619845,0.5367677680458627,0.38557979078751764,0.4054768439676494,23.903219859207127,1757.9280872519064,-12.348859011656485,240.34554395067752,9.859885875393962,203.2363925830662,238.27175506990616
canus,jury,2024-05,8,8,118,0.13683182871158064,475.2937236590331,0.4568101644262984,0.4776066284321459,0.5460671820912084,0.37881076979869766,0.40537167539437047,16.171572070239332,1516.2076951195095,-15.543017530672225,214.9673719422474,12.234808143524667,179.44761915978424,235.80851195038795
canus,jury,2024-06,8,8,132,0.13777511981207022,518.8010465320652,0.4285915472082481,0.5033291853833558,0.5560774734541146,0.3932597151632578,0.41782755139421773,19.510398983351024,1868.8577334231738,-14.331921948535246,200.88344499006746,20.605408100423727,166.31087737599475,240.9258496302807
canus,jury,2024-07,8,8,127,0.1280025595500042,497.99171809219894,0.4772666738679259,0.5033022089817982,0.5521101867413607,0.3938577078918115,0.4267762250303482,14.26311520817078,1824.3019412590293,-11.346987802823776,252.36493849777995,14.30337291099321,209.00282014687346,288.09570751175494
canus,jury,2024-08,8,8,117,0.12115443292065149,484.0909308462955,0.4078965152821404,0.4446685680756579,0.548470548543564,0.35748291346147815,0.37287199948547173,15.095830074347445,1790.1147523207335,-14.967460817299576,168.25822600193993,21.589954047336573,142.78727750431537,209.63954554454372
canus,jury,2024-09,8,8,120,0.13100940853507564,481.51491587160405,0.44367246597919024,0.4501031853007529,0.5448602626729375,0.3614580146100939,0.38641575241782894,21.537444992131544,2463.551374202523,-9.558919276639402,148.0704322561484,16.970409430819608,125.27787360315726,186.42920610480502
canus,jury,2024-10,8,8,115,0.12969415088635303,490.475137846039,0.3991514086503707,0.4575288234935567,0.5396270840415139,0.36693454037148554,0.38879904954376077,18.644480888302216,1526.8308805630277,-11.63985407594076,230.85116146823893,15.151910652445656,195.96286110664744,255.1260723770463
canus,jury,2024-11,8,8,129,0.13305481531808627,489.54216843637386,0.4751771114238017,0.44780819427827334,0.5438916810054528,0.3601020455831676,0.3833434137654136,15.496229161586871,1845.6065285278974,-19.17614911733434,147.56622928935644,16.65552239753054,124.87150500458452,158.68289888311872
canus,jury,2024-12,8,8,142,0.11096149634999296,457.3026385110011,0.4842819084778809,0.4634095642752212,0.5494250009013023,0.3693657849168964,0.40412743679177254,24.54926926689558,2607.593139941836,-18.002763971934737,193.06610420652515,19.46923002061524,163.9475013313833,234.23449160260623
canus,jury,2023-01,9,9,95,0.10589311024225238,357.7276262677128,0.46094242694018644,0.4596955054151642,0.552148109066003,0.36663596363609624,0.3782227491922721,12.089879035753553,1394.438800455404,-8.471699999245077,170.48570868777875,18.09061963094958,142.71953157609062,184.46310626439447
canus,jury,2023-02,9,9,127,0.13258135384869313,378.93112884980883,0.4431243179317934,0.44267761205574674,0.5312529414627499,0.35839297915849105,0.3832193280653162,22.81070326196963,1689.5898620680352,-12.313438380861573,187.38674872511635,10.026932699390121,158.752274128515,203.98037040654486
canus,jury,2023-03,9,9,152,0.11412503095565861,370.12107467662577,0.4444570982815756,0.4595085786761685,0.538349052747599,0.36838016420640685,0.39699423905649894,19.00631772280528,2590.0536189111276,-12.465169019695994,190.94910433181548,14.546724009858966,161.1714995362657,200.32336252742888
canus,jury,2023-04,9,9,116,0.12406492810659925,402.27568623779007,0.42395626398966374,0.4594163957537558,0.5425299775740382,0.3677546028774698,0.39921026365255907,16.854019353414813,1669.1654486766695,-10.671967244814315,157.48935867302174,18.495017517835088,131.93001467344104,172.86577224037546
canus,jury,2023-05,9,9,132,0.1346354464231164,412.47499420645624,0.4304539142840174,0.4855960300671483,0.5474760309833752,0.3836119532568202,0.42138766483519735,21.283827813532678,1548.2297380563377,-12.831926390526153,176.19490280381783,20.261960501544994,146.10612291783397,203.7711816784454
canus,jury,2023-06,9,9,134,0.126790615423211,445.17661861341486,0.442679495598887,0.4522078966177367,0.5419193302303873,0.36320163189753607,0.40439886815200976,25.37041694215188,1548.9215210272787,-10.2672372091236,207.69282340323915,17.92203029489624,174.98581749116605,230.12381604250947
canus,jury,2023-07,9,9,120,0.14549654331230863,457.32828835590374,0.4232340666167038,0.4835479748247281,0.5465074710960725,0.38247432308724094,0.4261663150977449,18.142532725888614,1950.5439377099697,-9.951351887330468,206.21283473354134,17.551054623948875,170.72063417365544,223.33439383539744
canus,jury,2023-08,9,9,129,0.12224131226373407,424.95387755328613,0.4261006518649626,0.4780144607822958,0.5521264552313769,0.3781986086502782,0.41119883866429835,21.9189164828742,1934.8506957143218,-9.163868147525813,195.48738412381337,21.34958509835674,162.78560238559626,216.51039290963354
canus,jury,2023-09,9,9,122,0.13055889522100084,428.7917606171361,0.4463809850356654,0.4797141615704665,0.5455703157475484,0.38020717395157877,0.42337467445394994,18.91999185099283,1688.9524687280546,-11.15360410039917,178.90247935148915,14.344799318174838,149.9466184554701,207.21119964727833
canus,jury,2023-10,9,9,106,0.1202234187427635,435.3921059208142,0.4063686645611625,0.47665582979080184,0.5409098899214183,0.37895156230860577,0.4181700724276156,18.330553568500846,1711.161481763817,-13.0911214827283,228.32498764304788,13.769611087808771,190.88280546367633,236.2486259546506
canus,jury,2023-11,9,9,133,0.12167949145969267,418.1181949138234,0.4427099330477319,0.4465371966644842,0.5439997142880111,0.35926575736231864,0.3982346261117529,14.965031809856182,1707.7454373645653,-10.425780672883073,151.55146964302995,13.021478673074036,127.93499224335973,163.29391834580662
canus,jury,2023-12,9,9,106,0.11039591846989026,408.992965036666,0.4002360523161803,0.44040161578247417,0.5446631545077432,0.35519967928382534,0.39980737321513754,15.678356708147163,1785.3005827842599,-11.14013203162143,193.63221225904505,19.907025278966838,163.9515968071918,201.42000141339642
canus,jury,2024-01,9,9,112,0.13078129908477848,415.806434141536,0.4405914492391255,0.4567612252023966,0.5444786132484132,0.36579036241641666,0.4006381790179172,17.829353015858704,1502.7373476528805,-13.030920824705017,272.3785724275657,18.07070768360322,228.85033639237838,285.2577884337591
canus,jury,2024-02,9,9,101,0.12436194807512409,412.71455591689363,0.4209778848179635,0.4373119610290884,0.5390695815800061,0.35388625710648186,0.3870415421082887,17.620821756722655,2550.4099964839475,-12.156837958735213,182.1192808924143,20.69931705600263,154.33774358033716,207.90670339907928
canus,jury,2024-03,9,9,88,0.12242141299094643,430.33868780187566,0.40537952584298764,0.4441009988019808,0.5324844473707757,0.35916644120766084,0.4044963498438682,17.583451499963207,2210.2141434091686,-10.888894238964298,184.27265662606905,15.16569047970985,156.05570621939555,222.01020277449769
canus,jury,2024-04,9,9,100,0.12309672932059273,440.7981145534109,0.42831863925332675,0.4602527137597201,0.5263541201729955,0.370497503160662,0.41559353949575334,14.150710237333247,1581.3573047466325,-10.02360409309894,195.12835389194876,11.292744209137595,165.4114583987106,214.91249073676306
canus,jury,2024-05,9,9,112,0.13285968474341717,453.94631060892146,0.42613317253499683,0.4591582348498501,0.542695150697385,0.3675668450205947,0.4094735808561176,15.47544936599675,1547.2913160655673,-16.87681077129095,262.8976307413869,18.002617542265025,219.88160682396327,288.30166638202945
canus,jury,2024-06,9,9,120,0.12742965706330908,482.00778250373827,0.37364840773895003,0.4625196015891273,0.5493960848577729,0.36880409835569133,0.41041005554666593,20.896057028421314,1935.505891916042,-10.48966010892459,234.7939070538674,18.48178170665519,196.4444710791836,325.5493234337461
canus,jury,2024-07,9,9,115,0.11838288689784981,453.29205187863823,0.44731059435332654,0.47221558591939083,0.5516443626769862,0.374627080009235,0.4112285334034488,16.864682169964393,2370.9096020367247,-9.90839677268384,209.9130429617605,17.48284807139841,174.86133143783601,250.3895923972896
canus,jury,2024-08,9,9,113,0.11074239937075302,448.1645312197733,0.3820077525592618,0.4086499489752613,0.5361366565786816,0.33520839782080336,0.3719627224988066,14.087454706195278,1400.5657417614298,-12.30758291970174,162.18158438835428,18.2988570056531,139.15667533954274,206.07707229901285
canus,jury,2024-09,9,9,91,0.11496116563423489,435.6781467384286,0.39334200022196564,0.41315529000416823,0.5301334147071777,0.3389220633061604,0.3730406596868617,20.615505713661406,2230.632604957201,-11.167915311123755,162.03521860046604,15.611945865997022,138.8982690701133,189.52608025964324
canus,jury,2024-10,9,9,82,0.11936887681232693,440.01324769040025,0.39393694480943714,0.42812653437721776,0.5305441609390898,0.34888156435219736,0.3862703102480634,17.557334468219278,1223.304416149744,-12.529503264986662,206.31365998137534,14.882817374520155,177.3574423594351,211.6847591411456
canus,jury,2024-11,9,9,84,0.12058241857221061,443.2069892134981,0.3817140403304475,0.40056522457498556,0.5299675496566649,0.33042123397826834,0.36866915944747847,16.795756391497605,1625.01623753307,-12.83195572099078,163.25934820113264,19.97419188512543,140.29510565521903,171.84879797566086
canus,jury,2024-12,9,9,117,0.11109933558191584,424.04883265637176,0.4531157195076828,0.4271481103107686,0.5417591564940312,0.3468768523107612,0.389722667268608,19.569514811460948,1947.485334142863,-12.09839333463163,208.0857661855651,16.01823522616742,177.88223725681135,263.19476976938444
patterns,jury,2023-01,4,4,18,0.11227108565954257,283.0872454851396,1.5583653056036169,0.42075994843036696,0.5153230700017177,0.34578443920512714,0.2674981330964516,5.512777884509024,960.7927850086321,-2.590793789862433,69.04229157893108,7.697258789254981,63.48100051089899,108.21646320523044
patterns,jury,2023-02,4,4,38,0.09732713121996402,319.893517712819,1.347497630874883,0.45625060328684064,0.535753548988041,0.3666318830709787,0.28651834629371936,7.020544872681553,1201.8088944147837,-5.065883583662838,79.11239161473542,11.756777962156434,70.54465109929396,119.53136556295262
patterns,jury,2023-03,4,4,41,0.1123267717331932,376.89200555215257,1.2089988642046499,0.4818566221432951,0.5431429316744825,0.3819054630452973,0.30000382759915767,14.608700768398304,1023.3530153461289,-10.257716756148723,84.71112418917095,14.782071431987656,75.31972870283127,104.67422645690799
patterns,jury,2023-04,4,4,39,0.1136469665183722,473.10126039645735,2.694599179695202,0.49173764867254577,0.5420755954539782,0.38824694067770615,0.2972255958753116,9.64485989927685,1119.1812528760927,8.137503648379795,125.88313569369707,11.838797020723105,108.47816285567514,137.86863670630905
patterns,jury,2023-05,4,4,47,0.1274411201657577,498.87448475268025,1.6143552945334134,0.52553915235442,0.5537697334528912,0.4070703998020433,0.3190204361233738,12.372815449158939,1533.6748456989774,-4.46762455133772,111.2614234187484,15.835187677094774,96.03462969564052,127.95562055202927
patterns,jury,2023-06,4,4,62,0.12122552553531452,512.0786863577107,1.2724820438334243,0.5287287406849279,0.5612812842172975,0.40772886207665904,0.310834879104003,14.833300754718982,1625.9107014215333,-11.229422159458359,122.05002049886122,17.04670275222044,105.34124661602914,123.68654503568693
patterns,jury,2023-07,4,4,117,0.12318191187291676,525.7373304894213,0.9639020860983079,0.5604138941471873,0.5791648061636262,0.4230905472077766,0.31655900759930305,18.52473431113036,1619.0339578396097,-14.35559413387619,134.34262933027688,16.718985768014115,113.66245877170093,127.31483213888957
patterns,jury,2023-08,4,4,141,0.1262696563677876,499.61159620782445,1.4778303984974368,0.5453922213768255,0.5922302470382975,0.4122397132818564,0.3236033712998151,19.96404692752581,1465.1918175196329,-7.4824922544532875,153.9468274143329,19.444588602138623,127.76602236756527,143.27131215073894
patterns,jury,2023-09,4,4,156,0.13000275593141036,500.9736223440247,2.239516695901562,0.5710119359419545,0.6262271889865512,0.4206091649798788,0.3492089439792112,22.935438091017843,1114.9751912814324,5.972981469880772,136.19867171978873,31.573581694235198,111.06741814718717,131.81282450969098
patterns,jury,2023-10,4,4,224,0.153109494267442,558.6462751863785,1.8940616258120078,0.5884197107264542,0.6496056250939144,0.4256998710405083,0.35937046053455524,23.180491857042078,1226.0602020900003,-0.7112929258817692,134.33562228898126,32.99297169693111,106.59241720441744,138.2393578032576
patterns,jury,2023-11,4,4,296,0.18245539097791397,549.9101332682848,1.2322571204509627,0.5981169210817444,0.6461280345672475,0.4313985786414282,0.3555275247154758,25.172121790475625,1079.5605285005192,-15.671898983187454,134.25732023335578,64.57365790434311,108.059887148158,131.59652758292253
patterns,jury,2023-12,4,4,245,0.212270547705479,613.6927209170146,2.012722065050893,0.6102603810066426,0.6499736130064586,0.4369448372452146,0.35030794496873785,30.75574050027302,1689.4700293020842,1.1696208189099448,131.26786028165836,53.38926068240048,103.71837153668784,148.6072721606004
patterns,jury,2024-01,4,4,133,0.1594013162837782,521.9622035326978,2.4384625205137094,0.5557039158868193,0.6267460424799023,0.4121560508801812,0.3423796117940017,30.143564027470266,1382.2704652112755,9.468040072080438,142.59398062000724,29.608370979434103,115.06600287261963,129.49110824073202
patterns,jury,2024-02,4,4,181,0.1778606970200221,552.14080838883,1.3999707559773764,0.5432068129489003,0.6389031077237215,0.4032546552493388,0.33805823278920966,24.94934009573928,1152.320665063855,-12.168567865416387,114.44213682264028,54.92677774990729,92.95360154840583,135.44810365238564
patterns,jury,2024-03,4,4,225,0.18541537499505947,589.051831644103,1.414797109227171,0.5641782214856814,0.644921678461479,0.41366565590286963,0.3396273657178712,25.348332181368477,1198.6105855212875,-11.438794803459013,102.41921898449749,46.22653612611766,82.85268188317339,106.50707009781308
patterns,jury,2024-04,4,4,210,0.1905955723534336,646.1080669108575,1.021103745058058,0.5657528690429017,0.6462310462862876,0.4142867169425911,0.3470855533272149,27.301506016781673,1221.1720631532205,-15.902408818115726,106.41559246369285,42.64681101807106,85.91234815030174,113.80006271478861
patterns,jury,2024-05,4,4,228,0.1823410350175949,648.7703888907837,1.1868025389904564,0.5801144582200407,0.6496871296121842,0.4213214109801702,0.34685067551473037,24.672131310144046,1435.2843581308366,-13.394284843175615,146.86764738197806,41.89441280945441,115.78698356361409,149.98660098339477
patterns,jury,2024-06,4,4,307,0.18207935140232082,709.6538440945311,1.1822408041475319,0.5890733663951145,0.6437417172663903,0.4271089220428209,0.34382614650850646,30.973073543681387,1814.6756748350856,-11.325090027473651,130.05365632937088,46.65370695071986,105.35218732989864,128.40742983548836
patterns,jury,2024-07,4,4,315,0.1672166436031083,656.4842229593371,1.1558887283645118,0.5813317782083249,0.6384941719484388,0.4239655408516927,0.3380157078429341,35.82437123738108,1945.9881548066116,-16.87559884634593,157.23409556386778,44.15281406620475,128.73015100147887,179.01897574011142
patterns,jury,2024-08,4,4,231,0.17329952377361812,620.7589794127218,1.733353521491714,0.5636684813738719,0.5890758329007886,0.42316072243558717,0.3153054894032746,19.956489274180537,1368.002863982583,-5.01116481983846,151.49382722464586,12.946612140165309,127.5620281469626,183.9832038300967
patterns,jury,2024-09,4,4,214,0.17228220214529194,561.3594103335023,3.3948705797585994,0.557055003096683,0.6039978512859487,0.41681381613390195,0.32943632810234436,20.61611514391123,896.5678813013651,27.59249429284941,127.67287829377658,15.54996261588832,108.17334057711902,120.2443894309905
patterns,jury,2024-10,4,4,133,0.18078371810268562,599.9342818667651,1.506536987298823,0.572730495909327,0.5778945273454605,0.4303080694768663,0.3418977715367778,19.447677744137756,1684.108368340817,-6.968609106770245,129.2491668653103,11.371232597994043,110.02161316817904,112.97923661895967
patterns,jury,2024-11,4,4,87,0.20519736689715126,606.7348944095789,1.1050008726645948,0.6209999757142819,0.551129023536826,0.4626555873044024,0.3580809324597115,17.377148048405203,1661.74345975255,-8.909908564859563,126.93126271777449,5.934063121608934,107.08114221154814,106.30402757122476
patterns,jury,2024-12,4,4,80,0.2375633189043723,539.8459174299403,0.9841587344381303,0.5965686267778448,0.5403534413666644,0.4511400597712824,0.32907173921625943,16.611750998466704,1063.7381414483982,-12.383227279356024,113.37181778239534,12.346214155572701,95.73803961491325,102.25068399271493
patterns,jury,2023-01,7,7,18,0.07619153263893717,214.8608802502285,1.1960774654149566,0.2829854194412969,0.3871092268107069,0.2550460741282919,0.2463693089453422,6.019889726048864,1021.854381168212,-2.9240260836523895,55.74539199992063,9.947811346815818,52.13364365731561,99.38952345442837
patterns,jury,2023-02,7,7,38,0.06867346926185902,240.56072086973265,1.0602523519068143,0.30578405908586703,0.43667800498320614,0.2697628489875412,0.26773209090163025,7.482319225233964,1141.093292416506,-4.02561115104515,65.92399636415972,14.05288987202908,60.886212179908064,118.8561445696974
patterns,jury,2023-03,7,7,41,0.08774310738322179,272.54529579662363,0.9887833823159836,0.317315263696956,0.456146853799513,0.2771936070569494,0.2678554907521898,10.555713528256105,720.2123628030989,-4.560148621579208,77.67576943927777,16.763264092340346,71.93505353686383,101.88558828227298
patterns,jury,2023-04,7,7,39,0.07592066804778182,324.3028057420449,0.7636539540256129,0.3167499353281982,0.4526123186539671,0.277033105572828,0.25803379589484277,6.818851005465289,1078.9696829570498,-6.569635089961739,79.12508486208259,4.004809462697489,72.96608305048414,103.1860144030577
patterns,jury,2023-05,7,7,34,0.08165743967883059,345.2657140509604,0.5082612455427375,0.3308777941514867,0.4612837705556823,0.287063679180515,0.2721185718744262,6.530689909580526,1177.081931766294,-8.498127327737517,111.98270329772242,3.642547219555013,103.32748052500249,146.75751825326972
patterns,jury,2023-06,7,7,12,0.08801187329465768,343.4572609779087,0.6522522048203432,0.334837930533843,0.438593107034121,0.2919612060894891,0.274069110804499,4.919878046917195,1410.9453748693545,-7.19382010431124,111.78680932430927,2.601882718539552,103.28469988949074,110.26177034435374
patterns,jury,2023-07,7,7,19,0.08939293889742224,347.18796606475,0.89043231555512,0.3516243671951638,0.44542082373512454,0.30401006323720003,0.27851792521146673,6.063352857746928,1323.3904315177815,-5.048970632054886,100.16487362486833,3.9756081384521607,90.90972176707811,99.14596952666729
patterns,jury,2023-08,7,7,48,0.08649173818058511,331.8186795133277,0.5152241889445528,0.34513141560094784,0.49301081382388673,0.29494541500578175,0.27228396557403206,11.640854704107591,1254.5592530844474,-8.92694978599673,121.40994586542007,7.21875011449375,109.43784911657022,119.61919870263338
patterns,jury,2023-09,7,7,144,0.0848299659245362,341.44735704917167,1.0080494080692368,0.36795276488026707,0.5448197151867774,0.30650778631995323,0.28774508876832716,16.186161756851316,1203.64537333094,-5.311392924541912,88.91579136428119,16.954074139462396,78.63565446064706,117.16583913997798
patterns,jury,2023-10,7,7,144,0.10037341592234328,375.913803401966,0.7621953880114132,0.38574689789733824,0.5488226491651355,0.3183500749624655,0.3011444676404371,15.329040446682962,1056.863869251862,-8.24768118778478,94.55692794629003,15.033996367356064,83.01420595204225,120.35475111835497
patterns,jury,2023-11,7,7,85,0.09093855058768521,358.67259147758057,0.7844870169018268,0.3879173167004171,0.5042395989633202,0.324453207614044,0.3076085932784768,8.273898035518318,1077.6944910590153,-5.837267381771015,108.9343952934567,14.905032717619704,96.34166683084943,125.46117940914671
patterns,jury,2023-12,7,7,59,0.10521984986929657,382.64265277663094,0.9509848636648424,0.39477976390236275,0.4807661479204814,0.3318043734002282,0.31938319386469993,15.899995264501966,1296.7104698313267,-5.939958210544099,112.83507877922652,21.958718005013875,98.99537217945965,140.01782460358208
patterns,jury,2024-01,7,7,101,0.10982366285427325,363.7046730687392,0.6318326389369116,0.36695680988308815,0.5206045137426246,0.30809796774243087,0.2919630171904514,18.74857481934148,1095.482512710194,-9.768478235425624,117.54915877809825,14.815247800728287,104.64753575086684,126.30430977495037
patterns,jury,2024-02,7,7,80,0.10268594522016626,371.0138290031845,0.6610652109260318,0.35923962679142124,0.5042274887192274,0.30414691279055966,0.2850567640836856,12.067462769878059,1024.224370260372,-11.721423359688224,91.81859422184404,16.576189871504297,81.44903095161726,114.05647196395793
patterns,jury,2024-03,7,7,68,0.09920317186148021,380.9599073423042,0.8094150854203161,0.3672132576627583,0.49534054181125586,0.31069855350132225,0.2944311787005549,9.119249763057411,1295.2144599870546,-7.696254613948223,97.01160264751235,13.495958227697118,86.76073015494075,100.45760556355538
patterns,jury,2024-04,7,7,86,0.09793428310775394,397.6976535151941,0.6157691329178226,0.3569870340809486,0.49554538194964415,0.3033274197751656,0.3034514532760164,11.457127526037713,1427.9166356444643,-9.805587283723716,85.50765287343707,14.066480485715376,76.4380812363875,107.8173932597138
patterns,jury,2024-05,7,7,59,0.10262795247576677,395.78450824276183,0.6647407705418249,0.3659051440730322,0.4850815389519062,0.3107490966212122,0.31837162967164884,10.33284339374647,1321.9039155612877,-6.130913763677771,94.18400497542022,13.338217599390404,82.96192247680244,127.78758927344037
patterns,jury,2024-06,7,7,17,0.10457364939060593,411.58523411632206,0.6360837832969716,0.3661166144464784,0.4463006935892787,0.31469590226520555,0.3266636127059351,6.072977447756175,927.4121774700874,-12.386329809474805,98.61738563708184,10.285185004773744,88.74071556852229,129.09321438482354
patterns,jury,2024-07,7,7,17,0.08872721478922313,383.1345602795306,0.6784899515667917,0.35519155788296314,0.44910586676708464,0.3063267411688318,0.3174127218798148,7.906009976766789,1527.8088972129174,-8.775946004360966,82.19062560904287,10.980826156755281,74.66273026105422,147.3747933960913
patterns,jury,2024-08,7,7,12,0.07553567224014972,353.3631795814646,0.7282632572340958,0.3398487112206362,0.40450407405765715,0.29877592813478393,0.2973068346173528,3.716425830295516,1140.3466942715231,-6.045903800991822,93.38304337914447,4.251554678389047,86.16423204753917,153.81300813362438
patterns,jury,2024-09,7,7,54,0.08141100919720852,352.5409930436584,0.6245149130781108,0.3517525133722939,0.4596716432947991,0.3027936151500075,0.2870704201376122,9.932495870527502,912.23184042438,-9.019243149266334,107.38718439493331,6.727760761291421,97.13951896471205,109.88671849857487
patterns,jury,2024-10,7,7,25,0.08797169926823739,358.4427080039491,0.7729772625908864,0.3584418115853037,0.4357456593867345,0.31001996029916995,0.29550622544445304,5.726811451686569,999.8700610226138,-6.791174840260067,113.9730680301218,9.27508750062014,103.4055363421739,107.10591995302198
patterns,jury,2024-11,7,7,6,0.07729194449315382,361.49490479707305,0.7934715430664336,0.3935466490905858,0.4064173323051429,0.33928067930071093,0.30754160341976383,3.1009683991293135,1026.2533141940262,-5.440018443622621,100.18568857572168,8.818244232707613,90.50466316485927,90.23627386165202
patterns,jury,2024-12,7,7,2,0.062195661331998185,304.79087842052616,0.6545037407771638,0.3701009381674619,0.3654367376320276,0.3260087503931523,0.3038407986957692,3.4943050283937356,886.6334943556639,-5.889892373514904,108.91257413123726,10.041329839629915,99.83330234404013,92.25586259185985
patterns,jury,2023-01,8,8,4,0.06838898653907857,185.41005118089726,0.640632241718218,0.2516074550660195,0.3418881390324415,0.23167813053176536,0.24619666039681698,3.424404013377066,850.1436973574513,-5.812010290599066,49.47476592824829,11.507948960698235,47.01727005818039,98.98604845681024
patterns,jury,2023-02,8,8,18,0.05719584643774148,209.66092308392587,0.6670317667947713,0.27245005614977746,0.4038970915143024,0.24544126155171725,0.2668441715482115,5.078092882565786,748.0140350629893,-6.051523629818335,64.28577825396096,17.244557634008395,59.90022939370139,118.84834516689413
patterns,jury,2023-03,8,8,37,0.07170744439626647,239.91383936361265,0.6908467517945662,0.28366646046879235,0.4334648089008319,0.25260615243609424,0.2658704669251222,7.195381161983231,770.1812515415883,-7.9744765350053415,77.06216859542049,16.511646989255365,71.64672562836671,105.56218771333096
patterns,jury,2023-04,8,8,20,0.0645604718990027,282.20565934268257,0.608556991705597,0.2823184612913582,0.42323038448548217,0.252185846098912,0.2550867755154928,4.902995872642127,1099.6282234523076,-8.769631992875189,75.86308686551126,8.710948153268058,70.1449307709936,107.23893013934912
patterns,jury,2023-05,8,8,23,0.06928931992191868,300.97135556457135,0.4890290733692837,0.2922680936251598,0.4322004758940482,0.25948975995591994,0.26802517404057724,6.26702166342409,1120.1997224294475,-8.213247047051727,94.73961773899988,7.702450848180273,88.32265323422243,139.67805039953424
patterns,jury,2023-06,8,8,12,0.07100099851385237,298.234174079249,0.561788063811995,0.29366222744143855,0.4060680941275895,0.2623748501517203,0.2692649145568994,5.24234293437855,1415.2826148396696,-8.500888030873309,118.79578534950318,5.460239389937529,111.37636010702315,106.9759087953432
patterns,jury,2023-07,8,8,19,0.06157561135869727,301.0510761343386,0.5479721747589087,0.30809132894624836,0.4136310322219624,0.2732672118117734,0.27289618328680953,5.210803276480317,1394.8809637134502,-7.563940510148885,97.79236715344481,7.992748173859597,90.12503336755739,97.78804075109672
patterns,jury,2023-08,8,8,33,0.06416782895356711,288.0402701439857,0.48364187750909415,0.30330942909705877,0.46515568812944375,0.2658076611808525,0.2645013976866245,5.552098111170253,917.0196356828498,-8.00320718191939,119.45369994851224,11.585993962075419,109.2545695265119,109.07156167885543
patterns,jury,2023-09,8,8,59,0.06833693576383613,298.9485839760491,0.7182996951287928,0.3254827736103845,0.5254686088742786,0.2779454848732325,0.27705667919812366,11.439106339596957,1086.7022346917286,-6.627385805555394,92.91091805561386,21.464998138559306,83.25375199558958,111.3370447210564
patterns,jury,2023-10,8,8,98,0.08883904124648975,336.2672483838393,0.6058224889989486,0.3466072292008635,0.5445693235520425,0.29157244494129714,0.2902069186581144,13.903873654372964,1142.8584505736678,-9.114037499947022,86.4830524503852,20.653734652693114,76.65423009399183,115.63455749667128
patterns,jury,2023-11,8,8,85,0.08037682326353096,331.9317898856149,0.6945291106810487,0.35313095859960975,0.5140398825156264,0.2988776689943653,0.2915560513647968,8.081217503517315,1155.6498825233928,-6.018809414520312,100.90888438739208,14.112199300595847,89.88643503425857,120.80467719814537
patterns,jury,2023-12,8,8,59,0.0828445169277178,361.45424145534923,0.5385861854131594,0.3689876547179294,0.4951881042830061,0.3119827059223463,0.31417764835752865,14.124791841979171,1480.9669426606636,-10.077640271177682,109.19844540811366,17.32611389182148,96.48811435761472,122.89159745439362
patterns,jury,2024-01,8,8,78,0.09823577847800156,327.82550831052254,0.5434276766828666,0.32912235160692327,0.5147481069926995,0.2814418502957138,0.2843368973219344,10.199164971837908,1039.1507385771106,-11.894806821828425,104.25110429910745,18.229730188313443,93.45641753391,126.0979038880794
patterns,jury,2024-02,8,8,80,0.10034535080775672,352.529870355604,0.6399348324896386,0.3350349120027138,0.5197540407056946,0.28534597656621585,0.28258434258009074,12.767903524973852,1106.0512406114105,-9.519013366680424,101.4821650055605,18.288505142832253,90.23169961930594,122.0606479665071
patterns,jury,2024-03,8,8,68,0.09737477591243428,364.7050724023546,0.5866056256458059,0.34227866075222835,0.5161345089947194,0.2908895763080948,0.2881533215233103,9.747931896963411,1411.096676384982,-10.936088754830184,106.38140719828974,15.195605466908148,95.1034263324159,124.4696702903065
patterns,jury,2024-04,8,8,86,0.09074358417598687,373.60349349298764,0.5291227549086113,0.32959891489226645,0.5117029427925479,0.28203227270088366,0.28910308934939344,11.903697433166675,1418.828798801918,-11.605948050437057,94.91189235157458,14.030145579681827,84.93725991465273,126.84690526872697
patterns,jury,2024-05,8,8,59,0.08420272060761208,366.2344706696649,0.5675256556776386,0.33347814148359384,0.494569064672301,0.2862650304134913,0.2962585112155669,9.95813564558316,1395.9033648233979,-6.605581622658997,96.56206207643358,11.955160142965626,86.00986795300027,120.12951689824298
patterns,jury,2024-06,8,8,17,0.07297434804962834,370.98516667452066,0.6147824802893882,0.33003283076660783,0.4508129695741162,0.2872890769112337,0.2951030069331024,5.30412953909184,993.2597218028724,-8.756675756060076,96.88617191957056,6.9702045919938165,87.69968464418953,133.3211112538955
patterns,jury,2024-07,8,8,17,0.05123043236968492,342.064247686317,0.4666302139061642,0.3192300136886411,0.4575266401037186,0.27854655275810697,0.2801621467911104,6.0468447275389225,1936.4818952499284,-10.433895841170887,87.30051930837224,8.408146200186987,80.1176842685441,183.3904665567284
patterns,jury,2024-08,8,8,12,0.05594625917672437,319.8052667373549,0.621297712027044,0.30563772805977296,0.42160411492406163,0.2707494605467995,0.2604038957339383,3.295930704710864,1162.0948323776704,-6.794141670078106,110.17664995347491,3.8890650441264154,101.79058403292075,174.52416741462542
patterns,jury,2024-09,8,8,54,0.07209732806388144,320.9957023060588,0.5790164057126425,0.3182222397900682,0.4746701394716697,0.2764624258810376,0.26307140392862105,9.903185036712607,933.0940228299265,-10.364032442254713,105.60906817199037,7.825391463955839,95.67427681396317,128.00904627485392
patterns,jury,2024-10,8,8,25,0.0807702008040561,329.57031090868276,0.6532257266130553,0.3235356389320506,0.4478246488697549,0.2825917080317959,0.27081991700460495,5.742444874311147,1057.5864906896377,-7.47182613214575,115.54139594019367,8.863088012283324,105.70367504227264,111.47889069786909
patterns,jury,2024-11,8,8,6,0.0726538601301628,340.0680498397266,0.7279453628320753,0.35639986383028804,0.41557963706727197,0.31042241569553525,0.2785635475825141,3.1329835450087273,907.0137543331002,-5.887190228685834,102.92277709033961,6.545950166945816,93.67328046400826,93.63606032721144
patterns,jury,2024-12,8,8,2,0.04266439090522194,294.48503643462584,0.7350288367545567,0.33785516173879165,0.3754340488084422,0.2998246980607205,0.26042744364643633,3.24837501143768,763.3980272018388,-6.056287436456064,113.64076909831948,7.344840268960195,104.32249023997453,100.94656449949754
